Simbolo;Bloqueada para abrir;Operable;Prestable (ETB);Costo prestamo %;Iliquida;Marca de fraude;Bloqueada overnight;Mercado
SSKN;SI;NO;NO;;;;NO;OTC
DMNIF;SI;NO;NO;;;;NO;OTC
HUDI;SI;NO;NO;;;;SI;NASDAQ
PWM;SI;NO;NO;;;;NO;NASDAQ
MSPRW;SI;NO;NO;;;;NO;OTC
BCOW;SI;NO;NO;;;;NO;OTC
CYTOF;SI;NO;NO;;;;NO;OTC
FTCHQ;SI;NO;NO;;;;NO;OTC
VGFCQ;SI;NO;NO;;;;NO;OTC
MAMO;SI;NO;NO;;;;SI;NASDAQ
YGMZF;SI;NO;NO;;;;NO;OTC
ISUNQ;SI;NO;NO;;;;NO;OTC
YGFGF;SI;NO;NO;;;;NO;OTC
CTSWF;SI;NO;NO;;;;NO;OTC
NVACR;SI;NO;NO;;;;NO;OTC
MCOM;SI;NO;NO;;;;NO;OTC
HLGN;SI;NO;NO;;;;NO;OTC
IMAQR;SI;NO;NO;;;;NO;OTC
NUVOQ;SI;NO;NO;;;;NO;OTC
CYRNQ;SI;NO;NO;;;;NO;OTC
SELXF;SI;NO;NO;;;;NO;OTC
DHAI;SI;NO;NO;;;;NO;OTC
IBAAY;SI;NO;NO;;;;NO;OTC
CMBMF;SI;NO;NO;;;;NO;OTC
PTPI;SI;NO;NO;;;;NO;OTC
MCTA;SI;NO;NO;;;;SI;NASDAQ
LNWO;SI;NO;NO;;;;NO;OTC
MOTS;SI;NO;NO;;;;NO;OTC
AATC;SI;NO;NO;;;;NO;OTC
ISRLF;SI;NO;NO;;;;NO;OTC
NTBLQ;SI;NO;NO;;;;NO;OTC
SCPX;SI;NO;NO;;;;NO;OTC
LQMT;SI;NO;NO;;;;NO;OTC
CRGEQ;SI;NO;NO;;;;NO;OTC
CLVRW;SI;NO;NO;;;;NO;OTC
INFIQ;SI;NO;NO;;;;NO;OTC
ENGCQ;SI;NO;NO;;;;NO;OTC
CLVR;SI;NO;NO;;;;NO;OTC
GMBLZ;SI;NO;NO;;;;NO;OTC
GMBLW;SI;NO;NO;;;;NO;OTC
ULYX;SI;NO;NO;;;;NO;OTC
INND;SI;NO;NO;;;;NO;OTC
ALSWF;SI;NO;NO;;;;NO;OTC
ETAOF;SI;NO;NO;;;;NO;OTC
ALPP;SI;NO;NO;;;;NO;OTC
SEAC;SI;NO;NO;;;;NO;OTC
VWESQ;SI;NO;NO;;;;NO;OTC
VCNX;SI;NO;NO;;;;NO;OTC
GMBLP;SI;NO;NO;;;;NO;OTC
GWHWW;SI;NO;NO;;;;NO;OTC
ACLLY;SI;NO;NO;;;;NO;OTC
DGLY;SI;NO;NO;;;;NO;NASDAQ
IFXY;SI;NO;NO;;;;NO;OTC
PEVM;SI;NO;NO;;;;NO;OTC
OGZPY;SI;NO;NO;;;;NO;OTC
VBIVQ;SI;NO;NO;;;;NO;OTC
MIMOQ;SI;NO;NO;;;;NO;OTC
AILWQ;SI;NO;NO;;;;NO;OTC
NTPIF;SI;NO;NO;;;;NO;OTC
JRJCY;SI;NO;NO;;;;NO;OTC
ELIQQ;SI;NO;NO;;;;NO;OTC
PTIXW;SI;NO;NO;;;;NO;OTC
GVHGF;SI;NO;NO;;;;NO;OTC
BEOLF;SI;NO;NO;;;;NO;OTC
TCGLF;SI;NO;NO;;;;NO;OTC
REEAF;SI;NO;NO;;;;NO;OTC
GLSTU;SI;NO;NO;;;;NO;OTC
NCNWF;SI;NO;NO;;;;NO;OTC
NSTB;SI;NO;NO;;;;NO;OTC
NMTRQ;SI;NO;NO;;;;NO;OTC
CREVF;SI;NO;NO;;;;NO;OTC
RGC;SI;NO;NO;;;;NO;NASDAQ
TTSH;SI;NO;NO;;;;NO;OTC
MCEM;SI;NO;NO;;;;NO;OTC
APCX;SI;NO;NO;;;;NO;OTC
PSEWF;SI;NO;NO;;;;NO;OTC
SCPS;SI;NO;NO;;;;NO;OTC
ALURD;SI;NO;NO;;;;NO;OTC
VAXX;SI;NO;NO;;;;NO;OTC
XONI;SI;NO;NO;;;;NO;OTC
ALLGF;SI;NO;NO;;;;NO;OTC
GLSHQ;SI;NO;NO;;;;NO;OTC
EGOXF;SI;NO;NO;;;;NO;OTC
HOLO;SI;NO;NO;;;;SI;NASDAQ
CREUF;SI;NO;NO;;;;NO;OTC
TBIO;SI;NO;NO;;;;NO;OTC
AIJTY;SI;NO;NO;;;;NO;OTC
ATEKW;SI;NO;NO;;;;NO;OTC
AUMN;SI;NO;NO;;;;NO;OTC
MAXNQ;SI;NO;NO;;;;NO;OTC
IFMK;SI;NO;NO;;;;NO;OTC
KANT;SI;NO;NO;;;;NO;OTC
TCDAQ;SI;NO;NO;;;;NO;OTC
BUKS;SI;NO;NO;;;;NO;OTC
CGBSF;SI;NO;NO;;;;NO;OTC
HMNY;SI;NO;NO;;;;NO;OTC
MMVXF;SI;NO;NO;;;;NO;OTC
CLOE;SI;NO;NO;;;;NO;OTC
ABPWW;SI;NO;NO;;;;NO;OTC
AMPE;SI;NO;NO;;;;NO;OTC
FORLW;SI;NO;NO;;;;NO;OTC
ENDPQ;SI;NO;NO;;;;NO;OTC
HKIT;SI;NO;NO;;;;SI;NASDAQ
NRDE;SI;NO;NO;;;;NO;OTC
LOGC;SI;NO;SI;;;;NO;OTC
CLRRF;SI;NO;NO;;;;NO;OTC
LOVLQ;SI;NO;NO;;;;NO;OTC
ATEK;SI;NO;NO;;;;NO;OTC
SECOY;SI;NO;NO;;;;NO;OTC
ABPO;SI;NO;NO;;;;NO;OTC
FFMGF;SI;NO;NO;;;;NO;OTC
WSTL;SI;NO;SI;;;;NO;OTC
NPPTF;SI;NO;NO;;;;NO;OTC
JGSMY;SI;NO;NO;;;;NO;OTC
ISLWF;SI;NO;NO;;;;NO;OTC
HYREQ;SI;NO;NO;;;;NO;OTC
RVPH;SI;NO;NO;;;;NO;OTC
BTCY;SI;NO;NO;;;;NO;OTC
NXTT;SI;NO;NO;;;;SI;NASDAQ
HLPPY;SI;NO;NO;;;;NO;OTC
JCSE;SI;NO;NO;;;;SI;NASDAQ
CYBL;SI;NO;NO;;;;NO;OTC
FAASF;SI;NO;NO;;;;NO;OTC
ZEVY;SI;NO;NO;;;;NO;OTC
AMBIQ;SI;NO;NO;;;;NO;OTC
CTNT;SI;NO;NO;;;;SI;NASDAQ
PRTYQ;SI;NO;NO;;;;NO;OTC
CPTAF;SI;NO;NO;;;;NO;OTC
PRTCY;SI;NO;NO;;;;NO;OTC
TAIT;SI;NO;NO;;;;NO;OTC
LTRPB;SI;NO;NO;;;;NO;OTC
PRST;SI;NO;NO;;;;NO;OTC
NOVNQ;SI;NO;NO;;;;NO;OTC
ATXI;SI;NO;NO;;;;NO;OTC
NOTVQ;SI;NO;NO;;;;NO;OTC
NOTEW;SI;NO;NO;;;;NO;OTC
FXCOR;SI;NO;NO;;;;NO;OTC
AMRSQ;SI;NO;NO;;;;NO;OTC
SBNYL;SI;NO;NO;;;;NO;OTC
NOTE;SI;NO;NO;;;;NO;OTC
BKSC;SI;NO;NO;;;;NO;OTC
WXXWY;SI;NO;SI;;;;NO;OTC
CYAN;SI;NO;NO;;;;NO;OTC
SBEVW;SI;NO;NO;;;;NO;OTC
PROCF;SI;NO;NO;;;;NO;OTC
SBDS;SI;NO;NO;;;;NO;OTC
CLOER;SI;NO;NO;;;;NO;OTC
GLBZ;SI;NO;NO;;;;NO;OTC
GBNY;SI;NO;NO;;;;NO;OTC
YOTAW;SI;NO;NO;;;;NO;OTC
BMWKY;SI;NO;NO;;;;NO;OTC
MUI;SI;NO;NO;;;;NO;NYSE
EPOBY;SI;NO;NO;;;;NO;OTC
SQBGQ;SI;NO;NO;;;;NO;OTC
FLYYQ;SI;NO;NO;;;;NO;OTC
CYADY;SI;NO;NO;;;;NO;OTC
RVIC;SI;NO;NO;;;;NO;OTC
PRIAF;SI;NO;NO;;;;NO;OTC
KBNT;SI;NO;NO;;;;NO;OTC
HIPOW;SI;NO;NO;;;;NO;OTC
SEELQ;SI;NO;NO;;;;NO;OTC
SONX;SI;NO;NO;;;;NO;OTC
VLDXW;SI;NO;NO;;;;NO;OTC
LSEGY;SI;NO;SI;;;;NO;OTC
SMXWW;SI;NO;NO;;;;SI;NASDAQ
IRRX;SI;NO;NO;;;;NO;OTC
PRETQ;SI;NO;NO;;;;NO;OTC
SISI;SI;NO;NO;;;;NO;OTC
NMHIW;SI;NO;NO;;;;NO;OTC
JPPYY;SI;NO;NO;;;;NO;OTC
FATPQ;SI;NO;NO;;;;NO;OTC
NMHI;SI;NO;NO;;;;NO;OTC
FATAQ;SI;NO;NO;;;;NO;OTC
APXIF;SI;NO;NO;;;;NO;OTC
IZM;SI;NO;NO;;;;SI;NASDAQ
BIOCQ;SI;NO;NO;;;;NO;OTC
SYTTY;SI;NO;NO;;;;NO;OTC
SYRA;SI;NO;NO;;;;NO;OTC
SAFRY;SI;NO;SI;;;;NO;OTC
IDICQ;SI;NO;NO;;;;NO;OTC
MCAGR;SI;NO;NO;;;;NO;OTC
IGTAR;SI;NO;NO;;;;NO;OTC
SALM;SI;NO;NO;;;;NO;OTC
GBGWF;SI;NO;NO;;;;NO;OTC
DPLS;SI;NO;NO;;;;NO;OTC
SYBX;SI;NO;NO;;;;NO;OTC
RNLXY;SI;NO;NO;;;;NO;OTC
UNICY;SI;NO;NO;;;;NO;OTC
BHATF;SI;NO;NO;;;;NO;OTC
JEWL;SI;NO;NO;;;;NO;OTC
FRCB;SI;NO;NO;;;;NO;OTC
BARKW;SI;NO;NO;;;;NO;OTC
NKGNW;SI;NO;NO;;;;NO;OTC
AGACF;SI;NO;NO;;;;NO;OTC
DLAPQ;SI;NO;NO;;;;NO;OTC
PTRAQ;SI;NO;NO;;;;NO;OTC
MHUAF;SI;NO;NO;;;;NO;OTC
NJDCY;SI;NO;NO;;;;NO;OTC
DOMAW;SI;NO;NO;;;;NO;OTC
IXQWF;SI;NO;NO;;;;NO;OTC
DOGP;SI;NO;NO;;;;NO;OTC
SVVC;SI;NO;NO;;;;NO;OTC
SVUHF;SI;NO;NO;;;;NO;OTC
LYLTQ;SI;NO;NO;;;;NO;OTC
THNPY;SI;NO;NO;;;;NO;OTC
ORANY;SI;NO;SI;;;;NO;OTC
LLYVB;SI;NO;NO;;;;NO;OTC
BOTX;SI;NO;NO;;;;NO;OTC
POLCQ;SI;NO;NO;;;;NO;OTC
LZRFY;SI;NO;NO;;;;NO;OTC
HEPA;SI;NO;NO;;;;NO;OTC
AVYAQ;SI;NO;NO;;;;NO;OTC
CETXP;SI;NO;NO;;;;NO;OTC
CORLQ;SI;NO;NO;;;;NO;OTC
KVAWF;SI;NO;NO;;;;NO;OTC
PNSWQ;SI;NO;NO;;;;NO;OTC
PNSTQ;SI;NO;NO;;;;NO;OTC
UCAR;SI;NO;NO;;;;SI;NASDAQ
MOBQ;SI;NO;NO;;;;NO;OTC
SVBL;SI;NO;NO;;;;NO;OTC
KVAUF;SI;NO;NO;;;;NO;OTC
NVOS;SI;NO;NO;;;;NO;OTC
NMRD;SI;NO;NO;;;;NO;OTC
UPHL;SI;NO;NO;;;;NO;OTC
COMS;SI;NO;NO;;;;NO;OTC
MDLM;SI;NO;NO;;;;NO;OTC
WINV;SI;NO;NO;;;;NO;OTC
VRPX;SI;NO;NO;;;;NO;OTC
MTCR;SI;NO;NO;;;;NO;OTC
BTMCQ;SI;NO;NO;;;;NO;OTC
LFLYW;SI;NO;NO;;;;NO;OTC
STRS;SI;NO;SI;;;;NO;OTC
NFSWF;SI;NO;NO;;;;NO;OTC
EMWPF;SI;NO;NO;;;;NO;OTC
IGOT;SI;NO;NO;;;;NO;OTC
AVHI;SI;NO;NO;;;;NO;OTC
HGASW;SI;NO;NO;;;;NO;OTC
UOKAF;SI;NO;NO;;;;NO;OTC
AWHL;SI;NO;NO;;;;NO;OTC
CARM;SI;NO;NO;;;;NO;OTC
SMIT;SI;NO;NO;;;;NO;OTC
HCVIU;SI;NO;NO;;;;NO;OTC
PEARQ;SI;NO;NO;;;;NO;OTC
SUNWQ;SI;NO;NO;;;;NO;OTC
ETWOW;SI;NO;NO;;;;NO;OTC
PMNT;SI;NO;NO;;;;NO;OTC
TGIDW;SI;NO;NO;;;;NO;OTC
RBTC;SI;NO;NO;;;;NO;OTC
LHDXQ;SI;NO;NO;;;;NO;OTC
SRNE;SI;NO;NO;;;;NO;OTC
RVLPQ;SI;NO;NO;;;;NO;OTC
APGH;SI;NO;NO;;;;NO;OTC
UNBX;SI;NO;NO;;;;NO;OTC
UNAM;SI;NO;NO;;;;NO;OTC
MRAI;SI;NO;SI;;;;NO;OTC
ASCWF;SI;NO;NO;;;;NO;OTC
CRTD;SI;NO;NO;;;;NO;OTC
HGAS;SI;NO;NO;;;;NO;OTC
NEPTF;SI;NO;NO;;;;NO;OTC
SIVEF;SI;NO;NO;;;;NO;OTC
PTNRY;SI;NO;NO;;;;NO;OTC
BSLKW;SI;NO;NO;;;;NO;OTC
OIBZQ;SI;NO;NO;;;;NO;OTC
KUKEY;SI;NO;NO;;;;NO;OTC
HYB;SI;NO;NO;;;;NO;NYSE
MFLTY;SI;NO;NO;;;;NO;OTC
DTCKF;SI;NO;NO;;;;NO;OTC
BSLK;SI;NO;NO;;;;NO;OTC
AMPWF;SI;NO;NO;;;;NO;OTC
TBLT;SI;NO;NO;;;;NO;OTC
KVACF;SI;NO;NO;;;;NO;OTC
SGMOQ;SI;NO;NO;;;;NO;OTC
PRSTW;SI;NO;NO;;;;NO;OTC
GOEVQ;SI;NO;NO;;;;NO;OTC
CFEIY;SI;NO;NO;;;;NO;OTC
VHAIW;SI;NO;NO;;;;NO;OTC
ALCUF;SI;NO;NO;;;;NO;OTC
CMRA;SI;NO;NO;;;;NO;OTC
FABTQ;SI;NO;NO;;;;NO;OTC
SGRP;SI;NO;NO;;;;NO;OTC
ITRMF;SI;NO;NO;;;;NO;OTC
BKSYW;SI;NO;NO;;;;NO;OTC
RENO;SI;NO;NO;;;;NO;OTC
LILMF;SI;NO;NO;;;;NO;OTC
XELAP;SI;NO;NO;;;;NO;OTC
ZPTA;SI;NO;NO;;;;NO;OTC
XELA;SI;NO;NO;;;;NO;OTC
RBCN;SI;NO;SI;;;;NO;OTC
PUCKW;SI;NO;NO;;;;NO;OTC
ATROB;SI;NO;SI;;;;NO;OTC
ISLUF;SI;NO;NO;;;;NO;OTC
APTOF;SI;NO;NO;;;;NO;OTC
OCEAW;SI;NO;NO;;;;NO;OTC
ADTX;SI;NO;NO;;;;NO;OTC
LTCH;SI;NO;NO;;;;NO;OTC
EFTR;SI;NO;NO;;;;NO;OTC
SHPWQ;SI;NO;NO;;;;NO;OTC
IMPLQ;SI;NO;NO;;;;NO;OTC
ALFIQ;SI;NO;NO;;;;NO;OTC
UFABQ;SI;NO;NO;;;;NO;OTC
FXLV;SI;NO;NO;;;;NO;OTC
AIEV;SI;NO;NO;;;;NO;OTC
CNXXW;SI;NO;NO;;;;NO;OTC
PLAOF;SI;NO;NO;;;;NO;OTC
CWBR;SI;NO;NO;;;;NO;OTC
MTNOY;SI;NO;SI;;;;NO;OTC
TCBWF;SI;NO;NO;;;;NO;OTC
BLUAW;SI;NO;NO;;;;NO;OTC
BSFC;SI;NO;NO;;;;NO;OTC
VLGDF;SI;NO;SI;;;;NO;OTC
OLYMY;SI;NO;NO;;;;NO;OTC
STBXF;SI;NO;NO;;;;NO;OTC
AUVI;SI;NO;NO;;;;NO;OTC
RPMT;SI;NO;NO;;;;NO;OTC
GLLRF;SI;NO;NO;;;;NO;OTC
ELYS;SI;NO;NO;;;;NO;OTC
KTEL;SI;NO;NO;;;;NO;OTC
CSSNQ;SI;NO;NO;;;;NO;OTC
STAI;SI;NO;NO;;;;NO;OTC
PITWF;SI;NO;NO;;;;NO;OTC
ICNP;SI;NO;NO;;;;NO;OTC
MEHA;SI;NO;NO;;;;NO;OTC
SSUP;SI;NO;NO;;;;NO;OTC
SSTPW;SI;NO;NO;;;;NO;OTC
FNCHQ;SI;NO;NO;;;;NO;OTC
PIKM;SI;NO;NO;;;;NO;OTC
CSTAF;SI;NO;NO;;;;NO;OTC
GOLLQ;SI;NO;NO;;;;NO;OTC
ROII;SI;NO;NO;;;;NO;OTC
VROYF;SI;NO;SI;;;;NO;OTC
SQZB;SI;NO;NO;;;;NO;OTC
EVTWF;SI;NO;NO;;;;NO;OTC
CNVIF;SI;NO;NO;;;;NO;OTC
HOFV;SI;NO;NO;;;;NO;OTC
ENFY;SI;NO;NO;;;;NO;OTC
XBOTF;SI;NO;NO;;;;NO;OTC
GTIJF;SI;NO;NO;;;;NO;OTC
NBRVF;SI;NO;NO;;;;NO;OTC
APCXW;SI;NO;NO;;;;NO;OTC
ABVWF;SI;NO;NO;;;;NO;OTC
ZPTAW;SI;NO;NO;;;;NO;OTC
CASIF;SI;NO;NO;;;;NO;OTC
TCSGQ;SI;NO;NO;;;;NO;OTC
AXIAY;SI;NO;SI;;;;NO;OTC
AXICY;SI;NO;SI;;;;NO;OTC
EBET;SI;NO;NO;;;;NO;OTC
LSBWF;SI;NO;NO;;;;NO;OTC
GAMI;SI;NO;NO;;;;NO;OTC
CERO;SI;NO;NO;;;;NO;OTC
FMTOF;SI;NO;NO;;;;NO;OTC
TGAAF;SI;NO;NO;;;;NO;OTC
ZCAR;SI;NO;NO;;;;NO;OTC
SBIG;SI;NO;NO;;;;NO;OTC
SONWQ;SI;NO;NO;;;;NO;OTC
MGTEW;SI;NO;NO;;;;NO;OTC
CSSLQ;SI;NO;NO;;;;NO;OTC
VNTRF;SI;NO;NO;;;;NO;OTC
BRZHR;SI;NO;NO;;;;NO;OTC
BLMZF;SI;NO;NO;;;;NO;OTC
RNGE;SI;NO;NO;;;;NO;OTC
LCINQ;SI;NO;NO;;;;NO;OTC
BRSWF;SI;NO;NO;;;;NO;OTC
EBZT;SI;NO;NO;;;;NO;OTC
TRIRF;SI;NO;NO;;;;NO;OTC
IRRXW;SI;NO;NO;;;;NO;OTC
CCTSF;SI;NO;NO;;;;NO;OTC
WLGSF;SI;NO;NO;;;;NO;OTC
XAGEW;SI;NO;NO;;;;NO;OTC
XAGE;SI;NO;NO;;;;NO;OTC
AFIB;SI;NO;NO;;;;NO;OTC
ARDS;SI;NO;NO;;;;NO;OTC
SRGAQ;SI;NO;NO;;;;NO;OTC
NVTAQ;SI;NO;NO;;;;NO;OTC
CEAYY;SI;NO;NO;;;;NO;OTC
RMGWF;SI;NO;NO;;;;NO;OTC
FHSEY;SI;NO;NO;;;;NO;OTC
KSPN;SI;NO;NO;;;;NO;OTC
RMGUF;SI;NO;NO;;;;NO;OTC
TLIS;SI;NO;NO;;;;NO;OTC
RMGCF;SI;NO;NO;;;;NO;OTC
AXAS;SI;NO;NO;;;;NO;OTC
BRSHF;SI;NO;NO;;;;NO;OTC
ASCRF;SI;NO;NO;;;;NO;OTC
AAUAF;SI;NO;NO;;;;NO;OTC
CNXX;SI;NO;NO;;;;NO;OTC
TWNPQ;SI;NO;NO;;;;NO;OTC
QTEKQ;SI;NO;NO;;;;NO;OTC
ATNXQ;SI;NO;NO;;;;NO;OTC
PSGTY;SI;NO;NO;;;;NO;OTC
PETVW;SI;NO;NO;;;;NO;OTC
PRPH;SI;NO;NO;;;;NO;OTC
LTRPA;SI;NO;NO;;;;NO;OTC
ASNS;SI;NO;NO;;;;NO;OTC
SOFO;SI;NO;NO;;;;NO;OTC
GAQWF;SI;NO;NO;;;;NO;OTC
CPPMF;SI;NO;NO;;;;NO;OTC
SWMAY;SI;NO;NO;;;;NO;OTC
BRQSF;SI;NO;NO;;;;NO;OTC
BBIG;SI;NO;NO;;;;NO;OTC
TWNFF;SI;NO;NO;;;;NO;OTC
AZREF;SI;NO;NO;;;;NO;OTC
LYTHF;SI;NO;NO;;;;NO;OTC
KLDO;SI;NO;NO;;;;NO;OTC
LIANY;SI;NO;NO;;;;NO;OTC
EGLXF;SI;NO;NO;;;;NO;OTC
RENEF;SI;NO;NO;;;;NO;OTC
BIGGQ;SI;NO;NO;;;;NO;OTC
RAASY;SI;NO;NO;;;;NO;OTC
AREB;SI;NO;NO;;;;NO;OTC
GGEI;SI;NO;NO;;;;NO;OTC
NBSTW;SI;NO;NO;;;;NO;OTC
GLSTR;SI;NO;NO;;;;NO;OTC
LDTCF;SI;NO;NO;;;;NO;OTC
GETR;SI;NO;NO;;;;NO;OTC
CMCWF;SI;NO;NO;;;;NO;OTC
IVPR;SI;NO;NO;;;;NO;OTC
LDTDF;SI;NO;NO;;;;NO;OTC
ITCLY;SI;NO;NO;;;;NO;OTC
CLVSQ;SI;NO;NO;;;;NO;OTC
HAIWF;SI;NO;NO;;;;NO;OTC
CIMG;SI;NO;NO;;;;NO;OTC
CREG;SI;NO;NO;;;;NO;OTC
BCHPY;SI;NO;NO;;;;NO;OTC
ORGS;SI;NO;NO;;;;NO;OTC
TUEMQ;SI;NO;NO;;;;NO;OTC
ALJJ;SI;NO;NO;;;;NO;OTC
CSLRF;SI;NO;NO;;;;NO;OTC
KACLF;SI;NO;NO;;;;NO;OTC
PRCWF;SI;NO;NO;;;;NO;OTC
PHCFF;SI;NO;NO;;;;NO;OTC
GROMW;SI;NO;NO;;;;NO;OTC
CALA;SI;NO;NO;;;;NO;OTC
MMVVF;SI;NO;NO;;;;NO;OTC
BCEL;SI;NO;NO;;;;NO;OTC
SRAX;SI;NO;NO;;;;NO;OTC
KAVL;SI;NO;NO;;;;NO;OTC
CLSDQ;SI;NO;NO;;;;NO;OTC
VYNT;SI;NO;NO;;;;NO;OTC
ALYAF;SI;NO;NO;;;;NO;OTC
DCFWQ;SI;NO;NO;;;;NO;OTC
LSDIF;SI;NO;NO;;;;NO;OTC
SWSSW;SI;NO;NO;;;;NO;OTC
ALURW;SI;NO;NO;;;;NO;OTC
GROM;SI;NO;NO;;;;NO;OTC
LKCOF;SI;NO;NO;;;;NO;OTC
IONM;SI;NO;NO;;;;NO;OTC
MGTE;SI;NO;NO;;;;NO;OTC
CRKN;SI;NO;NO;;;;NO;OTC
SOARW;SI;NO;NO;;;;NO;OTC
AONCW;SI;NO;NO;;;;NO;OTC
MAQCW;SI;NO;NO;;;;NO;OTC
CSSPQ;SI;NO;NO;;;;NO;OTC
PETV;SI;NO;NO;;;;NO;OTC
BGXXQ;SI;NO;NO;;;;NO;OTC
SPECW;SI;NO;NO;;;;NO;OTC
SPEC;SI;NO;NO;;;;NO;OTC
MOND;SI;NO;NO;;;;NO;OTC
AVHIW;SI;NO;NO;;;;NO;OTC
VSEE;SI;NO;NO;;;;NO;OTC
RHEPZ;SI;NO;NO;;;;NO;OTC
RHEP;SI;NO;NO;;;;NO;OTC
DEVSF;SI;NO;NO;;;;NO;OTC
BROGF;SI;NO;NO;;;;NO;OTC
GMVDF;SI;NO;NO;;;;NO;OTC
EGRX;SI;NO;NO;;;;NO;OTC
PHASQ;SI;NO;NO;;;;NO;OTC
AXAC;SI;NO;NO;;;;NO;OTC
MGAM;SI;NO;NO;;;;NO;OTC
GNFTY;SI;NO;NO;;;;NO;OTC
WIMI;SI;NO;NO;;;;SI;NASDAQ
PBLA;SI;NO;NO;;;;NO;OTC
RGRLF;SI;NO;NO;;;;NO;OTC
MVLAW;SI;NO;NO;;;;NO;OTC
SVUWF;SI;NO;NO;;;;NO;OTC
AHPIQ;SI;NO;NO;;;;NO;OTC
CNGLU;SI;NO;NO;;;;NO;OTC
CLDWW;SI;NO;NO;;;;NO;OTC
EGIOQ;SI;NO;NO;;;;NO;OTC
SNAXW;SI;NO;NO;;;;NO;OTC
JZ;SI;NO;NO;;;;SI;NASDAQ
AFMDQ;SI;NO;NO;;;;NO;OTC
BPTH;SI;NO;NO;;;;NO;OTC
NAVBQ;SI;NO;NO;;;;NO;OTC
IMPMQ;SI;NO;NO;;;;NO;OTC
ICCT;SI;NO;NO;;;;NO;OTC
WINVW;SI;NO;NO;;;;NO;OTC
WINVR;SI;NO;NO;;;;NO;OTC
WINT;SI;NO;NO;;;;NO;OTC
LSBCF;SI;NO;NO;;;;NO;OTC
APPHQ;SI;NO;NO;;;;NO;OTC
WCPRF;SI;NO;SI;;;;NO;OTC
NCNCF;SI;NO;NO;;;;NO;OTC
BIMI;SI;NO;NO;;;;NO;OTC
NVACW;SI;NO;NO;;;;NO;OTC
HSPUF;SI;NO;NO;;;;NO;OTC
BETSF;SI;NO;NO;;;;NO;OTC
VEVMQ;SI;NO;NO;;;;NO;OTC
MKDTY;SI;NO;NO;;;;NO;OTC
ADNWW;SI;NO;NO;;;;NO;OTC
BURU;SI;NO;NO;;;;NO;OTC
JBDI;SI;NO;NO;;;;SI;NASDAQ
CZOOF;SI;NO;NO;;;;NO;OTC
TRVN;SI;NO;NO;;;;NO;OTC
PTIX;SI;NO;NO;;;;NO;OTC
CNTGF;SI;NO;NO;;;;NO;OTC
PPYAW;SI;NO;NO;;;;NO;OTC
ALCWF;SI;NO;NO;;;;NO;OTC
SDCCQ;SI;NO;NO;;;;NO;OTC
TTOO;SI;NO;NO;;;;NO;OTC
REVRQ;SI;NO;NO;;;;NO;OTC
SDZNY;SI;NO;NO;;;;NO;OTC
WHLM;SI;NO;NO;;;;NO;OTC
ABVEF;SI;NO;NO;;;;NO;OTC
PKBO;SI;NO;NO;;;;NO;OTC
DRTTF;SI;NO;NO;;;;NO;OTC
TELFY;SI;NO;SI;;;;NO;OTC
SMTSF;SI;NO;NO;;;;NO;OTC
LUNA;SI;NO;SI;;;;NO;OTC
OPITQ;SI;NO;NO;;;;NO;OTC
SOPAQ;SI;NO;NO;;;;NO;OTC
GRFXY;SI;NO;NO;;;;NO;OTC
AIRDF;SI;NO;NO;;;;NO;OTC
SONDQ;SI;NO;NO;;;;NO;OTC
ATTOF;SI;NO;NO;;;;NO;OTC
IMVIF;SI;NO;NO;;;;NO;OTC
STWWF;SI;NO;NO;;;;NO;OTC
TRTWF;SI;NO;NO;;;;NO;OTC
PAIYY;SI;NO;NO;;;;NO;OTC
RTCJF;SI;NO;NO;;;;NO;OTC
FOXO;SI;NO;NO;;;;NO;OTC
LVROF;SI;NO;NO;;;;NO;OTC
AVCTQ;SI;NO;NO;;;;NO;OTC
CEROW;SI;NO;NO;;;;NO;OTC
CEIN;SI;NO;NO;;;;NO;OTC
MDRX;SI;NO;NO;;;;NO;OTC
MTHRY;SI;NO;NO;;;;NO;OTC
REEWF;SI;NO;NO;;;;NO;OTC
DHAIW;SI;NO;NO;;;;NO;OTC
MSPRZ;SI;NO;NO;;;;NO;OTC
GMBL;SI;NO;NO;;;;NO;OTC
KERNW;SI;NO;NO;;;;NO;OTC
BNGLF;SI;NO;NO;;;;NO;OTC
AREBW;SI;NO;NO;;;;NO;OTC
MTBLY;SI;NO;NO;;;;NO;OTC
CHRA;SI;NO;NO;;;;NO;OTC
FLDDU;SI;NO;NO;;;;NO;OTC
LILWF;SI;NO;NO;;;;NO;OTC
VWEWQ;SI;NO;NO;;;;NO;OTC
IRRXU;SI;NO;NO;;;;NO;OTC
IVAWF;SI;NO;NO;;;;NO;OTC
AXXA;SI;NO;NO;;;;NO;OTC
GBAT;SI;NO;NO;;;;NO;OTC
EVKG;SI;NO;NO;;;;NO;OTC
AGRX;SI;NO;NO;;;;NO;OTC
CXDC;SI;NO;NO;;;;NO;OTC
WEJOF;SI;NO;NO;;;;NO;OTC
ATXG;SI;NO;NO;;;;SI;NASDAQ
TRKAQ;SI;NO;NO;;;;NO;OTC
ENSV;SI;NO;NO;;;;NO;OTC
SNRBY;SI;NO;NO;;;;NO;OTC
GDSTW;SI;NO;NO;;;;NO;OTC
IVCWF;SI;NO;NO;;;;NO;OTC
CSCIF;SI;NO;NO;;;;NO;OTC
CVAT;SI;NO;NO;;;;NO;OTC
AGILQ;SI;NO;NO;;;;NO;OTC
MLGO;SI;NO;NO;;;;SI;NASDAQ
IVAUF;SI;NO;NO;;;;NO;OTC
IGTAW;SI;NO;NO;;;;NO;OTC
DNMRQ;SI;NO;NO;;;;NO;OTC
ADNH;SI;NO;NO;;;;NO;OTC
MSSWF;SI;NO;NO;;;;NO;NASDAQ
YOTAR;SI;NO;NO;;;;NO;OTC
FTIIW;SI;NO;NO;;;;NO;OTC
LYSDY;SI;NO;SI;;;;NO;OTC
HTGMQ;SI;NO;NO;;;;NO;OTC
MSPR;SI;NO;NO;;;;NO;OTC
EVFM;SI;NO;NO;;;;NO;OTC
AAGR;SI;NO;NO;;;;NO;OTC
MAPSW;SI;NO;NO;;;;NO;OTC
ALSTF;SI;NO;NO;;;;NO;OTC
SNBRQ;SI;NO;NO;;;;NO;OTC
SNAX;SI;NO;NO;;;;NO;OTC
CZOWF;SI;NO;NO;;;;NO;OTC
DMSLQ;SI;NO;NO;;;;NO;OTC
OBSEF;SI;NO;NO;;;;NO;OTC
CNDAW;SI;NO;NO;;;;NO;OTC
OTRQQ;SI;NO;NO;;;;NO;OTC
LMPX;SI;NO;NO;;;;NO;OTC
CDAQF;SI;NO;NO;;;;NO;OTC
IVCRQ;SI;NO;NO;;;;NO;OTC
EJH;SI;NO;NO;;;;SI;NASDAQ
HNPIY;SI;NO;NO;;;;NO;OTC
TPHS;SI;NO;NO;;;;NO;OTC
RCACW;SI;NO;NO;;;;NO;OTC
MVLA;SI;NO;NO;;;;NO;OTC
RCAC;SI;NO;NO;;;;NO;OTC
PETWQ;SI;NO;NO;;;;NO;OTC
DTEAF;SI;NO;NO;;;;NO;OTC
RBTCW;SI;NO;NO;;;;NO;OTC
RBOT;SI;NO;NO;;;;NO;OTC
EXNRF;SI;NO;NO;;;;NO;OTC
ZENVF;SI;NO;NO;;;;NO;OTC
SSUNF;SI;NO;NO;;;;NO;OTC
AONC;SI;NO;NO;;;;NO;OTC
OSPWQ;SI;NO;NO;;;;NO;OTC
LYRA;SI;NO;NO;;;;NO;OTC
WBXWF;SI;NO;NO;;;;NO;OTC
JENGQ;SI;NO;NO;;;;NO;OTC
CGLD;SI;NO;NO;;;;NO;OTC
OSAPQ;SI;NO;NO;;;;NO;OTC
ORPHY;SI;NO;NO;;;;NO;OTC
BTMWQ;SI;NO;NO;;;;NO;OTC
BNBX;SI;NO;NO;;;;NO;OTC
WNDW;SI;NO;NO;;;;NO;OTC
CLRCF;SI;NO;NO;;;;NO;OTC
ORISF;SI;NO;NO;;;;NO;OTC
LGMK;SI;NO;NO;;;;NO;OTC
KIQSF;SI;NO;NO;;;;NO;OTC
ATIP;SI;NO;NO;;;;NO;OTC
ARGGY;SI;NO;NO;;;;NO;OTC
MDNAF;SI;NO;NO;;;;NO;OTC
FREHY;SI;NO;NO;;;;NO;OTC
CLEUF;SI;NO;NO;;;;NO;OTC
BPTSY;SI;NO;NO;;;;NO;OTC
MCLDF;SI;NO;NO;;;;NO;OTC
NHIQ;SI;NO;NO;;;;NO;OTC
AMLIF;SI;NO;NO;;;;NO;OTC
SESCW;SI;NO;NO;;;;NO;OTC
EVVAQ;SI;NO;NO;;;;NO;OTC
MARK;SI;NO;NO;;;;NO;OTC
TOP;SI;NO;NO;;;;SI;NASDAQ
NKGN;SI;NO;NO;;;;NO;OTC
LIPO;SI;NO;NO;;;;NO;OTC
RADCQ;SI;NO;NO;;;;NO;OTC
MJNA;SI;NO;NO;;;;NO;OTC
OPHLY;SI;NO;NO;;;;NO;OTC
SMFL;SI;NO;NO;;;;NO;OTC
AOGOW;SI;NO;NO;;;;NO;OTC
CRXTQ;SI;NO;NO;;;;NO;OTC
MAPS;SI;NO;NO;;;;NO;OTC
CDAKQ;SI;NO;NO;;;;NO;OTC
TOGI;SI;NO;NO;;;;NO;OTC
STAB;SI;NO;NO;;;;NO;OTC
FRCJL;SI;NO;NO;;;;NO;OTC
IVCBF;SI;NO;NO;;;;NO;OTC
RBOTW;SI;NO;NO;;;;NO;OTC
FTHWF;SI;NO;NO;;;;NO;OTC
ALPWF;SI;NO;NO;;;;NO;OTC
TKAMY;SI;NO;NO;;;;NO;OTC
HSPWF;SI;NO;NO;;;;NO;OTC
EFTRW;SI;NO;NO;;;;NO;OTC
NEXI;SI;NO;NO;;;;NO;OTC
YTENQ;SI;NO;NO;;;;NO;OTC
CAUD;SI;NO;NO;;;;NO;OTC
CAJPY;SI;NO;SI;;;;NO;OTC
OST;SI;NO;NO;;;;SI;NASDAQ
FRCIL;SI;NO;NO;;;;NO;OTC
AOGO;SI;NO;NO;;;;NO;OTC
OCEA;SI;NO;NO;;;;NO;OTC
VXRT;SI;NO;NO;;;;NO;OTC
VXIT;SI;NO;NO;;;;NO;OTC
QVCPQ;SI;NO;NO;;;;NO;OTC
QVCGQ;SI;NO;NO;;;;NO;OTC
AKAN;SI;NO;NO;;;;SI;NASDAQ
ZYXIQ;SI;NO;NO;;;;NO;OTC
ZVSA;SI;NO;NO;;;;NO;OTC
FRTX;SI;NO;NO;;;;NO;OTC
CRCUF;SI;NO;NO;;;;NO;OTC
SLNWF;SI;NO;NO;;;;NO;OTC
HSPRF;SI;NO;NO;;;;NO;OTC
BXRXQ;SI;NO;NO;;;;NO;OTC
SBNY;SI;NO;NO;;;;NO;OTC
WTER;SI;NO;NO;;;;NO;OTC
EGUVF;SI;NO;NO;;;;NO;OTC
QVCAQ;SI;NO;NO;;;;NO;OTC
LEVWQ;SI;NO;NO;;;;NO;OTC
SLMWF;SI;NO;NO;;;;NO;OTC
HSPOF;SI;NO;NO;;;;NO;OTC
ELMSQ;SI;NO;NO;;;;NO;OTC
AGNPF;SI;NO;NO;;;;NO;OTC
SLHGF;SI;NO;NO;;;;NO;OTC
OFED;SI;NO;NO;;;;NO;OTC
ONCSQ;SI;NO;NO;;;;NO;OTC
ONCR;SI;NO;NO;;;;NO;OTC
QTTOY;SI;NO;NO;;;;NO;OTC
FASWF;SI;NO;NO;;;;NO;OTC
KRBPQ;SI;NO;NO;;;;NO;OTC
VTNRQ;SI;NO;NO;;;;NO;OTC
CHSN;SI;NO;NO;;;;SI;NASDAQ
FRBKQ;SI;NO;NO;;;;NO;OTC
TMPOQ;SI;NO;NO;;;;NO;OTC
OMQS;SI;NO;NO;;;;NO;OTC
ZSPC;SI;NO;NO;;;;NO;OTC
NUVWQ;SI;NO;NO;;;;NO;OTC
QTNTQ;SI;NO;NO;;;;NO;OTC
OMCC;SI;NO;NO;;;;NO;OTC
EPWKF;SI;NO;NO;;;;NO;OTC
AAGRW;SI;NO;NO;;;;NO;OTC
SANW;SI;NO;NO;;;;NO;OTC
SLAMF;SI;NO;NO;;;;NO;OTC
IMAQW;SI;NO;NO;;;;NO;OTC
DNABW;SI;NO;NO;;;;NO;OTC
ADAPY;SI;NO;NO;;;;NO;OTC
AWIN;SI;NO;NO;;;;NO;OTC
VSTWF;SI;NO;NO;;;;NO;OTC
VSTTF;SI;NO;NO;;;;NO;OTC
ECDAW;SI;NO;NO;;;;NO;OTC
MEGL;SI;NO;NO;;;;SI;NASDAQ
VSTD;SI;NO;NO;;;;NO;OTC
FNVUF;SI;NO;NO;;;;NO;OTC
CPTWF;SI;NO;NO;;;;NO;OTC
ZOMDF;SI;NO;NO;;;;NO;OTC
UMICY;SI;NO;NO;;;;NO;OTC
GPAK;SI;NO;NO;;;;NO;OTC
INVU;SI;NO;NO;;;;NO;OTC
CRTWF;SI;NO;NO;;;;NO;OTC
ILLMF;SI;NO;NO;;;;NO;OTC
AEYGQ;SI;NO;NO;;;;NO;OTC
VSEEW;SI;NO;NO;;;;NO;OTC
ZMENY;SI;NO;NO;;;;NO;OTC
VIWWQ;SI;NO;NO;;;;NO;OTC
HLTHQ;SI;NO;NO;;;;NO;OTC
ILAG;SI;NO;NO;;;;SI;NASDAQ
GDSTR;SI;NO;NO;;;;NO;OTC
BCLI;SI;NO;NO;;;;NO;OTC
CNTM;SI;NO;NO;;;;NO;OTC
LICYQ;SI;NO;NO;;;;NO;OTC
VRYWF;SI;NO;NO;;;;NO;OTC
ALCYF;SI;NO;NO;;;;NO;OTC
OGBLY;SI;NO;NO;;;;NO;OTC
EGRVF;SI;NO;NO;;;;NO;OTC
HCDPQ;SI;NO;NO;;;;NO;OTC
USDP;SI;NO;NO;;;;NO;OTC
LEMIF;SI;NO;NO;;;;NO;OTC
NXUR;SI;NO;NO;;;;NO;OTC
ZJYL;SI;NO;NO;;;;NO;NASDAQ
CNGLW;SI;NO;NO;;;;NO;OTC
ZVOI;SI;NO;NO;;;;NO;OTC
VRMWW;SI;NO;NO;;;;NO;OTC
LANWF;SI;NO;NO;;;;NO;OTC
MMATQ;SI;NO;NO;;;;NO;OTC
GOEWQ;SI;NO;NO;;;;NO;OTC
SIOX;SI;NO;NO;;;;NO;OTC
AEAEW;SI;NO;NO;;;;NO;OTC
PITEF;SI;NO;NO;;;;NO;OTC
WTMAR;SI;NO;NO;;;;NO;OTC
INVLW;SI;NO;NO;;;;NO;OTC
VQSSF;SI;NO;NO;;;;NO;OTC
SING;SI;NO;NO;;;;NO;OTC
ALSAF;SI;NO;NO;;;;NO;OTC
CLRWF;SI;NO;NO;;;;NO;OTC
PMDI;SI;NO;NO;;;;NO;OTC
ZLSWF;SI;NO;NO;;;;NO;OTC
DTRUY;SI;NO;NO;;;;NO;OTC
NLST;SI;NO;NO;;;;NO;OTC
GDC;SI;NO;NO;;;;SI;NASDAQ
AEAEU;SI;NO;NO;;;;NO;OTC
CRPWF;SI;NO;NO;;;;NO;OTC
TIRXF;SI;NO;NO;;;;NO;OTC
RGFC;SI;NO;NO;;;;NO;OTC
TOGIW;SI;NO;NO;;;;NO;OTC
FOACW;SI;NO;NO;;;;NO;OTC
QNGYQ;SI;NO;NO;;;;NO;OTC
BANL;SI;NO;NO;;;;SI;NASDAQ
SICP;SI;NO;NO;;;;NO;OTC
VORBQ;SI;NO;NO;;;;NO;OTC
OTRKQ;SI;NO;NO;;;;NO;OTC
TIOG;SI;NO;NO;;;;NO;OTC
ANEB;SI;NO;NO;;;;NO;OTC
AWINW;SI;NO;NO;;;;NO;OTC
OCAXW;SI;NO;NO;;;;NO;OTC
CMLSQ;SI;NO;NO;;;;NO;OTC
MBGAF;SI;NO;SI;;;;NO;OTC
SYRS;SI;NO;NO;;;;NO;OTC
CORRQ;SI;NO;NO;;;;NO;OTC
SHPSQ;SI;NO;NO;;;;NO;OTC
LEJUY;SI;NO;NO;;;;NO;OTC
SHPH;SI;NO;NO;;;;SI;NASDAQ
KYOAY;SI;NO;SI;;;;NO;OTC
ZCARW;SI;NO;NO;;;;NO;OTC
ADTI;SI;NO;NO;;;;NO;OTC
ASPU;SI;NO;NO;;;;NO;OTC
LEGWQ;SI;NO;NO;;;;NO;OTC
ZAPWF;SI;NO;NO;;;;NO;OTC
KACWF;SI;NO;NO;;;;NO;OTC
ZAPPF;SI;NO;NO;;;;NO;OTC
LBRA;SI;NO;NO;;;;NO;OTC
AUVIP;SI;NO;NO;;;;NO;OTC
IGTA;SI;NO;NO;;;;NO;OTC
RNMBY;SI;NO;SI;;;;NO;OTC
DMYYU;SI;NO;NO;;;;NO;OTC
VMCWF;SI;NO;NO;;;;NO;OTC
LVRWF;SI;NO;NO;;;;NO;OTC
IOBTQ;SI;NO;NO;;;;NO;OTC
SVIRF;SI;NO;NO;;;;NO;OTC
TSPH;SI;NO;NO;;;;NO;OTC
THMO;SI;NO;NO;;;;NO;OTC
SPIEQ;SI;NO;NO;;;;NO;OTC
AACRF;SI;NO;NO;;;;NO;OTC
BTZI;SI;NO;NO;;;;NO;OTC
IVCAF;SI;NO;NO;;;;NO;OTC
CDAUF;SI;NO;NO;;;;NO;OTC
OMH;SI;NO;NO;;;;NO;NASDAQ
MPNGY;SI;NO;SI;;;;NO;OTC
CORBF;SI;NO;NO;;;;NO;OTC
ARVLF;SI;NO;NO;;;;NO;OTC
SHAZW;SI;NO;NO;;;;NO;OTC
GGAAF;SI;NO;NO;;;;NO;OTC
AFIIQ;SI;NO;NO;;;;NO;OTC
AMBWQ;SI;NO;NO;;;;NO;OTC
NPSNY;SI;NO;SI;;;;NO;OTC
MNKTQ;SI;NO;NO;;;;NO;OTC
MYNAY;SI;NO;NO;;;;NO;OTC
NYMXF;SI;NO;NO;;;;NO;OTC
WBEVQ;SI;NO;NO;;;;NO;OTC
TWLVW;SI;NO;NO;;;;NO;OTC
ENZB;SI;NO;NO;;;;NO;OTC
YOTA;SI;NO;NO;;;;NO;OTC
VTRBY;SI;NO;NO;;;;NO;OTC
SGLN;SI;NO;NO;;;;NO;OTC
NXTP;SI;NO;NO;;;;NO;OTC
GENNQ;SI;NO;NO;;;;NO;OTC
VIVE;SI;NO;NO;;;;NO;OTC
ABBNY;SI;NO;SI;;;;NO;OTC
VISL;SI;NO;NO;;;;NO;OTC
CUEN;SI;NO;NO;;;;NO;OTC
VLNWF;SI;NO;NO;;;;NO;OTC
VINO;SI;NO;NO;;;;NO;OTC
VINC;SI;NO;NO;;;;NO;OTC
ALCE;SI;NO;NO;;;;NO;OTC
SFUNY;SI;NO;NO;;;;NO;OTC
NXGCF;SI;NO;NO;;;;NO;OTC
SHRG;SI;NO;NO;;;;NO;OTC
HPCO;SI;NO;NO;;;;NO;OTC
DXYN;SI;NO;NO;;;;NO;OTC
SFRX;SI;NO;NO;;;;NO;OTC
NWBO;SI;NO;NO;;;;NO;OTC
SFRT;SI;NO;NO;;;;NO;OTC
IDBAY;SI;NO;NO;;;;NO;OTC
LUXPQ;SI;NO;NO;;;;NO;OTC
BTTX;SI;NO;NO;;;;NO;OTC
TSLVF;SI;NO;NO;;;;NO;OTC
VIAOY;SI;NO;NO;;;;NO;OTC
GNCAQ;SI;NO;NO;;;;NO;OTC
SFES;SI;NO;NO;;;;NO;OTC
NVVE;SI;NO;NO;;;;NO;OTC
TETWF;SI;NO;NO;;;;NO;OTC
LEEEF;SI;NO;NO;;;;NO;OTC
BNSOF;SI;NO;NO;;;;NO;OTC
HAIAF;SI;NO;NO;;;;NO;OTC
BACK;SI;NO;NO;;;;NO;OTC
FPBC;SI;NO;NO;;;;NO;OTC
AAMCF;SI;NO;NO;;;;NO;OTC
DNMWQ;SI;NO;NO;;;;NO;OTC
SPLP;SI;NO;NO;;;;NO;OTC
PYRGF;SI;NO;NO;;;;NO;OTC
JTKWY;SI;NO;NO;;;;NO;OTC
VHAQR;SI;NO;NO;;;;NO;OTC
LUXHQ;SI;NO;NO;;;;NO;OTC
VHAI;SI;NO;NO;;;;NO;OTC
PXMD;SI;NO;NO;;;;NO;OTC
AILEQ;SI;NO;NO;;;;NO;OTC
AWCA;SI;NO;NO;;;;NO;OTC
LNN;NO;SI;SI;;;;NO;NYSE
LNSR;NO;SI;SI;;;;SI;NASDAQ
LNT;NO;SI;SI;;;;NO;NASDAQ
LNTH;NO;SI;SI;;;;NO;NASDAQ
LNVGY;NO;SI;SI;;;;NO;OTC
LOAR;NO;SI;SI;;;;NO;NYSE
LOB;NO;SI;SI;;;;NO;NYSE
LOCO;NO;SI;SI;;;;NO;NASDAQ
LODE;NO;SI;SI;;;;NO;AMEX
LOGI;NO;SI;SI;;;;NO;NASDAQ
LOMA;NO;SI;SI;;;;NO;NYSE
LONZ;NO;SI;SI;;;;NO;ARCA
LOPE;NO;SI;SI;;;;NO;NASDAQ
LOVE;NO;SI;SI;;;;NO;NASDAQ
LOW;NO;SI;SI;;;;NO;NYSE
LPCN;NO;SI;SI;;;;SI;NASDAQ
LPL;NO;SI;SI;;;;NO;NYSE
LPLA;NO;SI;SI;;;;NO;NASDAQ
LPSN;NO;SI;SI;;;;SI;NASDAQ
LPX;NO;SI;SI;;;;NO;NYSE
LQD;NO;SI;SI;;;;NO;ARCA
LQDA;NO;SI;SI;;;;NO;NASDAQ
LQDH;NO;SI;SI;;;;NO;ARCA
LQDT;NO;SI;SI;;;;NO;NASDAQ
LRCC;NO;SI;SI;;;;NO;BATS
LRCX;NO;SI;SI;;;;NO;NASDAQ
LRGF;NO;SI;SI;;;;NO;ARCA
LRMR;NO;SI;SI;;;;NO;NASDAQ
LRN;NO;SI;SI;;;;NO;NYSE
LSAF;NO;SI;SI;;;;NO;ARCA
LSAK;NO;SI;SI;;;;NO;NASDAQ
LSBK;NO;SI;SI;;;;SI;NASDAQ
LSCC;NO;SI;SI;;;;NO;NASDAQ
LSE;NO;SI;SI;;;;SI;NASDAQ
LSPD;NO;SI;SI;;;;NO;NYSE
LSTR;NO;SI;SI;;;;NO;NASDAQ
LTBR;NO;SI;SI;;;;SI;NASDAQ
LTC;NO;SI;SI;;;;NO;NYSE
LTM;NO;SI;SI;;;;NO;NYSE
LTPZ;NO;SI;SI;;;;NO;ARCA
LTRX;NO;SI;SI;;;;SI;NASDAQ
LU;NO;SI;SI;;;;NO;NYSE
LUMN;NO;SI;SI;;;;NO;NYSE
LUNG;NO;SI;SI;;;;SI;NASDAQ
LUNR;NO;SI;SI;;;;NO;NASDAQ
LUV;NO;SI;SI;;;;NO;NYSE
LUXE;NO;SI;SI;;;;NO;NYSE
LVHD;NO;SI;SI;;;;NO;NASDAQ
LVHI;NO;SI;SI;;;;NO;BATS
LVMUY;NO;SI;SI;;;;NO;OTC
LVO;NO;SI;SI;;;;SI;NASDAQ
LVS;NO;SI;SI;;;;NO;NYSE
LW;NO;SI;SI;;;;NO;NYSE
LWAY;NO;SI;SI;;;;SI;NASDAQ
LWLG;NO;SI;SI;;;;NO;NASDAQ
LX;NO;SI;SI;;;;NO;NASDAQ
LXEO;NO;SI;SI;;;;NO;NASDAQ
LXP;NO;SI;SI;;;;NO;NYSE
LXRX;NO;SI;SI;;;;NO;NASDAQ
LXU;NO;SI;SI;;;;NO;NYSE
LYB;NO;SI;SI;;;;NO;NYSE
LYEL;NO;SI;SI;;;;SI;NASDAQ
LYFT;NO;SI;SI;;;;NO;NASDAQ
LYG;NO;SI;SI;;;;NO;NYSE
LYTS;NO;SI;SI;;;;NO;NASDAQ
LYV;NO;SI;SI;;;;NO;NYSE
LZ;NO;SI;SI;;;;NO;NASDAQ
LZB;NO;SI;SI;;;;NO;NYSE
LZM;NO;SI;SI;;;;NO;NYSE
M;NO;SI;SI;;;;NO;NYSE
MA;NO;SI;SI;;;;NO;NYSE
MAA;NO;SI;SI;;;;NO;NYSE
MAC;NO;SI;SI;;;;NO;NYSE
MAGS;NO;SI;SI;;;;NO;BATS
MAGY;NO;SI;SI;;;;NO;BATS
MAIA;NO;SI;SI;;;;NO;AMEX
MAIR;NO;SI;SI;;;;NO;NYSE
MAKO;NO;SI;SI;;;;NO;NASDAQ
MAKSY;NO;SI;SI;;;;NO;OTC
MAMA;NO;SI;SI;;;;NO;NASDAQ
MAN;NO;SI;SI;;;;NO;NYSE
MANE;NO;SI;SI;;;;NO;NYSE
MANH;NO;SI;SI;;;;NO;NASDAQ
MANU;NO;SI;SI;;;;NO;NYSE
MAR;NO;SI;SI;;;;NO;NASDAQ
MARA;NO;SI;SI;;;;NO;NASDAQ
MARS;NO;SI;SI;;;;NO;BATS
MARUY;NO;SI;SI;;;;NO;OTC
MAS;NO;SI;SI;;;;NO;NYSE
MASS;NO;SI;SI;;;;NO;NASDAQ
MAT;NO;SI;SI;;;;NO;NASDAQ
MATV;NO;SI;SI;;;;NO;NYSE
MATW;NO;SI;SI;;;;NO;NASDAQ
MATX;NO;SI;SI;;;;NO;NYSE
MAX;NO;SI;SI;;;;NO;NYSE
MAXI;NO;SI;SI;;;;NO;NASDAQ
MAZE;NO;SI;SI;;;;NO;NASDAQ
MBB;NO;SI;SI;;;;NO;NASDAQ
MBC;NO;SI;SI;;;;NO;NYSE
MBCE;NO;SI;SI;;;;NO;BATS
MBGL;NO;SI;SI;;;;NO;NYSE
MBGYY;NO;SI;SI;;;;NO;OTC
MBIN;NO;SI;SI;;;;NO;NASDAQ
MBLY;NO;SI;SI;;;;NO;NASDAQ
MBOT;NO;SI;SI;;;;NO;NASDAQ
MBS;NO;SI;SI;;;;NO;NASDAQ
MBUU;NO;SI;SI;;;;NO;NASDAQ
MBWM;NO;SI;SI;;;;NO;NASDAQ
MBX;NO;SI;SI;;;;NO;NASDAQ
MCB;NO;SI;SI;;;;NO;NYSE
MCBS;NO;SI;SI;;;;NO;NASDAQ
MCD;NO;SI;SI;;;;NO;NYSE
MCFT;NO;SI;SI;;;;NO;NASDAQ
MCHB;NO;SI;SI;;;;NO;NASDAQ
MCHP;NO;SI;SI;;;;NO;NASDAQ
MCI;NO;SI;SI;;;;NO;NYSE
MCK;NO;SI;SI;;;;NO;NYSE
MCN;NO;SI;SI;;;;NO;NYSE
MCO;NO;SI;SI;;;;NO;NYSE
MCRB;NO;SI;SI;;;;SI;NASDAQ
MCRI;NO;SI;SI;;;;NO;NASDAQ
MCS;NO;SI;SI;;;;NO;NYSE
MCY;NO;SI;SI;;;;NO;NYSE
MD;NO;SI;SI;;;;NO;NYSE
MDA;NO;SI;SI;;;;NO;NYSE
MDAI;NO;SI;SI;;;;SI;NASDAQ
MDB;NO;SI;SI;;;;NO;NASDAQ
MDGL;NO;SI;SI;;;;NO;NASDAQ
MDLN;NO;SI;SI;;;;NO;NASDAQ
MDLZ;NO;SI;SI;;;;NO;NASDAQ
MDRR;NO;SI;SI;;;;NO;NASDAQ
MDU;NO;SI;SI;;;;NO;NYSE
MDWD;NO;SI;SI;;;;NO;NASDAQ
MDXG;NO;SI;SI;;;;NO;NASDAQ
MDY;NO;SI;SI;;;;NO;ARCA
MED;NO;SI;SI;;;;SI;NYSE
MEDP;NO;SI;SI;;;;NO;NASDAQ
MEGI;NO;SI;SI;;;;NO;NYSE
MEI;NO;SI;SI;;;;NO;NYSE
MEOH;NO;SI;SI;;;;NO;NASDAQ
MER.PRK;NO;SI;SI;;;;SI;NYSE
MET;NO;SI;SI;;;;NO;NYSE
META;NO;SI;SI;;;;NO;NASDAQ
METC;NO;SI;SI;;;;NO;NASDAQ
METCB;NO;SI;SI;;;;SI;NASDAQ
METV;NO;SI;SI;;;;NO;ARCA
METW;NO;SI;SI;;;;NO;BATS
MFA;NO;SI;SI;;;;NO;NYSE
MFC;NO;SI;SI;;;;NO;NYSE
MFG;NO;SI;SI;;;;NO;NYSE
MFIC;NO;SI;SI;;;;NO;NASDAQ
MFIN;NO;SI;SI;;;;SI;NASDAQ
MFP;NO;SI;SI;;;;NO;NASDAQ
MG;NO;SI;SI;;;;SI;NYSE
MGA;NO;SI;SI;;;;NO;NYSE
MGC;NO;SI;SI;;;;NO;ARCA
MGEE;NO;SI;SI;;;;NO;NASDAQ
MGF;NO;SI;SI;;;;NO;NYSE
MGK;NO;SI;SI;;;;NO;ARCA
MGLD;NO;SI;SI;;;;SI;AMEX
MGM;NO;SI;SI;;;;NO;NYSE
MGNI;NO;SI;SI;;;;NO;NASDAQ
MGNX;NO;SI;SI;;;;NO;NASDAQ
MGPI;NO;SI;SI;;;;NO;NASDAQ
MGRB;NO;SI;SI;;;;SI;NYSE
MGRC;NO;SI;SI;;;;NO;NASDAQ
MGTX;NO;SI;SI;;;;NO;NASDAQ
MGV;NO;SI;SI;;;;NO;ARCA
MGX;NO;SI;SI;;;;SI;NASDAQ
MGY;NO;SI;SI;;;;NO;NYSE
MGYR;NO;SI;SI;;;;SI;NASDAQ
MH;NO;SI;SI;;;;NO;NYSE
MHD;NO;SI;SI;;;;NO;NYSE
MHH;NO;SI;SI;;;;SI;AMEX
MHK;NO;SI;SI;;;;NO;NYSE
MHO;NO;SI;SI;;;;NO;NYSE
MIAX;NO;SI;SI;;;;NO;NYSE
MICC;NO;SI;SI;;;;NO;NYSE
MIDD;NO;SI;SI;;;;NO;NASDAQ
MIDU;NO;SI;SI;;;;NO;ARCA
MIELY;NO;SI;SI;;;;NO;OTC
MIN;NO;SI;SI;;;;NO;NYSE
MIND;NO;SI;SI;;;;SI;NASDAQ
MINT;NO;SI;SI;;;;NO;ARCA
MIR;NO;SI;SI;;;;NO;NYSE
MIRM;NO;SI;SI;;;;NO;NASDAQ
MIST;NO;SI;SI;;;;NO;NASDAQ
MITK;NO;SI;SI;;;;NO;NASDAQ
MITSY;NO;SI;SI;;;;NO;OTC
MITT;NO;SI;SI;;;;NO;NYSE
MIY;NO;SI;SI;;;;NO;NYSE
MJ;NO;SI;SI;;;;NO;ARCA
MKC;NO;SI;SI;;;;NO;NYSE
MKL;NO;SI;SI;;;;NO;NYSE
MKSI;NO;SI;SI;;;;NO;NASDAQ
MKTW;NO;SI;SI;;;;SI;NASDAQ
MKTX;NO;SI;SI;;;;NO;NASDAQ
MLCO;NO;SI;SI;;;;NO;NASDAQ
MLI;NO;SI;SI;;;;NO;NYSE
MLKN;NO;SI;SI;;;;NO;NASDAQ
MLM;NO;SI;SI;;;;NO;NYSE
MLP;NO;SI;SI;;;;SI;NYSE
MLPA;NO;SI;SI;;;;NO;ARCA
MLPX;NO;SI;SI;;;;NO;ARCA
MLR;NO;SI;SI;;;;NO;NYSE
MLTX;NO;SI;SI;;;;NO;NASDAQ
MLYS;NO;SI;SI;;;;NO;NASDAQ
MMD;NO;SI;SI;;;;NO;NYSE
MMED;NO;SI;SI;;;;NO;NASDAQ
MMLP;NO;SI;SI;;;;SI;NASDAQ
MMM;NO;SI;SI;;;;NO;NYSE
MMS;NO;SI;SI;;;;NO;NYSE
MMSI;NO;SI;SI;;;;NO;NASDAQ
MMT;NO;SI;SI;;;;NO;NYSE
MMU;NO;SI;SI;;;;NO;NYSE
MMYT;NO;SI;SI;;;;NO;NASDAQ
MNA;NO;SI;SI;;;;NO;ARCA
MNDY;NO;SI;SI;;;;NO;NASDAQ
MNKD;NO;SI;SI;;;;NO;NASDAQ
MNOV;NO;SI;SI;;;;SI;NASDAQ
MNPR;NO;SI;SI;;;;NO;NASDAQ
MNRO;NO;SI;SI;;;;NO;NASDAQ
MNSO;NO;SI;SI;;;;NO;NYSE
MNST;NO;SI;SI;;;;NO;NASDAQ
MNTK;NO;SI;SI;;;;NO;NASDAQ
MNTN;NO;SI;SI;;;;NO;NYSE
MO;NO;SI;SI;;;;NO;NYSE
MOAT;NO;SI;SI;;;;NO;BATS
MOD;NO;SI;SI;;;;NO;NYSE
MODD;NO;SI;SI;;;;SI;NASDAQ
MOG.A;NO;SI;SI;;;;NO;NYSE
MOH;NO;SI;SI;;;;NO;NYSE
MOMO;NO;SI;SI;;;;NO;NASDAQ
MOO;NO;SI;SI;;;;NO;ARCA
MORN;NO;SI;SI;;;;NO;NASDAQ
MORT;NO;SI;SI;;;;NO;ARCA
MOS;NO;SI;SI;;;;NO;NYSE
MOTI;NO;SI;SI;;;;NO;BATS
MOV;NO;SI;SI;;;;NO;NYSE
MP;NO;SI;SI;;;;NO;NYSE
MPAA;NO;SI;SI;;;;SI;NASDAQ
MPB;NO;SI;SI;;;;NO;NASDAQ
MPC;NO;SI;SI;;;;NO;NYSE
MPJPY;NO;SI;SI;;;;NO;OTC
MPLT;NO;SI;SI;;;;SI;NASDAQ
MPLX;NO;SI;SI;;;;NO;NYSE
MPT;NO;SI;SI;;;;NO;NYSE
MPTI;NO;SI;SI;;;;SI;AMEX
MPV;NO;SI;SI;;;;NO;NYSE
MPWR;NO;SI;SI;;;;NO;NASDAQ
MQ;NO;SI;SI;;;;NO;NASDAQ
MQY;NO;SI;SI;;;;NO;NYSE
MRAAY;NO;SI;SI;;;;NO;OTC
MRAM;NO;SI;SI;;;;SI;NASDAQ
MRBK;NO;SI;SI;;;;SI;NASDAQ
MRCY;NO;SI;SI;;;;NO;NASDAQ
MRDN;NO;SI;SI;;;;SI;NASDAQ
MRKR;NO;SI;SI;;;;SI;NASDAQ
MRNA;NO;SI;SI;;;;NO;NASDAQ
MRP;NO;SI;SI;;;;NO;NYSE
MRPLY;NO;SI;SI;;;;NO;OTC
MRTN;NO;SI;SI;;;;NO;NASDAQ
MRVI;NO;SI;SI;;;;NO;NASDAQ
MRVL;NO;SI;SI;;;;NO;NASDAQ
MRX;NO;SI;SI;;;;NO;NASDAQ
MS;NO;SI;SI;;;;NO;NYSE
MS.PRA;NO;SI;SI;;;;SI;NYSE
MS.PRI;NO;SI;SI;;;;SI;NYSE
MS.PRK;NO;SI;SI;;;;SI;NYSE
MS.PRO;NO;SI;SI;;;;SI;NYSE
MS.PRP;NO;SI;SI;;;;SI;NYSE
MSA;NO;SI;SI;;;;NO;NYSE
MSB;NO;SI;SI;;;;SI;NYSE
MSBI;NO;SI;SI;;;;NO;NASDAQ
MSCI;NO;SI;SI;;;;NO;NYSE
MSEX;NO;SI;SI;;;;NO;NASDAQ
MSFL;NO;SI;SI;;;;NO;NASDAQ
MSFT;NO;SI;SI;;;;NO;NASDAQ
MSFX;NO;SI;SI;;;;NO;BATS
MSGE;NO;SI;SI;;;;NO;NYSE
MSGS;NO;SI;SI;;;;NO;NYSE
MSI;NO;SI;SI;;;;NO;NYSE
MSIF;NO;SI;SI;;;;SI;NYSE
MSTR;NO;SI;SI;;;;NO;NASDAQ
MT;NO;SI;SI;;;;NO;NYSE
MTA;NO;SI;SI;;;;NO;AMEX
MTB;NO;SI;SI;;;;NO;NYSE
MTB.PRJ;NO;SI;SI;;;;SI;NYSE
MTBA;NO;SI;SI;;;;NO;ARCA
MTCH;NO;SI;SI;;;;NO;NASDAQ
MTD;NO;SI;SI;;;;NO;NYSE
MTDR;NO;SI;SI;;;;NO;NYSE
MTG;NO;SI;SI;;;;NO;NYSE
MTH;NO;SI;SI;;;;NO;NYSE
MTN;NO;SI;SI;;;;NO;NYSE
MTRN;NO;SI;SI;;;;NO;NYSE
MTSI;NO;SI;SI;;;;NO;NASDAQ
MTUM;NO;SI;SI;;;;NO;BATS
MTUS;NO;SI;SI;;;;NO;NYSE
MTW;NO;SI;SI;;;;NO;NYSE
MTX;NO;SI;SI;;;;NO;NYSE
MU;NO;SI;SI;;;;NO;NASDAQ
MUC;NO;SI;SI;;;;NO;NYSE
MUFG;NO;SI;SI;;;;NO;NYSE
MUSA;NO;SI;SI;;;;NO;NYSE
MUSI;NO;SI;SI;;;;NO;ARCA
MUX;NO;SI;SI;;;;NO;NYSE
MVBF;NO;SI;SI;;;;NO;NASDAQ
MWA;NO;SI;SI;;;;NO;NYSE
MWH;NO;SI;SI;;;;NO;NASDAQ
MX;NO;SI;SI;;;;SI;NYSE
MXCT;NO;SI;SI;;;;NO;NASDAQ
MXL;NO;SI;SI;;;;NO;NASDAQ
MYE;NO;SI;SI;;;;NO;NYSE
MYFW;NO;SI;SI;;;;SI;NASDAQ
MYGN;NO;SI;SI;;;;NO;NASDAQ
MYN;NO;SI;SI;;;;NO;NYSE
MYO;NO;SI;SI;;;;SI;AMEX
MYRG;NO;SI;SI;;;;NO;NASDAQ
NABL;NO;SI;SI;;;;NO;NYSE
NAGE;NO;SI;SI;;;;NO;NASDAQ
NAIL;NO;SI;SI;;;;NO;ARCA
NAK;NO;SI;SI;;;;NO;AMEX
NAKA;NO;SI;SI;;;;SI;NASDAQ
NAMS;NO;SI;SI;;;;NO;NASDAQ
NANC;NO;SI;SI;;;;NO;BATS
NASA;NO;SI;SI;;;;NO;ARCA
NAT;NO;SI;SI;;;;NO;NYSE
NATH;NO;SI;SI;;;;SI;NASDAQ
NATL;NO;SI;SI;;;;NO;NYSE
NATO;NO;SI;SI;;;;NO;NASDAQ
NATR;NO;SI;SI;;;;SI;NASDAQ
NAVI;NO;SI;SI;;;;NO;NASDAQ
NAVN;NO;SI;SI;;;;NO;NASDAQ
NB;NO;SI;SI;;;;NO;NASDAQ
NBB;NO;SI;SI;;;;NO;NYSE
NBBK;NO;SI;SI;;;;NO;NASDAQ
NBHC;NO;SI;SI;;;;NO;NYSE
NBIS;NO;SI;SI;;;;NO;NASDAQ
NBIX;NO;SI;SI;;;;NO;NASDAQ
NBN;NO;SI;SI;;;;NO;NASDAQ
NBR;NO;SI;SI;;;;NO;NYSE
NBTB;NO;SI;SI;;;;NO;NASDAQ
NBXG;NO;SI;SI;;;;NO;NYSE
NC;NO;SI;SI;;;;SI;NYSE
NCDL;NO;SI;SI;;;;SI;NYSE
NCLH;NO;SI;SI;;;;NO;NYSE
NCLTY;NO;SI;SI;;;;NO;OTC
NCMI;NO;SI;SI;;;;NO;NASDAQ
NDAQ;NO;SI;SI;;;;NO;NASDAQ
NDEKY;NO;SI;SI;;;;NO;OTC
NDLS;NO;SI;SI;;;;SI;NASDAQ
NDMO;NO;SI;SI;;;;NO;NYSE
NE;NO;SI;SI;;;;NO;NYSE
NEA;NO;SI;SI;;;;NO;NYSE
NEAR;NO;SI;SI;;;;NO;BATS
NECB;NO;SI;SI;;;;NO;NASDAQ
NEE;NO;SI;SI;;;;NO;NYSE
NEE.PRS;NO;SI;SI;;;;SI;NYSE
NEE.PRT;NO;SI;SI;;;;SI;NYSE
NEE.PRW;NO;SI;SI;;;;SI;NYSE
NEM;NO;SI;SI;;;;NO;NYSE
NEO;NO;SI;SI;;;;NO;NASDAQ
NEOG;NO;SI;SI;;;;NO;NASDAQ
NEOV;NO;SI;SI;;;;NO;NASDAQ
NEPH;NO;SI;SI;;;;SI;NASDAQ
NESR;NO;SI;SI;;;;NO;NASDAQ
NET;NO;SI;SI;;;;NO;NYSE
NEU;NO;SI;SI;;;;NO;NYSE
NEWT;NO;SI;SI;;;;NO;NASDAQ
NEXM;NO;SI;SI;;;;SI;NASDAQ
NEXN;NO;SI;SI;;;;NO;NASDAQ
NEXT;NO;SI;SI;;;;NO;NASDAQ
NFG;NO;SI;SI;;;;NO;NYSE
NFGC;NO;SI;SI;;;;NO;AMEX
NFLP;NO;SI;SI;;;;NO;BATS
NFLX;NO;SI;SI;;;;NO;NASDAQ
NFTY;NO;SI;SI;;;;NO;NASDAQ
NG;NO;SI;SI;;;;NO;AMEX
NGEN;NO;SI;SI;;;;NO;NASDAQ
NGG;NO;SI;SI;;;;NO;NYSE
NGL;NO;SI;SI;;;;SI;NYSE
NGNE;NO;SI;SI;;;;NO;NASDAQ
NGS;NO;SI;SI;;;;SI;NYSE
NGVC;NO;SI;SI;;;;NO;NYSE
NGVT;NO;SI;SI;;;;NO;NYSE
NHC;NO;SI;SI;;;;NO;AMEX
NHI;NO;SI;SI;;;;NO;NYSE
NHIC;NO;SI;SI;;;;SI;NASDAQ
NHP;NO;SI;SI;;;;NO;NASDAQ
NHTC;NO;SI;SI;;;;SI;NASDAQ
NI;NO;SI;SI;;;;NO;NYSE
NIC;NO;SI;SI;;;;NO;NYSE
NICE;NO;SI;SI;;;;NO;NASDAQ
NIKL;NO;SI;SI;;;;NO;NASDAQ
NIO;NO;SI;SI;;;;NO;NYSE
NIQ;NO;SI;SI;;;;NO;NYSE
NITE;NO;SI;SI;;;;NO;ARCA
NIU;NO;SI;SI;;;;NO;NASDAQ
NJR;NO;SI;SI;;;;NO;NYSE
NKE;NO;SI;SI;;;;NO;NYSE
NKSH;NO;SI;SI;;;;SI;NASDAQ
NKTR;NO;SI;SI;;;;NO;NASDAQ
NKTX;NO;SI;SI;;;;NO;NASDAQ
NLOP;NO;SI;SI;;;;NO;NYSE
NLR;NO;SI;SI;;;;NO;ARCA
NLY;NO;SI;SI;;;;NO;NYSE
NLY.PRG;NO;SI;SI;;;;SI;NYSE
NMAX;NO;SI;SI;;;;NO;NYSE
NMIH;NO;SI;SI;;;;NO;NASDAQ
NMM;NO;SI;SI;;;;SI;NYSE
NMRA;NO;SI;SI;;;;NO;NASDAQ
NMRK;NO;SI;SI;;;;NO;NASDAQ
NMTC;NO;SI;SI;;;;SI;NASDAQ
NN;NO;SI;SI;;;;NO;NASDAQ
NNDM;NO;SI;SI;;;;NO;NASDAQ
NNE;NO;SI;SI;;;;NO;NASDAQ
NNI;NO;SI;SI;;;;NO;NYSE
NNN;NO;SI;SI;;;;NO;NYSE
NNVC;NO;SI;SI;;;;SI;AMEX
NOAH;NO;SI;SI;;;;NO;NYSE
NOBL;NO;SI;SI;;;;NO;BATS
NOC;NO;SI;SI;;;;NO;NYSE
NODE;NO;SI;SI;;;;NO;BATS
NODK;NO;SI;SI;;;;SI;NASDAQ
NOG;NO;SI;SI;;;;NO;NYSE
NOK;NO;SI;SI;;;;NO;NYSE
NOMD;NO;SI;SI;;;;NO;NYSE
NOW;NO;SI;SI;;;;NO;NYSE
NP;NO;SI;SI;;;;NO;NYSE
NPB;NO;SI;SI;;;;SI;NYSE
NPCE;NO;SI;SI;;;;NO;NASDAQ
NPFD;NO;SI;SI;;;;NO;NYSE
NPK;NO;SI;SI;;;;NO;NYSE
NPKI;NO;SI;SI;;;;NO;NYSE
NPO;NO;SI;SI;;;;NO;NYSE
NPWR;NO;SI;SI;;;;NO;NYSE
NRC;NO;SI;SI;;;;NO;NASDAQ
NRDS;NO;SI;SI;;;;NO;NASDAQ
NREF;NO;SI;SI;;;;NO;NYSE
NRG;NO;SI;SI;;;;NO;NYSE
NRGV;NO;SI;SI;;;;NO;NYSE
NRIM;NO;SI;SI;;;;NO;NASDAQ
NRIX;NO;SI;SI;;;;NO;NASDAQ
NRP;NO;SI;SI;;;;SI;NYSE
NRXS;NO;SI;SI;;;;SI;AMEX
NSC;NO;SI;SI;;;;NO;NYSE
NSIT;NO;SI;SI;;;;NO;NASDAQ
NSLR;NO;SI;SI;;;;SI;NASDAQ
NSRGY;NO;SI;SI;;;;NO;OTC
NSSC;NO;SI;SI;;;;NO;NASDAQ
NTB;NO;SI;SI;;;;NO;NYSE
NTCT;NO;SI;SI;;;;NO;NASDAQ
NTDOY;NO;SI;SI;;;;NO;OTC
NTES;NO;SI;SI;;;;NO;NASDAQ
NTIC;NO;SI;SI;;;;SI;NASDAQ
NTLA;NO;SI;SI;;;;NO;NASDAQ
NTNX;NO;SI;SI;;;;NO;NASDAQ
NTR;NO;SI;SI;;;;NO;NYSE
NTRA;NO;SI;SI;;;;NO;NASDAQ
NTRS;NO;SI;SI;;;;NO;NASDAQ
NTSI;NO;SI;SI;;;;NO;ARCA
NTSK;NO;SI;SI;;;;NO;NASDAQ
NTST;NO;SI;SI;;;;NO;NYSE
NTSX;NO;SI;SI;;;;NO;ARCA
NTTYY;NO;SI;SI;;;;NO;OTC
NU;NO;SI;SI;;;;NO;NYSE
NUGT;NO;SI;SI;;;;NO;ARCA
NUKZ;NO;SI;SI;;;;NO;ARCA
NULG;NO;SI;SI;;;;NO;BATS
NUMG;NO;SI;SI;;;;NO;BATS
NUS;NO;SI;SI;;;;NO;NYSE
NUSC;NO;SI;SI;;;;NO;BATS
NUTX;NO;SI;SI;;;;NO;NASDAQ
NUVB;NO;SI;SI;;;;NO;NYSE
NVAX;NO;SI;SI;;;;NO;NASDAQ
NVCR;NO;SI;SI;;;;NO;NASDAQ
NVCT;NO;SI;SI;;;;SI;NASDAQ
NVDA;NO;SI;SI;;;;NO;NASDAQ
NVDY;NO;SI;SI;;;;NO;ARCA
NVEC;NO;SI;SI;;;;NO;NASDAQ
NVGS;NO;SI;SI;;;;NO;NYSE
NVMI;NO;SI;SI;;;;SI;NASDAQ
NVNO;NO;SI;SI;;;;SI;NASDAQ
NVO;NO;SI;SI;;;;NO;NYSE
NVRI;NO;SI;SI;;;;NO;NYSE
NVS;NO;SI;SI;;;;NO;NYSE
NVST;NO;SI;SI;;;;NO;NYSE
NVT;NO;SI;SI;;;;NO;NYSE
NWBI;NO;SI;SI;;;;NO;NASDAQ
NWE;NO;SI;SI;;;;NO;NASDAQ
NWFL;NO;SI;SI;;;;SI;NASDAQ
NWG;NO;SI;SI;;;;NO;NYSE
NWL;NO;SI;SI;;;;NO;NASDAQ
NWN;NO;SI;SI;;;;NO;NYSE
NWPX;NO;SI;SI;;;;NO;NASDAQ
NWS;NO;SI;SI;;;;NO;NASDAQ
NWSA;NO;SI;SI;;;;NO;NASDAQ
NWTG;NO;SI;SI;;;;SI;NASDAQ
NX;NO;SI;SI;;;;NO;NYSE
NXDR;NO;SI;SI;;;;NO;NYSE
NXDT;NO;SI;SI;;;;NO;NYSE
NXE;NO;SI;SI;;;;NO;NYSE
NXPI;NO;SI;SI;;;;NO;NASDAQ
NXRT;NO;SI;SI;;;;NO;NYSE
NXST;NO;SI;SI;;;;NO;NASDAQ
NXT;NO;SI;SI;;;;NO;NASDAQ
NZAC;NO;SI;SI;;;;NO;NASDAQ
O;NO;SI;SI;;;;NO;NYSE
OABI;NO;SI;SI;;;;NO;NASDAQ
OBDC;NO;SI;SI;;;;NO;NYSE
OBE;NO;SI;SI;;;;NO;AMEX
OBIO;NO;SI;SI;;;;NO;NASDAQ
OBK;NO;SI;SI;;;;NO;NYSE
OC;NO;SI;SI;;;;NO;NYSE
OCC;NO;SI;SI;;;;SI;NASDAQ
OCFC;NO;SI;SI;;;;NO;NASDAQ
OCTP;NO;SI;SI;;;;NO;BATS
OCUL;NO;SI;SI;;;;NO;NASDAQ
ODC;NO;SI;SI;;;;NO;NYSE
ODD;NO;SI;SI;;;;SI;NASDAQ
ODFL;NO;SI;SI;;;;NO;NASDAQ
OEC;NO;SI;SI;;;;NO;NYSE
OEF;NO;SI;SI;;;;NO;ARCA
OFIX;NO;SI;SI;;;;NO;NASDAQ
OFLX;NO;SI;SI;;;;NO;NASDAQ
OFRM;NO;SI;SI;;;;SI;NYSE
OGC;NO;SI;SI;;;;NO;NYSE
OGE;NO;SI;SI;;;;NO;NYSE
OGG;NO;SI;SI;;;;NO;NYSE
OGI;NO;SI;SI;;;;NO;NASDAQ
OGN;NO;SI;SI;;;;NO;NYSE
OGS;NO;SI;SI;;;;NO;NYSE
OHI;NO;SI;SI;;;;NO;NYSE
OI;NO;SI;SI;;;;NO;NYSE
OIH;NO;SI;SI;;;;NO;ARCA
OII;NO;SI;SI;;;;NO;NYSE
OIS;NO;SI;SI;;;;NO;NYSE
OKLO;NO;SI;SI;;;;NO;NYSE
OKTA;NO;SI;SI;;;;NO;NASDAQ
OKUR;NO;SI;SI;;;;SI;NASDAQ
OLED;NO;SI;SI;;;;NO;NASDAQ
OLLI;NO;SI;SI;;;;NO;NASDAQ
OLMA;NO;SI;SI;;;;NO;NASDAQ
OLN;NO;SI;SI;;;;NO;NYSE
OLP;NO;SI;SI;;;;NO;NYSE
OM;NO;SI;SI;;;;SI;NASDAQ
OMAB;NO;SI;SI;;;;SI;NASDAQ
OMAH;NO;SI;SI;;;;NO;ARCA
OMC;NO;SI;SI;;;;NO;NYSE
OMCL;NO;SI;SI;;;;NO;NASDAQ
OMDA;NO;SI;SI;;;;NO;NASDAQ
OMER;NO;SI;SI;;;;NO;NASDAQ
OMF;NO;SI;SI;;;;NO;NYSE
OMFL;NO;SI;SI;;;;NO;BATS
ON;NO;SI;SI;;;;NO;NASDAQ
ONB;NO;SI;SI;;;;NO;NASDAQ
ONC;NO;SI;SI;;;;NO;NASDAQ
ONEQ;NO;SI;SI;;;;NO;NASDAQ
ONEW;NO;SI;SI;;;;NO;NASDAQ
ONIT;NO;SI;SI;;;;NO;NYSE
ONL;NO;SI;SI;;;;NO;NYSE
ONON;NO;SI;SI;;;;NO;NYSE
ONT;NO;SI;SI;;;;NO;NYSE
ONTO;NO;SI;SI;;;;NO;NYSE
OOMA;NO;SI;SI;;;;NO;NYSE
OPAL;NO;SI;SI;;;;SI;NASDAQ
OPBK;NO;SI;SI;;;;SI;NASDAQ
OPCH;NO;SI;SI;;;;NO;NASDAQ
OPEN;NO;SI;SI;;;;NO;NASDAQ
OPFI;NO;SI;SI;;;;NO;NYSE
OPK;NO;SI;SI;;;;NO;NASDAQ
OPLN;NO;SI;SI;;;;NO;NYSE
OPP;NO;SI;SI;;;;NO;NYSE
OPPE;NO;SI;SI;;;;NO;ARCA
OPRA;NO;SI;SI;;;;NO;NASDAQ
OPRT;NO;SI;SI;;;;SI;NASDAQ
OPRX;NO;SI;SI;;;;SI;NASDAQ
OPXS;NO;SI;SI;;;;SI;NASDAQ
OPY;NO;SI;SI;;;;SI;NYSE
OR;NO;SI;SI;;;;NO;NYSE
ORA;NO;SI;SI;;;;NO;NYSE
ORC;NO;SI;SI;;;;NO;NYSE
ORCL;NO;SI;SI;;;;NO;NYSE
ORCL.PRD;NO;SI;SI;;;;SI;NYSE
ORGO;NO;SI;SI;;;;NO;NASDAQ
ORI;NO;SI;SI;;;;NO;NYSE
ORIC;NO;SI;SI;;;;NO;NASDAQ
ORKA;NO;SI;SI;;;;NO;NASDAQ
ORLY;NO;SI;SI;;;;NO;NASDAQ
ORMP;NO;SI;SI;;;;SI;NASDAQ
ORN;NO;SI;SI;;;;SI;NYSE
ORR;NO;SI;SI;;;;NO;NASDAQ
ORRF;NO;SI;SI;;;;NO;NASDAQ
OSBC;NO;SI;SI;;;;NO;NASDAQ
OSCR;NO;SI;SI;;;;NO;NYSE
OSG;NO;SI;SI;;;;NO;NYSE
OSIS;NO;SI;SI;;;;NO;NASDAQ
OSK;NO;SI;SI;;;;NO;NYSE
OSPN;NO;SI;SI;;;;NO;NASDAQ
OSS;NO;SI;SI;;;;SI;NASDAQ
OSUR;NO;SI;SI;;;;NO;NASDAQ
OSW;NO;SI;SI;;;;NO;NASDAQ
OTAI;NO;SI;SI;;;;SI;NYSE
OTEX;NO;SI;SI;;;;NO;NASDAQ
OTLY;NO;SI;SI;;;;SI;NASDAQ
OTSKY;NO;SI;SI;;;;NO;OTC
OTTR;NO;SI;SI;;;;NO;NASDAQ
OUNZ;NO;SI;SI;;;;NO;ARCA
OUSA;NO;SI;SI;;;;NO;ARCA
OUSM;NO;SI;SI;;;;NO;ARCA
OUST;NO;SI;SI;;;;NO;NASDAQ
OUT;NO;SI;SI;;;;NO;NYSE
OVID;NO;SI;SI;;;;NO;NASDAQ
OVLH;NO;SI;SI;;;;NO;BATS
OVLY;NO;SI;SI;;;;SI;NASDAQ
OVV;NO;SI;SI;;;;NO;NYSE
OWL;NO;SI;SI;;;;NO;NYSE
OWLT;NO;SI;SI;;;;SI;NYSE
OXM;NO;SI;SI;;;;NO;NYSE
OXY;NO;SI;SI;;;;NO;NYSE
OZ;NO;SI;SI;;;;SI;AMEX
OZK;NO;SI;SI;;;;NO;NASDAQ
PAA;NO;SI;SI;;;;NO;NASDAQ
PAAA;NO;SI;SI;;;;NO;ARCA
PAAS;NO;SI;SI;;;;NO;NYSE
PAC;NO;SI;SI;;;;SI;NYSE
PACB;NO;SI;SI;;;;NO;NASDAQ
PACK;NO;SI;SI;;;;NO;NYSE
PAG;NO;SI;SI;;;;NO;NYSE
PAGP;NO;SI;SI;;;;SI;NASDAQ
PAHC;NO;SI;SI;;;;NO;NASDAQ
PAL;NO;SI;SI;;;;SI;NASDAQ
PALI;NO;SI;SI;;;;NO;NASDAQ
PANL;NO;SI;SI;;;;NO;NASDAQ
PANW;NO;SI;SI;;;;NO;NASDAQ
PAPR;NO;SI;SI;;;;NO;BATS
PARR;NO;SI;SI;;;;NO;NYSE
PASG;NO;SI;SI;;;;SI;NASDAQ
PATH;NO;SI;SI;;;;NO;NYSE
PATK;NO;SI;SI;;;;NO;NASDAQ
PAUG;NO;SI;SI;;;;NO;BATS
PAVE;NO;SI;SI;;;;NO;BATS
PAX;NO;SI;SI;;;;NO;NASDAQ
PAXS;NO;SI;SI;;;;NO;NYSE
PAY;NO;SI;SI;;;;NO;NYSE
PAYC;NO;SI;SI;;;;NO;NYSE
PAYO;NO;SI;SI;;;;NO;NASDAQ
PAYS;NO;SI;SI;;;;NO;NASDAQ
PAYX;NO;SI;SI;;;;NO;NASDAQ
PB;NO;SI;SI;;;;NO;NYSE
PBA;NO;SI;SI;;;;NO;NYSE
PBE;NO;SI;SI;;;;NO;ARCA
PBF;NO;SI;SI;;;;NO;NYSE
PBFS;NO;SI;SI;;;;SI;NASDAQ
PBH;NO;SI;SI;;;;NO;NYSE
PBHC;NO;SI;SI;;;;SI;NASDAQ
PBI;NO;SI;SI;;;;NO;NYSE
PBJN;NO;SI;SI;;;;NO;BATS
PBLS;NO;SI;SI;;;;NO;NASDAQ
PBR;NO;SI;SI;;;;NO;NYSE
PBR.A;NO;SI;SI;;;;NO;NYSE
PBT;NO;SI;SI;;;;SI;NYSE
PBW;NO;SI;SI;;;;NO;ARCA
PBYI;NO;SI;SI;;;;NO;NASDAQ
PCAR;NO;SI;SI;;;;NO;NASDAQ
PCB;NO;SI;SI;;;;SI;NASDAQ
PCF;NO;SI;SI;;;;NO;NYSE
PCG;NO;SI;SI;;;;NO;NYSE
PCN;NO;SI;SI;;;;NO;NYSE
PCOR;NO;SI;SI;;;;NO;NYSE
PCRX;NO;SI;SI;;;;NO;NASDAQ
PCT;NO;SI;SI;;;;NO;NASDAQ
PCTY;NO;SI;SI;;;;NO;NASDAQ
PCY;NO;SI;SI;;;;NO;ARCA
PCYO;NO;SI;SI;;;;SI;NASDAQ
PDBA;NO;SI;SI;;;;NO;NASDAQ
PDBC;NO;SI;SI;;;;NO;NASDAQ
PDEX;NO;SI;SI;;;;SI;NASDAQ
PDFS;NO;SI;SI;;;;NO;NASDAQ
PDI;NO;SI;SI;;;;NO;NYSE
PDLB;NO;SI;SI;;;;SI;NASDAQ
PDM;NO;SI;SI;;;;NO;NYSE
PDO;NO;SI;SI;;;;NO;NYSE
PDP;NO;SI;SI;;;;NO;NASDAQ
PDS;NO;SI;SI;;;;SI;NYSE
PDT;NO;SI;SI;;;;NO;NYSE
PDX;NO;SI;SI;;;;NO;NYSE
PEB;NO;SI;SI;;;;NO;NYSE
PEBK;NO;SI;SI;;;;SI;NASDAQ
PEBO;NO;SI;SI;;;;NO;NASDAQ
PECO;NO;SI;SI;;;;NO;NASDAQ
PEG;NO;SI;SI;;;;NO;NYSE
PEGA;NO;SI;SI;;;;NO;NASDAQ
PEN;NO;SI;SI;;;;NO;NYSE
PENG;NO;SI;SI;;;;NO;NASDAQ
PENN;NO;SI;SI;;;;NO;NASDAQ
PEO;NO;SI;SI;;;;NO;NYSE
PEPG;NO;SI;SI;;;;NO;NASDAQ
PERI;NO;SI;SI;;;;SI;NASDAQ
PESI;NO;SI;SI;;;;SI;NASDAQ
PETS;NO;SI;SI;;;;SI;NASDAQ
PEW;NO;SI;SI;;;;SI;NYSE
PFBC;NO;SI;SI;;;;NO;NASDAQ
PFEB;NO;SI;SI;;;;NO;BATS
PFF;NO;SI;SI;;;;NO;NASDAQ
PFFD;NO;SI;SI;;;;NO;ARCA
PFG;NO;SI;SI;;;;NO;NASDAQ
PFGC;NO;SI;SI;;;;NO;NYSE
PFH;NO;SI;SI;;;;SI;NYSE
PFIS;NO;SI;SI;;;;NO;NASDAQ
PFLT;NO;SI;SI;;;;NO;NYSE
PFM;NO;SI;SI;;;;NO;NASDAQ
PFN;NO;SI;SI;;;;NO;NYSE
PFS;NO;SI;SI;;;;NO;NYSE
PFSI;NO;SI;SI;;;;NO;NYSE
PG;NO;SI;SI;;;;NO;NYSE
PGC;NO;SI;SI;;;;NO;NASDAQ
PGEN;NO;SI;SI;;;;NO;NASDAQ
PGF;NO;SI;SI;;;;NO;ARCA
PGNY;NO;SI;SI;;;;NO;NASDAQ
PGR;NO;SI;SI;;;;NO;NYSE
PGX;NO;SI;SI;;;;NO;ARCA
PH;NO;SI;SI;;;;NO;NYSE
PHAT;NO;SI;SI;;;;NO;NASDAQ
PHDG;NO;SI;SI;;;;NO;ARCA
PHG;NO;SI;SI;;;;NO;NYSE
PHI;NO;SI;SI;;;;NO;NYSE
PHIN;NO;SI;SI;;;;NO;NYSE
PHK;NO;SI;SI;;;;NO;NYSE
PHM;NO;SI;SI;;;;NO;NYSE
PHO;NO;SI;SI;;;;NO;NASDAQ
PHR;NO;SI;SI;;;;NO;NYSE
PHUN;NO;SI;SI;;;;SI;NASDAQ
PHVS;NO;SI;SI;;;;NO;NASDAQ
PHYL;NO;SI;SI;;;;NO;ARCA
PHYS;NO;SI;SI;;;;NO;ARCA
PI;NO;SI;SI;;;;NO;NASDAQ
PICS;NO;SI;SI;;;;SI;NASDAQ
PID;NO;SI;SI;;;;NO;NASDAQ
PII;NO;SI;SI;;;;NO;NYSE
PINE;NO;SI;SI;;;;NO;NYSE
PINK;NO;SI;SI;;;;NO;ARCA
PINS;NO;SI;SI;;;;NO;NYSE
PIPR;NO;SI;SI;;;;NO;NYSE
PJT;NO;SI;SI;;;;NO;NYSE
PJUN;NO;SI;SI;;;;NO;BATS
PK;NO;SI;SI;;;;NO;NYSE
PKBK;NO;SI;SI;;;;SI;NASDAQ
PKE;NO;SI;SI;;;;NO;NYSE
PKG;NO;SI;SI;;;;NO;NYSE
PKOH;NO;SI;SI;;;;SI;NASDAQ
PKX;NO;SI;SI;;;;NO;NYSE
PL;NO;SI;SI;;;;NO;NYSE
PLAB;NO;SI;SI;;;;NO;NASDAQ
PLAY;NO;SI;SI;;;;NO;NASDAQ
PLBY;NO;SI;SI;;;;NO;NASDAQ
PLD;NO;SI;SI;;;;NO;NYSE
PLG;NO;SI;SI;;;;NO;AMEX
PLMK;NO;SI;SI;;;;SI;NASDAQ
PLMR;NO;SI;SI;;;;NO;NASDAQ
PLNT;NO;SI;SI;;;;NO;NYSE
PLPC;NO;SI;SI;;;;NO;NASDAQ
PLRX;NO;SI;SI;;;;NO;NASDAQ
PLSE;NO;SI;SI;;;;NO;NASDAQ
PLTG;NO;SI;SI;;;;NO;NASDAQ
PLTK;NO;SI;SI;;;;NO;NASDAQ
PLTM;NO;SI;SI;;;;NO;ARCA
PLTR;NO;SI;SI;;;;NO;NASDAQ
PLTW;NO;SI;SI;;;;NO;BATS
PLUG;NO;SI;SI;;;;NO;NASDAQ
PLUS;NO;SI;SI;;;;NO;NASDAQ
PLX;NO;SI;SI;;;;NO;AMEX
PLXS;NO;SI;SI;;;;NO;NASDAQ
PM;NO;SI;SI;;;;NO;NYSE
PMAR;NO;SI;SI;;;;NO;BATS
PMAY;NO;SI;SI;;;;NO;BATS
PMMF;NO;SI;SI;;;;NO;NYSE
PMT;NO;SI;SI;;;;NO;NYSE
PMTS;NO;SI;SI;;;;SI;NASDAQ
PMVP;NO;SI;SI;;;;NO;NASDAQ
PNBK;NO;SI;SI;;;;NO;NASDAQ
PNC;NO;SI;SI;;;;NO;NYSE
PNFP;NO;SI;SI;;;;NO;NYSE
PNGAY;NO;SI;SI;;;;NO;OTC
PNNT;NO;SI;SI;;;;NO;NYSE
PNQI;NO;SI;SI;;;;NO;NASDAQ
PNR;NO;SI;SI;;;;NO;NYSE
PNRG;NO;SI;SI;;;;SI;NASDAQ
PNTG;NO;SI;SI;;;;NO;NASDAQ
PNW;NO;SI;SI;;;;NO;NYSE
POAHY;NO;SI;SI;;;;NO;OTC
PODD;NO;SI;SI;;;;NO;NASDAQ
PONY;NO;SI;SI;;;;NO;NASDAQ
POOL;NO;SI;SI;;;;NO;NASDAQ
POR;NO;SI;SI;;;;NO;NYSE
POST;NO;SI;SI;;;;NO;NYSE
POWA;NO;SI;SI;;;;NO;ARCA
POWI;NO;SI;SI;;;;NO;NASDAQ
POWL;NO;SI;SI;;;;NO;NASDAQ
POWW;NO;SI;SI;;;;NO;NASDAQ
PPA;NO;SI;SI;;;;NO;ARCA
PPC;NO;SI;SI;;;;NO;NASDAQ
PPG;NO;SI;SI;;;;NO;NYSE
PPH;NO;SI;SI;;;;NO;NASDAQ
PPIH;NO;SI;SI;;;;SI;NASDAQ
PPLI;NO;SI;SI;;;;NO;NASDAQ
PPTA;NO;SI;SI;;;;NO;NASDAQ
PR;NO;SI;SI;;;;NO;NYSE
PRAX;NO;SI;SI;;;;NO;NASDAQ
PRCT;NO;SI;SI;;;;NO;NASDAQ
PRDO;NO;SI;SI;;;;NO;NASDAQ
PRE;NO;SI;SI;;;;SI;NASDAQ
PRFZ;NO;SI;SI;;;;NO;NASDAQ
PRG;NO;SI;SI;;;;NO;NYSE
PRGO;NO;SI;SI;;;;NO;NYSE
PRGS;NO;SI;SI;;;;NO;NASDAQ
PRI;NO;SI;SI;;;;NO;NYSE
PRIM;NO;SI;SI;;;;NO;NYSE
PRK;NO;SI;SI;;;;NO;AMEX
PRKS;NO;SI;SI;;;;NO;NYSE
PRLB;NO;SI;SI;;;;NO;NYSE
PRLD;NO;SI;SI;;;;NO;NASDAQ
PRM;NO;SI;SI;;;;NO;NYSE
PRMB;NO;SI;SI;;;;NO;NYSE
PRME;NO;SI;SI;;;;NO;NASDAQ
PROF;NO;SI;SI;;;;SI;NASDAQ
PROSY;NO;SI;SI;;;;NO;OTC
PROV;NO;SI;SI;;;;SI;NASDAQ
PRPL;NO;SI;SI;;;;SI;NASDAQ
PRPO;NO;SI;SI;;;;SI;NASDAQ
PRSU;NO;SI;SI;;;;NO;NYSE
PRT;NO;SI;SI;;;;SI;NYSE
PRTA;NO;SI;SI;;;;NO;NASDAQ
PRTH;NO;SI;SI;;;;NO;NASDAQ
PRTS;NO;SI;SI;;;;SI;NASDAQ
PRVA;NO;SI;SI;;;;NO;NASDAQ
PSA;NO;SI;SI;;;;NO;NYSE
PSA.PRI;NO;SI;SI;;;;SI;NYSE
PSA.PRL;NO;SI;SI;;;;SI;NYSE
PSA.PRM;NO;SI;SI;;;;SI;NYSE
PSA.PRN;NO;SI;SI;;;;SI;NYSE
PSA.PRR;NO;SI;SI;;;;SI;NYSE
PSCE;NO;SI;SI;;;;NO;NASDAQ
PSCH;NO;SI;SI;;;;NO;NASDAQ
PSCT;NO;SI;SI;;;;NO;NASDAQ
PSEC;NO;SI;SI;;;;NO;NASDAQ
PSF;NO;SI;SI;;;;NO;NYSE
PSFE;NO;SI;SI;;;;NO;NYSE
PSFF;NO;SI;SI;;;;NO;BATS
PSIX;NO;SI;SI;;;;NO;NASDAQ
PSK;NO;SI;SI;;;;NO;ARCA
PSKY;NO;SI;SI;;;;NO;NASDAQ
PSMT;NO;SI;SI;;;;NO;NASDAQ
PSN;NO;SI;SI;;;;NO;NYSE
PSO;NO;SI;SI;;;;NO;NYSE
PSQ;NO;SI;SI;;;;NO;ARCA
PSUS;NO;SI;SI;;;;NO;NYSE
PSX;NO;SI;SI;;;;NO;NYSE
PTAIY;NO;SI;SI;;;;NO;OTC
PTC;NO;SI;SI;;;;NO;NASDAQ
PTCT;NO;SI;SI;;;;NO;NASDAQ
PTEN;NO;SI;SI;;;;NO;NASDAQ
PTGX;NO;SI;SI;;;;NO;NASDAQ
PTHS;NO;SI;SI;;;;SI;AMEX
PTLC;NO;SI;SI;;;;NO;BATS
PTLO;NO;SI;SI;;;;NO;NASDAQ
PTNQ;NO;SI;SI;;;;NO;NASDAQ
PTON;NO;SI;SI;;;;NO;NASDAQ
PTRN;NO;SI;SI;;;;NO;NASDAQ
PTY;NO;SI;SI;;;;NO;NYSE
PUBM;NO;SI;SI;;;;NO;NASDAQ
PUK;NO;SI;SI;;;;NO;NYSE
PULS;NO;SI;SI;;;;NO;ARCA
PUMP;NO;SI;SI;;;;NO;NYSE
PURR;NO;SI;SI;;;;NO;NASDAQ
PVH;NO;SI;SI;;;;NO;NYSE
PVLA;NO;SI;SI;;;;NO;NASDAQ
PWP;NO;SI;SI;;;;NO;NASDAQ
PXED;NO;SI;SI;;;;SI;NYSE
PXF;NO;SI;SI;;;;NO;ARCA
PXH;NO;SI;SI;;;;NO;ARCA
PXJ;NO;SI;SI;;;;NO;ARCA
PXLW;NO;SI;SI;;;;SI;NASDAQ
PYLD;NO;SI;SI;;;;NO;ARCA
PYPL;NO;SI;SI;;;;NO;NASDAQ
PYXS;NO;SI;SI;;;;NO;NASDAQ
PZG;NO;SI;SI;;;;NO;AMEX
PZZA;NO;SI;SI;;;;NO;NASDAQ
Q;NO;SI;SI;;;;NO;NYSE
QBTS;NO;SI;SI;;;;NO;NASDAQ
QCLN;NO;SI;SI;;;;NO;NASDAQ
QCRH;NO;SI;SI;;;;NO;NASDAQ
QDTE;NO;SI;SI;;;;NO;BATS
QDVO;NO;SI;SI;;;;NO;ARCA
QFIN;NO;SI;SI;;;;NO;NASDAQ
QGEN;NO;SI;SI;;;;NO;NYSE
QGRO;NO;SI;SI;;;;NO;ARCA
QGRW;NO;SI;SI;;;;NO;ARCA
QID;NO;SI;SI;;;;NO;ARCA
QLTA;NO;SI;SI;;;;NO;ARCA
QMCO;NO;SI;SI;;;;SI;NASDAQ
QNT;NO;SI;SI;;;;SI;NASDAQ
QQQ;NO;SI;SI;;;;NO;NASDAQ
QQQI;NO;SI;SI;;;;NO;NASDAQ
QQQJ;NO;SI;SI;;;;NO;NASDAQ
QQQM;NO;SI;SI;;;;NO;NASDAQ
QQQT;NO;SI;SI;;;;NO;NASDAQ
QQQX;NO;SI;SI;;;;NO;NASDAQ
QRHC;NO;SI;SI;;;;SI;NASDAQ
QRVO;NO;SI;SI;;;;NO;NASDAQ
QS;NO;SI;SI;;;;NO;NASDAQ
QSR;NO;SI;SI;;;;NO;NYSE
QTEC;NO;SI;SI;;;;NO;NASDAQ
QTI;NO;SI;SI;;;;SI;NASDAQ
QTOP;NO;SI;SI;;;;NO;NASDAQ
QTRX;NO;SI;SI;;;;NO;NASDAQ
QTTB;NO;SI;SI;;;;SI;NASDAQ
QTUM;NO;SI;SI;;;;NO;NASDAQ
QTWO;NO;SI;SI;;;;NO;NYSE
QUAD;NO;SI;SI;;;;SI;NYSE
QUAL;NO;SI;SI;;;;NO;BATS
QUIK;NO;SI;SI;;;;SI;NASDAQ
QURE;NO;SI;SI;;;;NO;NASDAQ
QXO;NO;SI;SI;;;;NO;NYSE
QYLD;NO;SI;SI;;;;NO;NASDAQ
QYLG;NO;SI;SI;;;;NO;NASDAQ
R;NO;SI;SI;;;;NO;NYSE
RA;NO;SI;SI;;;;NO;NYSE
RAAA;NO;SI;SI;;;;NO;ARCA
RACE;NO;SI;SI;;;;NO;NYSE
RAIL;NO;SI;SI;;;;SI;NASDAQ
RAL;NO;SI;SI;;;;NO;NYSE
RAMP;NO;SI;SI;;;;NO;NYSE
RAND;NO;SI;SI;;;;SI;NASDAQ
RAPP;NO;SI;SI;;;;NO;NASDAQ
RARE;NO;SI;SI;;;;NO;NASDAQ
RAVI;NO;SI;SI;;;;NO;ARCA
RBA;NO;SI;SI;;;;NO;NYSE
RBBN;NO;SI;SI;;;;NO;NASDAQ
RBC;NO;SI;SI;;;;NO;NYSE
RBCAA;NO;SI;SI;;;;NO;NASDAQ
RBGLY;NO;SI;SI;;;;NO;OTC
RBKB;NO;SI;SI;;;;SI;NASDAQ
RBRK;NO;SI;SI;;;;NO;NYSE
RBUF;NO;SI;SI;;;;NO;BATS
RCAT;NO;SI;SI;;;;NO;NASDAQ
RCI;NO;SI;SI;;;;NO;NYSE
RCKT;NO;SI;SI;;;;NO;NASDAQ
RCKY;NO;SI;SI;;;;SI;NASDAQ
RCL;NO;SI;SI;;;;NO;NYSE
RCMT;NO;SI;SI;;;;SI;NASDAQ
RCRUY;NO;SI;SI;;;;NO;OTC
RCS;NO;SI;SI;;;;NO;NYSE
RCUS;NO;SI;SI;;;;NO;NYSE
RDCM;NO;SI;SI;;;;SI;NASDAQ
RDDT;NO;SI;SI;;;;NO;NYSE
RDNT;NO;SI;SI;;;;NO;NASDAQ
RDNW;NO;SI;SI;;;;SI;NASDAQ
RDTE;NO;SI;SI;;;;NO;BATS
RDVT;NO;SI;SI;;;;NO;NASDAQ
RDW;NO;SI;SI;;;;NO;NYSE
RDWR;NO;SI;SI;;;;SI;NASDAQ
RDY;NO;SI;SI;;;;NO;NYSE
RDZN;NO;SI;SI;;;;NO;NASDAQ
REAL;NO;SI;SI;;;;NO;NASDAQ
REAX;NO;SI;SI;;;;NO;NASDAQ
REET;NO;SI;SI;;;;NO;ARCA
REFI;NO;SI;SI;;;;NO;NASDAQ
REG;NO;SI;SI;;;;NO;NASDAQ
REGN;NO;SI;SI;;;;NO;NASDAQ
REI;NO;SI;SI;;;;NO;AMEX
RELL;NO;SI;SI;;;;SI;NASDAQ
RELY;NO;SI;SI;;;;NO;NASDAQ
REMX;NO;SI;SI;;;;NO;ARCA
RENT;NO;SI;SI;;;;SI;NASDAQ
REPL;NO;SI;SI;;;;NO;NASDAQ
RERE;NO;SI;SI;;;;NO;NYSE
RES;NO;SI;SI;;;;NO;NYSE
REX;NO;SI;SI;;;;NO;NYSE
REXR;NO;SI;SI;;;;NO;NYSE
REYN;NO;SI;SI;;;;NO;NASDAQ
REZ;NO;SI;SI;;;;NO;ARCA
REZI;NO;SI;SI;;;;NO;NYSE
RF;NO;SI;SI;;;;NO;NYSE
RF.PRC;NO;SI;SI;;;;SI;NYSE
RFI;NO;SI;SI;;;;NO;NYSE
RFIL;NO;SI;SI;;;;SI;NASDAQ
RFLR;NO;SI;SI;;;;NO;ARCA
RFMZ;NO;SI;SI;;;;NO;NYSE
RGCO;NO;SI;SI;;;;SI;NASDAQ
RGEN;NO;SI;SI;;;;NO;NASDAQ
RGLD;NO;SI;SI;;;;NO;NASDAQ
RGNX;NO;SI;SI;;;;NO;NASDAQ
RGP;NO;SI;SI;;;;SI;NASDAQ
RGR;NO;SI;SI;;;;NO;NYSE
RGT;NO;SI;SI;;;;NO;NYSE
RGTI;NO;SI;SI;;;;NO;NASDAQ
RHHBY;NO;SI;SI;;;;NO;OTC
RHI;NO;SI;SI;;;;NO;NYSE
RHLD;NO;SI;SI;;;;NO;NYSE
RHP;NO;SI;SI;;;;NO;NYSE
RICK;NO;SI;SI;;;;NO;NASDAQ
RIGL;NO;SI;SI;;;;NO;NASDAQ
RILY;NO;SI;SI;;;;NO;NASDAQ
RILYZ;NO;SI;SI;;;;SI;NASDAQ
RING;NO;SI;SI;;;;NO;NASDAQ
RIO;NO;SI;SI;;;;NO;NYSE
RIOT;NO;SI;SI;;;;NO;NASDAQ
RITM;NO;SI;SI;;;;NO;NYSE
RIV;NO;SI;SI;;;;NO;NYSE
RIVN;NO;SI;SI;;;;NO;NASDAQ
RJET;NO;SI;SI;;;;SI;NASDAQ
RJF;NO;SI;SI;;;;NO;NYSE
RKLB;NO;SI;SI;;;;NO;NASDAQ
RKT;NO;SI;SI;;;;NO;NYSE
RL;NO;SI;SI;;;;NO;NYSE
RLAY;NO;SI;SI;;;;NO;NASDAQ
RLGT;NO;SI;SI;;;;SI;AMEX
RLI;NO;SI;SI;;;;NO;NYSE
RLJ;NO;SI;SI;;;;NO;NYSE
RLJ.PRA;NO;SI;SI;;;;SI;NYSE
RLMD;NO;SI;SI;;;;NO;NASDAQ
RLTY;NO;SI;SI;;;;NO;NYSE
RLX;NO;SI;SI;;;;NO;NYSE
RMAX;NO;SI;SI;;;;NO;NYSE
RMBI;NO;SI;SI;;;;SI;NASDAQ
RMBS;NO;SI;SI;;;;NO;NASDAQ
RMIX;NO;SI;SI;;;;SI;NASDAQ
RMNI;NO;SI;SI;;;;NO;NASDAQ
RMR;NO;SI;SI;;;;NO;NASDAQ
RMT;NO;SI;SI;;;;NO;NYSE
RMTI;NO;SI;SI;;;;SI;NASDAQ
RNA;NO;SI;SI;;;;NO;NASDAQ
RNAC;NO;SI;SI;;;;SI;NASDAQ
RNG;NO;SI;SI;;;;NO;NYSE
RNGR;NO;SI;SI;;;;SI;NYSE
RNP;NO;SI;SI;;;;NO;NYSE
RNR;NO;SI;SI;;;;NO;NYSE
RNW;NO;SI;SI;;;;NO;NASDAQ
ROAD;NO;SI;SI;;;;NO;NASDAQ
ROBO;NO;SI;SI;;;;NO;ARCA
ROBT;NO;SI;SI;;;;NO;NASDAQ
ROCK;NO;SI;SI;;;;NO;NASDAQ
ROG;NO;SI;SI;;;;NO;NYSE
ROIV;NO;SI;SI;;;;NO;NASDAQ
ROK;NO;SI;SI;;;;NO;NYSE
ROKU;NO;SI;SI;;;;NO;NASDAQ
ROL;NO;SI;SI;;;;NO;NYSE
RONB;NO;SI;SI;;;;NO;NYSE
ROOT;NO;SI;SI;;;;NO;NASDAQ
ROP;NO;SI;SI;;;;NO;NASDAQ
ROST;NO;SI;SI;;;;NO;NASDAQ
RPAY;NO;SI;SI;;;;NO;NASDAQ
RPC;NO;SI;SI;;;;NO;NYSE
RPD;NO;SI;SI;;;;NO;NASDAQ
RPG;NO;SI;SI;;;;NO;ARCA
RPID;NO;SI;SI;;;;SI;NASDAQ
RPRX;NO;SI;SI;;;;NO;NASDAQ
RPT;NO;SI;SI;;;;NO;NYSE
RR;NO;SI;SI;;;;NO;NASDAQ
RRBI;NO;SI;SI;;;;NO;NASDAQ
RRGB;NO;SI;SI;;;;SI;NASDAQ
RRR;NO;SI;SI;;;;NO;NASDAQ
RRX;NO;SI;SI;;;;NO;NYSE
RS;NO;SI;SI;;;;NO;NYSE
RSBT;NO;SI;SI;;;;NO;BATS
RSG;NO;SI;SI;;;;NO;NYSE
RSI;NO;SI;SI;;;;NO;NYSE
RSKD;NO;SI;SI;;;;NO;NYSE
RSP;NO;SI;SI;;;;NO;ARCA
RSPC;NO;SI;SI;;;;NO;ARCA
RSPF;NO;SI;SI;;;;NO;ARCA
RSPM;NO;SI;SI;;;;NO;ARCA
RSPS;NO;SI;SI;;;;NO;ARCA
RSPT;NO;SI;SI;;;;NO;ARCA
RSST;NO;SI;SI;;;;NO;BATS
RSSX;NO;SI;SI;;;;NO;BATS
RSSY;NO;SI;SI;;;;NO;BATS
RSVR;NO;SI;SI;;;;NO;NASDAQ
RTO;NO;SI;SI;;;;NO;NYSE
RTX;NO;SI;SI;;;;NO;NYSE
RUN;NO;SI;SI;;;;NO;NASDAQ
RUNN;NO;SI;SI;;;;NO;NASDAQ
RUSHA;NO;SI;SI;;;;NO;NASDAQ
RUSHB;NO;SI;SI;;;;NO;NASDAQ
RVLV;NO;SI;SI;;;;NO;NYSE
RVMD;NO;SI;SI;;;;NO;NASDAQ
RVSB;NO;SI;SI;;;;SI;NASDAQ
RVT;NO;SI;SI;;;;NO;NYSE
RVTY;NO;SI;SI;;;;NO;NYSE
RWEOY;NO;SI;SI;;;;NO;OTC
RWK;NO;SI;SI;;;;NO;ARCA
RWL;NO;SI;SI;;;;NO;ARCA
RWO;NO;SI;SI;;;;NO;ARCA
RWR;NO;SI;SI;;;;NO;ARCA
RWT;NO;SI;SI;;;;NO;NYSE
RWX;NO;SI;SI;;;;NO;ARCA
RXO;NO;SI;SI;;;;NO;NYSE
RXRX;NO;SI;SI;;;;NO;NASDAQ
RXST;NO;SI;SI;;;;NO;NASDAQ
RXT;NO;SI;SI;;;;NO;NASDAQ
RY;NO;SI;SI;;;;NO;NYSE
RYAAY;NO;SI;SI;;;;NO;NASDAQ
RYAM;NO;SI;SI;;;;NO;NYSE
RYAN;NO;SI;SI;;;;NO;NYSE
RYCEY;NO;SI;SI;;;;NO;OTC
RYN;NO;SI;SI;;;;NO;NYSE
RYTM;NO;SI;SI;;;;NO;NASDAQ
RYZ;NO;SI;SI;;;;NO;NYSE
RZLT;NO;SI;SI;;;;NO;NASDAQ
S;NO;SI;SI;;;;NO;NYSE
SA;NO;SI;SI;;;;NO;NYSE
SABR;NO;SI;SI;;;;NO;NASDAQ
SAFE;NO;SI;SI;;;;NO;NYSE
SAFT;NO;SI;SI;;;;NO;NASDAQ
SAH;NO;SI;SI;;;;NO;NYSE
SAIA;NO;SI;SI;;;;NO;NASDAQ
SAIC;NO;SI;SI;;;;NO;NASDAQ
SAIH;NO;SI;SI;;;;SI;NASDAQ
SAIL;NO;SI;SI;;;;NO;NASDAQ
SAM;NO;SI;SI;;;;NO;NYSE
SAN;NO;SI;SI;;;;NO;NYSE
SANA;NO;SI;SI;;;;NO;NASDAQ
SANG;NO;SI;SI;;;;SI;NASDAQ
SANM;NO;SI;SI;;;;NO;NASDAQ
SARO;NO;SI;SI;;;;NO;NYSE
SATL;NO;SI;SI;;;;NO;NASDAQ
SB;NO;SI;SI;;;;NO;NYSE
SBAC;NO;SI;SI;;;;NO;NASDAQ
SBCF;NO;SI;SI;;;;NO;NASDAQ
SBET;NO;SI;SI;;;;NO;NASDAQ
SBFG;NO;SI;SI;;;;SI;NASDAQ
SBGI;NO;SI;SI;;;;NO;NASDAQ
SBGSY;NO;SI;SI;;;;NO;OTC
SBH;NO;SI;SI;;;;NO;NYSE
SBI;NO;SI;SI;;;;NO;NYSE
SBIL;NO;SI;SI;;;;NO;ARCA
SBLK;NO;SI;SI;;;;NO;NASDAQ
SBRA;NO;SI;SI;;;;NO;NASDAQ
SBS;NO;SI;SI;;;;NO;NYSE
SBSW;NO;SI;SI;;;;NO;NYSE
SBUX;NO;SI;SI;;;;NO;NASDAQ
SBXD;NO;SI;SI;;;;SI;NYSE
SCCG;NO;SI;SI;;;;SI;AMEX
SCCO;NO;SI;SI;;;;NO;NYSE
SCE.PRM;NO;SI;SI;;;;SI;NYSE
SCHA;NO;SI;SI;;;;NO;ARCA
SCHB;NO;SI;SI;;;;NO;ARCA
SCHC;NO;SI;SI;;;;NO;ARCA
SCHD;NO;SI;SI;;;;NO;ARCA
SCHE;NO;SI;SI;;;;NO;ARCA
SCHF;NO;SI;SI;;;;NO;ARCA
SCHG;NO;SI;SI;;;;NO;ARCA
SCHH;NO;SI;SI;;;;NO;ARCA
SCHJ;NO;SI;SI;;;;NO;ARCA
SCHK;NO;SI;SI;;;;NO;ARCA
SCHL;NO;SI;SI;;;;NO;NASDAQ
SCHM;NO;SI;SI;;;;NO;ARCA
SCHO;NO;SI;SI;;;;NO;ARCA
SCHP;NO;SI;SI;;;;NO;ARCA
SCHQ;NO;SI;SI;;;;NO;ARCA
SCHV;NO;SI;SI;;;;NO;ARCA
SCHW;NO;SI;SI;;;;NO;NYSE
SCHX;NO;SI;SI;;;;NO;ARCA
SCHY;NO;SI;SI;;;;NO;ARCA
SCHZ;NO;SI;SI;;;;NO;ARCA
SCI;NO;SI;SI;;;;NO;NYSE
SCJ;NO;SI;SI;;;;NO;ARCA
SCL;NO;SI;SI;;;;NO;NYSE
SCLX;NO;SI;SI;;;;SI;NASDAQ
SCM;NO;SI;SI;;;;SI;NYSE
SCO;NO;SI;SI;;;;NO;ARCA
SCOP;NO;SI;SI;;;;NO;ARCA
SCOR;NO;SI;SI;;;;SI;NASDAQ
SCSC;NO;SI;SI;;;;NO;NASDAQ
SCWO;NO;SI;SI;;;;SI;NASDAQ
SCYB;NO;SI;SI;;;;NO;ARCA
SCYX;NO;SI;SI;;;;SI;NASDAQ
SCZ;NO;SI;SI;;;;NO;NASDAQ
SCZM;NO;SI;SI;;;;NO;NASDAQ
SD;NO;SI;SI;;;;NO;NYSE
SDCI;NO;SI;SI;;;;NO;ARCA
SDG;NO;SI;SI;;;;NO;NASDAQ
SDGR;NO;SI;SI;;;;NO;NASDAQ
SDHC;NO;SI;SI;;;;SI;NYSE
SDHY;NO;SI;SI;;;;NO;NYSE
SDMF;NO;SI;SI;;;;NO;ARCA
SDOG;NO;SI;SI;;;;NO;ARCA
SDRL;NO;SI;SI;;;;NO;NYSE
SDVY;NO;SI;SI;;;;NO;NASDAQ
SDY;NO;SI;SI;;;;NO;ARCA
SE;NO;SI;SI;;;;NO;NYSE
SECU;NO;SI;SI;;;;NO;BATS
SEDG;NO;SI;SI;;;;NO;NASDAQ
SEER;NO;SI;SI;;;;NO;NASDAQ
SEG;NO;SI;SI;;;;NO;NYSE
SEI;NO;SI;SI;;;;NO;NYSE
SEIC;NO;SI;SI;;;;NO;NASDAQ
SEMI;NO;SI;SI;;;;NO;ARCA
SENEA;NO;SI;SI;;;;NO;NASDAQ
SENS;NO;SI;SI;;;;NO;NASDAQ
SEPN;NO;SI;SI;;;;NO;NASDAQ
SERA;NO;SI;SI;;;;SI;NASDAQ
SEVN;NO;SI;SI;;;;NO;NASDAQ
SEZL;NO;SI;SI;;;;NO;NASDAQ
SFBS;NO;SI;SI;;;;NO;NYSE
SFD;NO;SI;SI;;;;NO;NASDAQ
SFIX;NO;SI;SI;;;;NO;NASDAQ
SFL;NO;SI;SI;;;;NO;NYSE
SFLR;NO;SI;SI;;;;NO;ARCA
SFM;NO;SI;SI;;;;NO;NASDAQ
SFNC;NO;SI;SI;;;;NO;NASDAQ
SFST;NO;SI;SI;;;;NO;NASDAQ
SFTBY;NO;SI;SI;;;;NO;OTC
SFY;NO;SI;SI;;;;NO;ARCA
SG;NO;SI;SI;;;;NO;NYSE
SGC;NO;SI;SI;;;;SI;NASDAQ
SGDJ;NO;SI;SI;;;;NO;ARCA
SGDM;NO;SI;SI;;;;NO;ARCA
SGHC;NO;SI;SI;;;;NO;NYSE
SGI;NO;SI;SI;;;;NO;NYSE
SGML;NO;SI;SI;;;;NO;NASDAQ
SGMT;NO;SI;SI;;;;NO;NASDAQ
SGOL;NO;SI;SI;;;;NO;ARCA
SGP;NO;SI;SI;;;;SI;NASDAQ
SGPYY;NO;SI;SI;;;;NO;OTC
SGRY;NO;SI;SI;;;;NO;NASDAQ
SGU;NO;SI;SI;;;;SI;NYSE
SHAK;NO;SI;SI;;;;NO;NYSE
SHBI;NO;SI;SI;;;;NO;NASDAQ
SHC;NO;SI;SI;;;;NO;NASDAQ
SHECY;NO;SI;SI;;;;NO;OTC
SHEL;NO;SI;SI;;;;NO;NYSE
SHIP;NO;SI;SI;;;;SI;NASDAQ
SHLD;NO;SI;SI;;;;NO;ARCA
SHLS;NO;SI;SI;;;;NO;NASDAQ
SHO;NO;SI;SI;;;;NO;NYSE
SHOC;NO;SI;SI;;;;NO;NYSE
SHOE;NO;SI;SI;;;;NO;NASDAQ
SHOO;NO;SI;SI;;;;NO;NASDAQ
SHOP;NO;SI;SI;;;;NO;NASDAQ
SHV;NO;SI;SI;;;;NO;NYSE
SHW;NO;SI;SI;;;;NO;NYSE
SHY;NO;SI;SI;;;;NO;NASDAQ
SHYG;NO;SI;SI;;;;NO;ARCA
SIBN;NO;SI;SI;;;;NO;NASDAQ
SIEB;NO;SI;SI;;;;SI;NASDAQ
SIEGY;NO;SI;SI;;;;NO;OTC
SIF;NO;SI;SI;;;;SI;AMEX
SIG;NO;SI;SI;;;;NO;NYSE
SIGA;NO;SI;SI;;;;NO;NASDAQ
SII;NO;SI;SI;;;;SI;NYSE
SILC;NO;SI;SI;;;;SI;NASDAQ
SILJ;NO;SI;SI;;;;NO;ARCA
SIMO;NO;SI;SI;;;;NO;NASDAQ
SION;NO;SI;SI;;;;NO;NASDAQ
SIRI;NO;SI;SI;;;;NO;NASDAQ
SITC;NO;SI;SI;;;;NO;NYSE
SITE;NO;SI;SI;;;;NO;NYSE
SITM;NO;SI;SI;;;;NO;NASDAQ
SIVR;NO;SI;SI;;;;NO;ARCA
SIZE;NO;SI;SI;;;;NO;ARCA
SJM;NO;SI;SI;;;;NO;NYSE
SJNK;NO;SI;SI;;;;NO;ARCA
SJT;NO;SI;SI;;;;SI;NYSE
SKE;NO;SI;SI;;;;NO;NYSE
SKFRY;NO;SI;SI;;;;NO;OTC
SKHY;NO;SI;SI;;;;NO;NASDAQ
SKM;NO;SI;SI;;;;NO;NYSE
SKT;NO;SI;SI;;;;NO;NYSE
SKWD;NO;SI;SI;;;;NO;NASDAQ
SKY;NO;SI;SI;;;;NO;NYSE
SKYH;NO;SI;SI;;;;SI;NYSE
SKYW;NO;SI;SI;;;;NO;NASDAQ
SKYX;NO;SI;SI;;;;NO;NASDAQ
SKYY;NO;SI;SI;;;;NO;NASDAQ
SLAB;NO;SI;SI;;;;NO;NASDAQ
SLB;NO;SI;SI;;;;NO;NYSE
SLDB;NO;SI;SI;;;;NO;NASDAQ
SLDE;NO;SI;SI;;;;NO;NASDAQ
SLDP;NO;SI;SI;;;;NO;NASDAQ
SLF;NO;SI;SI;;;;NO;NYSE
SLG;NO;SI;SI;;;;NO;NYSE
SLGN;NO;SI;SI;;;;NO;NYSE
SLM;NO;SI;SI;;;;NO;NASDAQ
SLN;NO;SI;SI;;;;NO;NASDAQ
SLON;NO;SI;SI;;;;NO;ARCA
SLP;NO;SI;SI;;;;NO;NASDAQ
SLRC;NO;SI;SI;;;;NO;NASDAQ
SLSR;NO;SI;SI;;;;NO;AMEX
SLV;NO;SI;SI;;;;NO;ARCA
SLVM;NO;SI;SI;;;;NO;NYSE
SLVO;NO;SI;SI;;;;NO;NASDAQ
SLVP;NO;SI;SI;;;;NO;BATS
SLVR;NO;SI;SI;;;;NO;NASDAQ
SLYG;NO;SI;SI;;;;NO;ARCA
SLYV;NO;SI;SI;;;;NO;ARCA
SM;NO;SI;SI;;;;NO;NYSE
SMA;NO;SI;SI;;;;NO;NYSE
SMBC;NO;SI;SI;;;;NO;NASDAQ
SMBK;NO;SI;SI;;;;NO;NYSE
SMC;NO;SI;SI;;;;SI;NYSE
SMCAY;NO;SI;SI;;;;NO;OTC
SMCI;NO;SI;SI;;;;NO;NASDAQ
SMERY;NO;SI;SI;;;;NO;OTC
SMFG;NO;SI;SI;;;;NO;NYSE
SMG;NO;SI;SI;;;;NO;NYSE
SMH;NO;SI;SI;;;;NO;NASDAQ
SMHI;NO;SI;SI;;;;SI;NYSE
SMHX;NO;SI;SI;;;;NO;NASDAQ
SMID;NO;SI;SI;;;;SI;NASDAQ
SMLF;NO;SI;SI;;;;NO;ARCA
SMLV;NO;SI;SI;;;;NO;ARCA
SMMD;NO;SI;SI;;;;NO;BATS
SMMT;NO;SI;SI;;;;NO;NASDAQ
SMOM;NO;SI;SI;;;;NO;NASDAQ
SMP;NO;SI;SI;;;;NO;NYSE
SMPL;NO;SI;SI;;;;NO;NASDAQ
SMR;NO;SI;SI;;;;NO;NYSE
SMRF;NO;SI;SI;;;;NO;ARCA
SMRT;NO;SI;SI;;;;NO;NYSE
SMTC;NO;SI;SI;;;;NO;NASDAQ
SMTH;NO;SI;SI;;;;NO;ARCA
SMTI;NO;SI;SI;;;;SI;NASDAQ
SNA;NO;SI;SI;;;;NO;NYSE
SNAP;NO;SI;SI;;;;NO;NYSE
SND;NO;SI;SI;;;;SI;NASDAQ
SNDA;NO;SI;SI;;;;NO;NYSE
SNDK;NO;SI;SI;;;;NO;NASDAQ
SNDL;NO;SI;SI;;;;NO;NASDAQ
SNDX;NO;SI;SI;;;;NO;NASDAQ
SNES;NO;SI;SI;;;;SI;NASDAQ
SNEX;NO;SI;SI;;;;NO;NASDAQ
SNFCA;NO;SI;SI;;;;SI;NASDAQ
SNOA;NO;SI;SI;;;;SI;NASDAQ
SNOW;NO;SI;SI;;;;NO;NYSE
SNPS;NO;SI;SI;;;;NO;NASDAQ
SNWV;NO;SI;SI;;;;SI;NASDAQ
SNX;NO;SI;SI;;;;NO;NYSE
SNY;NO;SI;SI;;;;NO;NASDAQ
SO;NO;SI;SI;;;;NO;NYSE
SOBO;NO;SI;SI;;;;NO;NYSE
SOC;NO;SI;SI;;;;NO;NYSE
SOFI;NO;SI;SI;;;;NO;NASDAQ
SOHU;NO;SI;SI;;;;SI;NASDAQ
SOLS;NO;SI;SI;;;;NO;NASDAQ
SOLV;NO;SI;SI;;;;NO;NYSE
SONO;NO;SI;SI;;;;NO;NASDAQ
SONY;NO;SI;SI;;;;NO;NYSE
SOTK;NO;SI;SI;;;;SI;NASDAQ
SOUL;NO;SI;SI;;;;SI;NYSE
SOXQ;NO;SI;SI;;;;NO;NASDAQ
SOXX;NO;SI;SI;;;;NO;NASDAQ
SPAB;NO;SI;SI;;;;NO;ARCA
SPAI;NO;SI;SI;;;;SI;NASDAQ
SPB;NO;SI;SI;;;;NO;NYSE
SPBO;NO;SI;SI;;;;NO;ARCA
SPCX;NO;SI;SI;;;;NO;NASDAQ
SPDW;NO;SI;SI;;;;NO;ARCA
SPEM;NO;SI;SI;;;;NO;ARCA
SPFI;NO;SI;SI;;;;NO;NASDAQ
SPG;NO;SI;SI;;;;NO;NYSE
SPGI;NO;SI;SI;;;;NO;NYSE
SPGM;NO;SI;SI;;;;NO;ARCA
SPGP;NO;SI;SI;;;;NO;ARCA
SPH;NO;SI;SI;;;;SI;NYSE
SPHD;NO;SI;SI;;;;NO;ARCA
SPHQ;NO;SI;SI;;;;NO;ARCA
SPHR;NO;SI;SI;;;;NO;NYSE
SPHY;NO;SI;SI;;;;NO;ARCA
SPIB;NO;SI;SI;;;;NO;ARCA
SPIP;NO;SI;SI;;;;NO;ARCA
SPLB;NO;SI;SI;;;;NO;ARCA
SPMB;NO;SI;SI;;;;NO;ARCA
SPMD;NO;SI;SI;;;;NO;ARCA
SPMO;NO;SI;SI;;;;NO;ARCA
SPNT;NO;SI;SI;;;;NO;NYSE
SPOK;NO;SI;SI;;;;NO;NASDAQ
SPOT;NO;SI;SI;;;;NO;NYSE
SPPP;NO;SI;SI;;;;NO;ARCA
SPRU;NO;SI;SI;;;;SI;NYSE
SPRX;NO;SI;SI;;;;NO;NASDAQ
SPRY;NO;SI;SI;;;;NO;NASDAQ
SPSB;NO;SI;SI;;;;NO;ARCA
SPSC;NO;SI;SI;;;;NO;NASDAQ
SPSM;NO;SI;SI;;;;NO;ARCA
SPT;NO;SI;SI;;;;NO;NASDAQ
SPTI;NO;SI;SI;;;;NO;ARCA
SPTL;NO;SI;SI;;;;NO;ARCA
SPTM;NO;SI;SI;;;;NO;ARCA
SPTS;NO;SI;SI;;;;NO;ARCA
SPUS;NO;SI;SI;;;;NO;ARCA
SPUU;NO;SI;SI;;;;NO;ARCA
SPWO;NO;SI;SI;;;;NO;ARCA
SPXC;NO;SI;SI;;;;NO;NYSE
SPXL;NO;SI;SI;;;;NO;ARCA
SPXX;NO;SI;SI;;;;NO;NYSE
SPY;NO;SI;SI;;;;NO;ARCA
SPYD;NO;SI;SI;;;;NO;ARCA
SPYG;NO;SI;SI;;;;NO;ARCA
SPYI;NO;SI;SI;;;;NO;BATS
SPYM;NO;SI;SI;;;;NO;ARCA
SPYT;NO;SI;SI;;;;NO;ARCA
SPYV;NO;SI;SI;;;;NO;ARCA
SPYX;NO;SI;SI;;;;NO;ARCA
SR;NO;SI;SI;;;;NO;NYSE
SRBK;NO;SI;SI;;;;SI;NASDAQ
SRCE;NO;SI;SI;;;;NO;NASDAQ
SRET;NO;SI;SI;;;;NO;NASDAQ
SRG;NO;SI;SI;;;;NO;NYSE
SRLN;NO;SI;SI;;;;NO;ARCA
SRPT;NO;SI;SI;;;;NO;NASDAQ
SRRK;NO;SI;SI;;;;NO;NASDAQ
SRTA;NO;SI;SI;;;;NO;NASDAQ
SRTS;NO;SI;SI;;;;SI;NASDAQ
SRV;NO;SI;SI;;;;NO;NYSE
SRZN;NO;SI;SI;;;;SI;NASDAQ
SSB;NO;SI;SI;;;;NO;NYSE
SSBI;NO;SI;SI;;;;SI;NASDAQ
SSD;NO;SI;SI;;;;NO;NYSE
SSEZY;NO;SI;SI;;;;NO;OTC
SSM;NO;SI;SI;;;;SI;NASDAQ
SSNC;NO;SI;SI;;;;NO;NASDAQ
SSO;NO;SI;SI;;;;NO;ARCA
SSP;NO;SI;SI;;;;NO;NASDAQ
SSRM;NO;SI;SI;;;;NO;NASDAQ
SSTI;NO;SI;SI;;;;SI;NASDAQ
SSTK;NO;SI;SI;;;;NO;NYSE
SSUMY;NO;SI;SI;;;;NO;OTC
ST;NO;SI;SI;;;;NO;NYSE
STAA;NO;SI;SI;;;;NO;NASDAQ
STAG;NO;SI;SI;;;;NO;NYSE
STBA;NO;SI;SI;;;;NO;NASDAQ
STBFY;NO;SI;SI;;;;NO;OTC
STC;NO;SI;SI;;;;NO;NYSE
STCE;NO;SI;SI;;;;NO;ARCA
STE;NO;SI;SI;;;;NO;NYSE
STEM;NO;SI;SI;;;;SI;NYSE
STEP;NO;SI;SI;;;;NO;NASDAQ
STGW;NO;SI;SI;;;;NO;NASDAQ
STIM;NO;SI;SI;;;;NO;NASDAQ
STIP;NO;SI;SI;;;;NO;ARCA
STK;NO;SI;SI;;;;NO;NYSE
STKS;NO;SI;SI;;;;SI;NASDAQ
STLA;NO;SI;SI;;;;NO;NYSE
STLD;NO;SI;SI;;;;NO;NASDAQ
STLN;NO;SI;SI;;;;NO;NASDAQ
STM;NO;SI;SI;;;;NO;NYSE
STN;NO;SI;SI;;;;NO;NYSE
STNE;NO;SI;SI;;;;NO;NASDAQ
STNG;NO;SI;SI;;;;NO;NYSE
STOK;NO;SI;SI;;;;NO;NASDAQ
STRA;NO;SI;SI;;;;NO;NASDAQ
STRC;NO;SI;SI;;;;NO;NASDAQ
STRD;NO;SI;SI;;;;NO;NASDAQ
STRL;NO;SI;SI;;;;NO;NASDAQ
STRO;NO;SI;SI;;;;SI;NASDAQ
STRT;NO;SI;SI;;;;SI;NASDAQ
STRW;NO;SI;SI;;;;NO;AMEX
STRZ;NO;SI;SI;;;;NO;NASDAQ
STT;NO;SI;SI;;;;NO;NYSE
STTK;NO;SI;SI;;;;NO;NASDAQ
STUB;NO;SI;SI;;;;NO;NYSE
STVN;NO;SI;SI;;;;SI;NYSE
STWD;NO;SI;SI;;;;NO;NYSE
STX;NO;SI;SI;;;;NO;NASDAQ
STXF;NO;SI;SI;;;;NO;NYSE
STXS;NO;SI;SI;;;;NO;AMEX
STZ;NO;SI;SI;;;;NO;NYSE
SUHJY;NO;SI;SI;;;;NO;OTC
SUI;NO;SI;SI;;;;NO;NYSE
SUN;NO;SI;SI;;;;NO;NYSE
SUNB;NO;SI;SI;;;;NO;NYSE
SUSA;NO;SI;SI;;;;NO;ARCA
SUSL;NO;SI;SI;;;;NO;NASDAQ
SUZ;NO;SI;SI;;;;NO;NYSE
SVC;NO;SI;SI;;;;NO;NASDAQ
SVCO;NO;SI;SI;;;;SI;NASDAQ
SVM;NO;SI;SI;;;;NO;AMEX
SVNDY;NO;SI;SI;;;;NO;OTC
SVOL;NO;SI;SI;;;;NO;ARCA
SVRA;NO;SI;SI;;;;NO;NASDAQ
SVV;NO;SI;SI;;;;NO;NYSE
SW;NO;SI;SI;;;;NO;NYSE
SWBI;NO;SI;SI;;;;NO;NASDAQ
SWDBY;NO;SI;SI;;;;NO;OTC
SWIM;NO;SI;SI;;;;NO;NASDAQ
SWK;NO;SI;SI;;;;NO;NYSE
SWKS;NO;SI;SI;;;;NO;NASDAQ
SWP;NO;SI;SI;;;;NO;NASDAQ
SWRAY;NO;SI;SI;;;;NO;OTC
SWX;NO;SI;SI;;;;NO;NYSE
SXC;NO;SI;SI;;;;NO;NYSE
SXI;NO;SI;SI;;;;NO;NYSE
SXT;NO;SI;SI;;;;NO;NYSE
SY;NO;SI;SI;;;;NO;NASDAQ
SYBT;NO;SI;SI;;;;NO;NASDAQ
SYF;NO;SI;SI;;;;NO;NYSE
SYLD;NO;SI;SI;;;;NO;BATS
SYM;NO;SI;SI;;;;NO;NASDAQ
SYNA;NO;SI;SI;;;;NO;NASDAQ
SYRE;NO;SI;SI;;;;NO;NASDAQ
SYY;NO;SI;SI;;;;NO;NYSE
T;NO;SI;SI;;;;NO;NYSE
T.PRC;NO;SI;SI;;;;SI;NYSE
TAC;NO;SI;SI;;;;NO;NYSE
TAK;NO;SI;SI;;;;NO;NYSE
TAL;NO;SI;SI;;;;NO;NYSE
TALK;NO;SI;SI;;;;NO;NASDAQ
TALO;NO;SI;SI;;;;NO;NYSE
TALV;NO;SI;SI;;;;NO;ARCA
TAP;NO;SI;SI;;;;NO;NYSE
TARA;NO;SI;SI;;;;NO;NASDAQ
TARS;NO;SI;SI;;;;NO;NASDAQ
TASK;NO;SI;SI;;;;SI;NASDAQ
TATT;NO;SI;SI;;;;NO;NASDAQ
TAYD;NO;SI;SI;;;;SI;NASDAQ
TBBB;NO;SI;SI;;;;NO;NYSE
TBBK;NO;SI;SI;;;;NO;NASDAQ
TBCH;NO;SI;SI;;;;NO;NASDAQ
TBI;NO;SI;SI;;;;NO;NYSE
TBIL;NO;SI;SI;;;;NO;NASDAQ
TBPH;NO;SI;SI;;;;NO;NASDAQ
TBUX;NO;SI;SI;;;;NO;ARCA
TBXU;NO;SI;SI;;;;NO;ARCA
TCAF;NO;SI;SI;;;;NO;ARCA
TCBI;NO;SI;SI;;;;NO;NASDAQ
TCBK;NO;SI;SI;;;;NO;NASDAQ
TCBS;NO;SI;SI;;;;SI;NASDAQ
TCBX;NO;SI;SI;;;;NO;NYSE
TCEHY;NO;SI;SI;;;;NO;OTC
TCHI;NO;SI;SI;;;;NO;NASDAQ
TCHP;NO;SI;SI;;;;NO;ARCA
TCI;NO;SI;SI;;;;SI;NYSE
TCMD;NO;SI;SI;;;;NO;NASDAQ
TCOM;NO;SI;SI;;;;NO;NASDAQ
TCX;NO;SI;SI;;;;SI;NASDAQ
TD;NO;SI;SI;;;;NO;NYSE
TDAQ;NO;SI;SI;;;;NO;BATS
TDAY;NO;SI;SI;;;;NO;NYSE
TDC;NO;SI;SI;;;;NO;NYSE
TDF;NO;SI;SI;;;;NO;NYSE
TDG;NO;SI;SI;;;;NO;NYSE
TDOC;NO;SI;SI;;;;NO;NYSE
TDS;NO;SI;SI;;;;NO;NYSE
TDUP;NO;SI;SI;;;;NO;NASDAQ
TDVG;NO;SI;SI;;;;NO;ARCA
TDW;NO;SI;SI;;;;NO;NYSE
TDY;NO;SI;SI;;;;NO;NYSE
TE;NO;SI;SI;;;;NO;NYSE
TEAM;NO;SI;SI;;;;NO;NASDAQ
TECH;NO;SI;SI;;;;NO;NASDAQ
TECL;NO;SI;SI;;;;NO;ARCA
TECX;NO;SI;SI;;;;NO;NASDAQ
TEI;NO;SI;SI;;;;NO;NYSE
TEL;NO;SI;SI;;;;NO;NYSE
TELO;NO;SI;SI;;;;NO;NASDAQ
TEM;NO;SI;SI;;;;NO;NASDAQ
TEN;NO;SI;SI;;;;NO;NYSE
TENB;NO;SI;SI;;;;NO;NASDAQ
TENX;NO;SI;SI;;;;SI;NASDAQ
TEO;NO;SI;SI;;;;NO;NYSE
TER;NO;SI;SI;;;;NO;NASDAQ
TEVA;NO;SI;SI;;;;NO;NYSE
TEX;NO;SI;SI;;;;NO;NYSE
TFC;NO;SI;SI;;;;NO;NYSE
TFC.PRR;NO;SI;SI;;;;SI;NYSE
TFII;NO;SI;SI;;;;NO;NYSE
TFIN;NO;SI;SI;;;;NO;NYSE
TFLO;NO;SI;SI;;;;NO;ARCA
TFLR;NO;SI;SI;;;;NO;ARCA
TFPM;NO;SI;SI;;;;NO;NYSE
TFSL;NO;SI;SI;;;;NO;NASDAQ
TFX;NO;SI;SI;;;;NO;NYSE
TGB;NO;SI;SI;;;;NO;AMEX
TGEN;NO;SI;SI;;;;SI;AMEX
TGLS;NO;SI;SI;;;;NO;NYSE
TGOPY;NO;SI;SI;;;;NO;OTC
TGS;NO;SI;SI;;;;NO;NYSE
TGT;NO;SI;SI;;;;NO;NYSE
TGTX;NO;SI;SI;;;;NO;NASDAQ
TH;NO;SI;SI;;;;NO;NASDAQ
THC;NO;SI;SI;;;;NO;NYSE
THFF;NO;SI;SI;;;;NO;NASDAQ
THG;NO;SI;SI;;;;NO;NYSE
THM;NO;SI;SI;;;;NO;AMEX
THNQ;NO;SI;SI;;;;NO;ARCA
THO;NO;SI;SI;;;;NO;NYSE
THQ;NO;SI;SI;;;;NO;NYSE
THRM;NO;SI;SI;;;;NO;NASDAQ
THRO;NO;SI;SI;;;;NO;ARCA
THRY;NO;SI;SI;;;;NO;NASDAQ
THW;NO;SI;SI;;;;NO;NYSE
TIC;NO;SI;SI;;;;NO;NYSE
TIGO;NO;SI;SI;;;;NO;NASDAQ
TIGR;NO;SI;SI;;;;NO;NASDAQ
TIL;NO;SI;SI;;;;SI;NASDAQ
TILE;NO;SI;SI;;;;NO;NASDAQ
TILL;NO;SI;SI;;;;NO;ARCA
TIMB;NO;SI;SI;;;;NO;NYSE
TIP;NO;SI;SI;;;;NO;ARCA
TIPT;NO;SI;SI;;;;NO;NASDAQ
TISI;NO;SI;SI;;;;SI;NYSE
TITN;NO;SI;SI;;;;NO;NASDAQ
TJX;NO;SI;SI;;;;NO;NYSE
TK;NO;SI;SI;;;;NO;NYSE
TKC;NO;SI;SI;;;;NO;NYSE
TKNO;NO;SI;SI;;;;NO;NASDAQ
TKO;NO;SI;SI;;;;NO;NYSE
TKOMY;NO;SI;SI;;;;NO;OTC
TKR;NO;SI;SI;;;;NO;NYSE
TLH;NO;SI;SI;;;;NO;ARCA
TLK;NO;SI;SI;;;;NO;NYSE
TLPH;NO;SI;SI;;;;NO;NASDAQ
TLS;NO;SI;SI;;;;NO;NASDAQ
TLSA;NO;SI;SI;;;;NO;NASDAQ
TLSI;NO;SI;SI;;;;NO;NASDAQ
TLT;NO;SI;SI;;;;NO;NASDAQ
TLTI;NO;SI;SI;;;;NO;BATS
TLTW;NO;SI;SI;;;;NO;BATS
TM;NO;SI;SI;;;;NO;NYSE
TMC;NO;SI;SI;;;;NO;NASDAQ
TMCI;NO;SI;SI;;;;NO;NASDAQ
TMDX;NO;SI;SI;;;;NO;NASDAQ
TME;NO;SI;SI;;;;NO;NYSE
TMF;NO;SI;SI;;;;NO;ARCA
TMFC;NO;SI;SI;;;;NO;BATS
TMO;NO;SI;SI;;;;NO;NYSE
TMP;NO;SI;SI;;;;NO;AMEX
TMQ;NO;SI;SI;;;;NO;AMEX
TMUS;NO;SI;SI;;;;NO;NASDAQ
TNDM;NO;SI;SI;;;;NO;NASDAQ
TNET;NO;SI;SI;;;;NO;NYSE
TNGX;NO;SI;SI;;;;NO;NASDAQ
TNGY;NO;SI;SI;;;;NO;NYSE
TNK;NO;SI;SI;;;;NO;NYSE
TNL;NO;SI;SI;;;;NO;NYSE
TNXP;NO;SI;SI;;;;SI;NASDAQ
TOELY;NO;SI;SI;;;;NO;OTC
TOGA;NO;SI;SI;;;;NO;ARCA
TOL;NO;SI;SI;;;;NO;NYSE
TOLZ;NO;SI;SI;;;;NO;ARCA
TBLA;NO;SI;SI;;;;NO;NASDAQ
TONX;NO;SI;SI;;;;NO;NASDAQ
TOPT;NO;SI;SI;;;;NO;ARCA
TOST;NO;SI;SI;;;;NO;NYSE
TOTL;NO;SI;SI;;;;NO;ARCA
TOTR;NO;SI;SI;;;;NO;ARCA
TOWN;NO;SI;SI;;;;NO;NASDAQ
TPB;NO;SI;SI;;;;NO;NYSE
TPC;NO;SI;SI;;;;NO;NYSE
TPL;NO;SI;SI;;;;NO;NYSE
TPR;NO;SI;SI;;;;NO;NYSE
TPYP;NO;SI;SI;;;;NO;NYSE
TQQQ;NO;SI;SI;;;;NO;NASDAQ
TR;NO;SI;SI;;;;SI;NYSE
TRAK;NO;SI;SI;;;;SI;NYSE
TRAX;NO;SI;SI;;;;NO;NASDAQ
TRC;NO;SI;SI;;;;NO;NYSE
TRDA;NO;SI;SI;;;;NO;NASDAQ
TREE;NO;SI;SI;;;;NO;NASDAQ
TREX;NO;SI;SI;;;;NO;NYSE
TRGP;NO;SI;SI;;;;NO;NYSE
TRI;NO;SI;SI;;;;NO;NASDAQ
TRIP;NO;SI;SI;;;;NO;NASDAQ
TRLV;NO;SI;SI;;;;NO;NYSE
TRMB;NO;SI;SI;;;;NO;NASDAQ
TRMK;NO;SI;SI;;;;NO;NASDAQ
TRNO;NO;SI;SI;;;;NO;NYSE
TRNS;NO;SI;SI;;;;NO;NASDAQ
TROW;NO;SI;SI;;;;NO;NASDAQ
TROX;NO;SI;SI;;;;NO;NYSE
TRP;NO;SI;SI;;;;NO;NYSE
TRS;NO;SI;SI;;;;NO;NASDAQ
TRST;NO;SI;SI;;;;NO;NASDAQ
TRT;NO;SI;SI;;;;SI;AMEX
TRTX;NO;SI;SI;;;;NO;NYSE
TRU;NO;SI;SI;;;;NO;NYSE
TRUMY;NO;SI;SI;;;;NO;OTC
TRUP;NO;SI;SI;;;;NO;NASDAQ
TRV;NO;SI;SI;;;;NO;NYSE
TRVI;NO;SI;SI;;;;NO;NASDAQ
TRX;NO;SI;SI;;;;NO;AMEX
TRYIY;NO;SI;SI;;;;NO;OTC
TSAT;NO;SI;SI;;;;SI;NASDAQ
TSBK;NO;SI;SI;;;;NO;NASDAQ
TSCDY;NO;SI;SI;;;;NO;OTC
TSCO;NO;SI;SI;;;;NO;NASDAQ
TSEM;NO;SI;SI;;;;NO;NASDAQ
TSHA;NO;SI;SI;;;;NO;NASDAQ
TSLA;NO;SI;SI;;;;NO;NASDAQ
TSM;NO;SI;SI;;;;NO;NYSE
TSMX;NO;SI;SI;;;;NO;NASDAQ
TSPA;NO;SI;SI;;;;NO;ARCA
TSPY;NO;SI;SI;;;;NO;NASDAQ
TSQ;NO;SI;SI;;;;SI;NYSE
TSSI;NO;SI;SI;;;;SI;NASDAQ
TT;NO;SI;SI;;;;NO;NYSE
TTAM;NO;SI;SI;;;;NO;NYSE
TTAN;NO;SI;SI;;;;NO;NASDAQ
TTC;NO;SI;SI;;;;NO;NYSE
TTD;NO;SI;SI;;;;NO;NASDAQ
TTDKY;NO;SI;SI;;;;NO;OTC
TTE;NO;SI;SI;;;;NO;NYSE
TTEC;NO;SI;SI;;;;SI;NASDAQ
TTEK;NO;SI;SI;;;;NO;NASDAQ
TTGT;NO;SI;SI;;;;NO;NASDAQ
TTI;NO;SI;SI;;;;NO;NYSE
TTMI;NO;SI;SI;;;;NO;NASDAQ
TTNDY;NO;SI;SI;;;;NO;OTC
TTRX;NO;SI;SI;;;;SI;NASDAQ
TTWO;NO;SI;SI;;;;NO;NASDAQ
TU;NO;SI;SI;;;;NO;NYSE
TUA;NO;SI;SI;;;;NO;ARCA
TUSK;NO;SI;SI;;;;SI;NASDAQ
TUYA;NO;SI;SI;;;;NO;NYSE
TV;NO;SI;SI;;;;NO;NYSE
TVC;NO;SI;SI;;;;SI;NYSE
TVTX;NO;SI;SI;;;;NO;NASDAQ
TW;NO;SI;SI;;;;NO;NASDAQ
TWI;NO;SI;SI;;;;NO;NYSE
TWIN;NO;SI;SI;;;;SI;NASDAQ
TWLO;NO;SI;SI;;;;NO;NYSE
TWO;NO;SI;SI;;;;NO;NYSE
TWST;NO;SI;SI;;;;NO;NASDAQ
TX;NO;SI;SI;;;;NO;NYSE
TXG;NO;SI;SI;;;;NO;NASDAQ
TXN;NO;SI;SI;;;;NO;NASDAQ
TXO;NO;SI;SI;;;;SI;NYSE
TXRH;NO;SI;SI;;;;NO;NASDAQ
TXT;NO;SI;SI;;;;NO;NYSE
TY;NO;SI;SI;;;;NO;NYSE
TYD;NO;SI;SI;;;;NO;ARCA
TYGO;NO;SI;SI;;;;NO;NASDAQ
TYL;NO;SI;SI;;;;NO;NYSE
TYRA;NO;SI;SI;;;;NO;NASDAQ
TZOO;NO;SI;SI;;;;SI;NASDAQ
U;NO;SI;SI;;;;NO;NYSE
UA;NO;SI;SI;;;;NO;NYSE
UAA;NO;SI;SI;;;;NO;NYSE
UAL;NO;SI;SI;;;;NO;NASDAQ
UAMY;NO;SI;SI;;;;NO;NYSE
UAN;NO;SI;SI;;;;SI;NYSE
UAVS;NO;SI;SI;;;;NO;AMEX
UBER;NO;SI;SI;;;;NO;NYSE
UBR;NO;SI;SI;;;;NO;ARCA
UBS;NO;SI;SI;;;;NO;NYSE
UBSI;NO;SI;SI;;;;NO;NASDAQ
UBT;NO;SI;SI;;;;NO;ARCA
UCB;NO;SI;SI;;;;NO;NYSE
UCC;NO;SI;SI;;;;NO;ARCA
UCON;NO;SI;SI;;;;NO;ARCA
UCTT;NO;SI;SI;;;;NO;NASDAQ
UDOW;NO;SI;SI;;;;NO;ARCA
UDR;NO;SI;SI;;;;NO;NYSE
UE;NO;SI;SI;;;;NO;NYSE
UEC;NO;SI;SI;;;;NO;AMEX
UEIC;NO;SI;SI;;;;SI;NASDAQ
UFCS;NO;SI;SI;;;;NO;NASDAQ
UFI;NO;SI;SI;;;;SI;NYSE
UFIV;NO;SI;SI;;;;NO;NASDAQ
UFO;NO;SI;SI;;;;NO;NASDAQ
UFOX;NO;SI;SI;;;;NO;NASDAQ
UFPI;NO;SI;SI;;;;NO;NASDAQ
UFPT;NO;SI;SI;;;;NO;NASDAQ
UG;NO;SI;SI;;;;SI;NASDAQ
UGI;NO;SI;SI;;;;NO;NYSE
UGL;NO;SI;SI;;;;NO;ARCA
UGP;NO;SI;SI;;;;NO;NYSE
UHAL;NO;SI;SI;;;;NO;NYSE
UHAL.B;NO;SI;SI;;;;NO;NYSE
UHS;NO;SI;SI;;;;NO;NYSE
UHT;NO;SI;SI;;;;NO;NYSE
UI;NO;SI;SI;;;;NO;NYSE
UITB;NO;SI;SI;;;;NO;NASDAQ
UL;NO;SI;SI;;;;NO;NYSE
ULCC;NO;SI;SI;;;;NO;NASDAQ
ULE;NO;SI;SI;;;;NO;ARCA
ULH;NO;SI;SI;;;;NO;NASDAQ
ULS;NO;SI;SI;;;;NO;NYSE
ULTA;NO;SI;SI;;;;NO;NASDAQ
UMAC;NO;SI;SI;;;;NO;AMEX
UMBF;NO;SI;SI;;;;NO;NASDAQ
UMH;NO;SI;SI;;;;NO;NYSE
UNB;NO;SI;SI;;;;SI;NASDAQ
UNCY;NO;SI;SI;;;;SI;NASDAQ
UNF;NO;SI;SI;;;;NO;NYSE
UNFI;NO;SI;SI;;;;NO;NYSE
UNG;NO;SI;SI;;;;NO;ARCA
UNH;NO;SI;SI;;;;NO;NYSE
UNIT;NO;SI;SI;;;;NO;NASDAQ
UNL;NO;SI;SI;;;;NO;ARCA
UNM;NO;SI;SI;;;;NO;NYSE
UNTY;NO;SI;SI;;;;NO;NASDAQ
UPAR;NO;SI;SI;;;;NO;ARCA
UPBD;NO;SI;SI;;;;NO;NASDAQ
UPLD;NO;SI;SI;;;;SI;NASDAQ
UPLT;NO;SI;SI;;;;NO;ARCA
UPRO;NO;SI;SI;;;;NO;ARCA
UPS;NO;SI;SI;;;;NO;NYSE
UPST;NO;SI;SI;;;;NO;NASDAQ
UPWK;NO;SI;SI;;;;NO;NASDAQ
URA;NO;SI;SI;;;;NO;ARCA
URAA;NO;SI;SI;;;;NO;ARCA
URAN;NO;SI;SI;;;;NO;BATS
URBN;NO;SI;SI;;;;NO;NASDAQ
URGN;NO;SI;SI;;;;NO;NASDAQ
URI;NO;SI;SI;;;;NO;NYSE
URNJ;NO;SI;SI;;;;NO;NASDAQ
URNM;NO;SI;SI;;;;NO;ARCA
UROY;NO;SI;SI;;;;NO;NASDAQ
URSP;NO;SI;SI;;;;NO;ARCA
URTH;NO;SI;SI;;;;NO;ARCA
URTY;NO;SI;SI;;;;NO;ARCA
USA;NO;SI;SI;;;;NO;NYSE
USAC;NO;SI;SI;;;;SI;NYSE
USAR;NO;SI;SI;;;;NO;NASDAQ
USAS;NO;SI;SI;;;;NO;AMEX
USAU;NO;SI;SI;;;;SI;NASDAQ
USB;NO;SI;SI;;;;NO;NYSE
USB.PRH;NO;SI;SI;;;;SI;NYSE
USB.PRR;NO;SI;SI;;;;SI;NYSE
USCI;NO;SI;SI;;;;NO;ARCA
USD;NO;SI;SI;;;;NO;ARCA
OKE;NO;SI;SI;;;;NO;NYSE
USFD;NO;SI;SI;;;;NO;NYSE
USFR;NO;SI;SI;;;;NO;ARCA
USHY;NO;SI;SI;;;;NO;BATS
USIG;NO;SI;SI;;;;NO;NASDAQ
USIO;NO;SI;SI;;;;SI;NASDAQ
USL;NO;SI;SI;;;;NO;ARCA
USLM;NO;SI;SI;;;;NO;NASDAQ
USMV;NO;SI;SI;;;;NO;BATS
USNA;NO;SI;SI;;;;NO;NYSE
USOI;NO;SI;SI;;;;NO;NASDAQ
USOY;NO;SI;SI;;;;NO;NASDAQ
USRT;NO;SI;SI;;;;NO;ARCA
USTB;NO;SI;SI;;;;NO;NASDAQ
USXF;NO;SI;SI;;;;NO;NASDAQ
UTES;NO;SI;SI;;;;NO;ARCA
UTF;NO;SI;SI;;;;NO;NYSE
UTG;NO;SI;SI;;;;NO;AMEX
UTHR;NO;SI;SI;;;;NO;NASDAQ
UTHY;NO;SI;SI;;;;NO;NASDAQ
UTI;NO;SI;SI;;;;NO;NYSE
UTMD;NO;SI;SI;;;;NO;NASDAQ
UTZ;NO;SI;SI;;;;NO;NYSE
UUP;NO;SI;SI;;;;NO;ARCA
UUU;NO;SI;SI;;;;SI;AMEX
UUUG;NO;SI;SI;;;;NO;NASDAQ
UUUU;NO;SI;SI;;;;NO;AMEX
UVE;NO;SI;SI;;;;NO;NYSE
UVIX;NO;SI;SI;;;;NO;BATS
UVV;NO;SI;SI;;;;NO;NYSE
UVXY;NO;SI;SI;;;;NO;BATS
TNC;NO;SI;SI;;;;NO;NYSE
UXIN;NO;SI;SI;;;;NO;NASDAQ
UYLD;NO;SI;SI;;;;NO;NASDAQ
V;NO;SI;SI;;;;NO;NYSE
VABK;NO;SI;SI;;;;SI;NASDAQ
EEA;NO;SI;SI;;;;NO;NYSE
VAC;NO;SI;SI;;;;NO;NYSE
VANI;NO;SI;SI;;;;NO;NASDAQ
VATE;NO;SI;SI;;;;SI;NYSE
VAW;NO;SI;SI;;;;NO;ARCA
VB;NO;SI;SI;;;;NO;ARCA
VBF;NO;SI;SI;;;;NO;NYSE
VBIL;NO;SI;SI;;;;NO;NASDAQ
VBK;NO;SI;SI;;;;NO;ARCA
VBNK;NO;SI;SI;;;;SI;NASDAQ
VBR;NO;SI;SI;;;;NO;ARCA
VC;NO;SI;SI;;;;NO;NASDAQ
VCEB;NO;SI;SI;;;;NO;BATS
VCEL;NO;SI;SI;;;;NO;NASDAQ
VCIT;NO;SI;SI;;;;NO;NASDAQ
VCLT;NO;SI;SI;;;;NO;NASDAQ
VCR;NO;SI;SI;;;;NO;ARCA
VCRB;NO;SI;SI;;;;NO;NASDAQ
VCSH;NO;SI;SI;;;;NO;NASDAQ
VCTR;NO;SI;SI;;;;NO;NASDAQ
VCYT;NO;SI;SI;;;;NO;NASDAQ
VDC;NO;SI;SI;;;;NO;ARCA
VEA;NO;SI;SI;;;;NO;ARCA
VECO;NO;SI;SI;;;;NO;NASDAQ
BHB;NO;SI;SI;;;;NO;AMEX
VEGI;NO;SI;SI;;;;NO;ARCA
VEGN;NO;SI;SI;;;;NO;BATS
VEL;NO;SI;SI;;;;NO;NYSE
VENU;NO;SI;SI;;;;NO;AMEX
VEON;NO;SI;SI;;;;NO;NASDAQ
VERA;NO;SI;SI;;;;NO;NASDAQ
VERI;NO;SI;SI;;;;NO;NASDAQ
VERU;NO;SI;SI;;;;SI;NASDAQ
VERX;NO;SI;SI;;;;NO;NASDAQ
VET;NO;SI;SI;;;;NO;NYSE
VEU;NO;SI;SI;;;;NO;ARCA
VFC;NO;SI;SI;;;;NO;NYSE
VFF;NO;SI;SI;;;;NO;NASDAQ
VFLO;NO;SI;SI;;;;NO;NASDAQ
VFVA;NO;SI;SI;;;;NO;BATS
VG;NO;SI;SI;;;;NO;NYSE
VGIT;NO;SI;SI;;;;NO;NASDAQ
VGLT;NO;SI;SI;;;;NO;NASDAQ
VGNT;NO;SI;SI;;;;NO;NYSE
VGSH;NO;SI;SI;;;;NO;NASDAQ
VGSR;NO;SI;SI;;;;NO;NASDAQ
VGT;NO;SI;SI;;;;NO;ARCA
VHC;NO;SI;SI;;;;SI;NASDAQ
VHI;NO;SI;SI;;;;SI;NYSE
VHT;NO;SI;SI;;;;NO;ARCA
VIA;NO;SI;SI;;;;NO;NYSE
VIAV;NO;SI;SI;;;;NO;NASDAQ
VICI;NO;SI;SI;;;;NO;NYSE
VICR;NO;SI;SI;;;;NO;NASDAQ
VIG;NO;SI;SI;;;;NO;ARCA
VIGI;NO;SI;SI;;;;NO;NASDAQ
VII;NO;SI;SI;;;;SI;NYSE
VIK;NO;SI;SI;;;;NO;NYSE
VIOG;NO;SI;SI;;;;NO;ARCA
VIOO;NO;SI;SI;;;;NO;ARCA
VIOV;NO;SI;SI;;;;NO;ARCA
VIP;NO;SI;SI;;;;SI;NASDAQ
VIPS;NO;SI;SI;;;;NO;NYSE
VIR;NO;SI;SI;;;;NO;NASDAQ
VIRC;NO;SI;SI;;;;SI;NASDAQ
VIRT;NO;SI;SI;;;;NO;NYSE
VISN;NO;SI;SI;;;;NO;NASDAQ
VIST;NO;SI;SI;;;;NO;NYSE
VITL;NO;SI;SI;;;;NO;NASDAQ
VIV;NO;SI;SI;;;;NO;NYSE
VIXY;NO;SI;SI;;;;NO;BATS
VKTX;NO;SI;SI;;;;NO;NASDAQ
VLGEA;NO;SI;SI;;;;SI;NASDAQ
VLN;NO;SI;SI;;;;NO;NYSE
VLT;NO;SI;SI;;;;NO;NYSE
VLUE;NO;SI;SI;;;;NO;BATS
VLY;NO;SI;SI;;;;NO;NASDAQ
VMBS;NO;SI;SI;;;;NO;NASDAQ
VMC;NO;SI;SI;;;;NO;NYSE
VMD;NO;SI;SI;;;;NO;NASDAQ
VMI;NO;SI;SI;;;;NO;NYSE
VNDA;NO;SI;SI;;;;NO;NASDAQ
VNET;NO;SI;SI;;;;NO;NASDAQ
VNLA;NO;SI;SI;;;;NO;ARCA
VNM;NO;SI;SI;;;;NO;BATS
VNO;NO;SI;SI;;;;NO;NYSE
VNOM;NO;SI;SI;;;;NO;NASDAQ
VNQ;NO;SI;SI;;;;NO;ARCA
VNQI;NO;SI;SI;;;;NO;NASDAQ
VNT;NO;SI;SI;;;;NO;NYSE
VO;NO;SI;SI;;;;NO;ARCA
VOD;NO;SI;SI;;;;NO;NASDAQ
VOE;NO;SI;SI;;;;NO;ARCA
VOLT;NO;SI;SI;;;;NO;NASDAQ
VONE;NO;SI;SI;;;;NO;NASDAQ
VONG;NO;SI;SI;;;;NO;NASDAQ
VONV;NO;SI;SI;;;;NO;NASDAQ
VOO;NO;SI;SI;;;;NO;ARCA
VOOG;NO;SI;SI;;;;NO;ARCA
VOOV;NO;SI;SI;;;;NO;ARCA
VOR;NO;SI;SI;;;;NO;NASDAQ
VOT;NO;SI;SI;;;;NO;ARCA
VOX;NO;SI;SI;;;;NO;ARCA
VOXR;NO;SI;SI;;;;NO;NASDAQ
VOYA;NO;SI;SI;;;;NO;NYSE
VOYG;NO;SI;SI;;;;NO;NYSE
VPG;NO;SI;SI;;;;NO;NYSE
VPL;NO;SI;SI;;;;NO;ARCA
VPU;NO;SI;SI;;;;NO;ARCA
VRA;NO;SI;SI;;;;SI;NASDAQ
VRCA;NO;SI;SI;;;;SI;NASDAQ
VRDN;NO;SI;SI;;;;NO;NASDAQ
VREX;NO;SI;SI;;;;NO;NASDAQ
VRNS;NO;SI;SI;;;;NO;NASDAQ
VRRM;NO;SI;SI;;;;NO;NASDAQ
VRSK;NO;SI;SI;;;;NO;NASDAQ
VRSN;NO;SI;SI;;;;NO;NASDAQ
VRT;NO;SI;SI;;;;NO;NYSE
VRTS;NO;SI;SI;;;;NO;NYSE
VRTX;NO;SI;SI;;;;NO;NASDAQ
VS;NO;SI;SI;;;;SI;NASDAQ
VSEC;NO;SI;SI;;;;NO;NASDAQ
VSGX;NO;SI;SI;;;;NO;BATS
VSH;NO;SI;SI;;;;NO;NYSE
VSNT;NO;SI;SI;;;;NO;NASDAQ
VSS;NO;SI;SI;;;;NO;ARCA
VST;NO;SI;SI;;;;NO;NYSE
VSTM;NO;SI;SI;;;;NO;NASDAQ
VSTS;NO;SI;SI;;;;NO;NYSE
VSXY;NO;SI;SI;;;;NO;NYSE
VT;NO;SI;SI;;;;NO;ARCA
VTEC;NO;SI;SI;;;;NO;BATS
VTEX;NO;SI;SI;;;;NO;NYSE
VTHR;NO;SI;SI;;;;NO;NASDAQ
VTI;NO;SI;SI;;;;NO;ARCA
VTIP;NO;SI;SI;;;;NO;NASDAQ
VTMX;NO;SI;SI;;;;NO;NYSE
VTOL;NO;SI;SI;;;;NO;NYSE
VTR;NO;SI;SI;;;;NO;NYSE
VTRS;NO;SI;SI;;;;NO;NASDAQ
VTS;NO;SI;SI;;;;NO;NYSE
VTSI;NO;SI;SI;;;;SI;NASDAQ
VTV;NO;SI;SI;;;;NO;ARCA
VTWG;NO;SI;SI;;;;NO;NASDAQ
VTWO;NO;SI;SI;;;;NO;NASDAQ
VUG;NO;SI;SI;;;;NO;ARCA
VUSB;NO;SI;SI;;;;NO;BATS
VV;NO;SI;SI;;;;NO;ARCA
VVR;NO;SI;SI;;;;NO;NYSE
VVV;NO;SI;SI;;;;NO;NYSE
VWDRY;NO;SI;SI;;;;NO;OTC
VWO;NO;SI;SI;;;;NO;ARCA
VXF;NO;SI;SI;;;;NO;ARCA
VXUS;NO;SI;SI;;;;NO;NASDAQ
VYGR;NO;SI;SI;;;;NO;NASDAQ
VYM;NO;SI;SI;;;;NO;ARCA
VYMI;NO;SI;SI;;;;NO;NASDAQ
VYX;NO;SI;SI;;;;NO;NYSE
VZLA;NO;SI;SI;;;;NO;AMEX
W;NO;SI;SI;;;;NO;NYSE
WAB;NO;SI;SI;;;;NO;NYSE
WABC;NO;SI;SI;;;;NO;NASDAQ
WAFD;NO;SI;SI;;;;NO;NASDAQ
WAL;NO;SI;SI;;;;NO;NYSE
WAMA;NO;SI;SI;;;;NO;NASDAQ
WASH;NO;SI;SI;;;;NO;NASDAQ
WAT;NO;SI;SI;;;;NO;NYSE
WAVE;NO;SI;SI;;;;SI;NASDAQ
WAY;NO;SI;SI;;;;NO;NASDAQ
WB;NO;SI;SI;;;;NO;NASDAQ
WBD;NO;SI;SI;;;;NO;NASDAQ
WBI;NO;SI;SI;;;;NO;NYSE
WCC;NO;SI;SI;;;;NO;NYSE
WCN;NO;SI;SI;;;;NO;NYSE
WD;NO;SI;SI;;;;NO;NYSE
WDAY;NO;SI;SI;;;;NO;NASDAQ
WDC;NO;SI;SI;;;;NO;NASDAQ
WDFC;NO;SI;SI;;;;NO;NASDAQ
WDI;NO;SI;SI;;;;NO;NYSE
WEAT;NO;SI;SI;;;;NO;ARCA
WEAV;NO;SI;SI;;;;NO;NYSE
WEBL;NO;SI;SI;;;;NO;ARCA
WELL;NO;SI;SI;;;;NO;NYSE
WES;NO;SI;SI;;;;SI;NYSE
WEST;NO;SI;SI;;;;NO;NASDAQ
WEYS;NO;SI;SI;;;;SI;NASDAQ
WF;NO;SI;SI;;;;NO;NYSE
WFC;NO;SI;SI;;;;NO;NYSE
WFG;NO;SI;SI;;;;NO;NYSE
WFRD;NO;SI;SI;;;;NO;NASDAQ
WGO;NO;SI;SI;;;;NO;NYSE
WGS;NO;SI;SI;;;;NO;NASDAQ
WH;NO;SI;SI;;;;NO;NYSE
WHF;NO;SI;SI;;;;SI;NASDAQ
WHG;NO;SI;SI;;;;SI;NYSE
WHR;NO;SI;SI;;;;NO;NYSE
WHWK;NO;SI;SI;;;;NO;NASDAQ
WINA;NO;SI;SI;;;;NO;NASDAQ
WING;NO;SI;SI;;;;NO;NASDAQ
WIP;NO;SI;SI;;;;NO;ARCA
WIX;NO;SI;SI;;;;NO;NASDAQ
WKC;NO;SI;SI;;;;NO;NYSE
GPI;NO;SI;SI;;;;NO;NYSE
WLDN;NO;SI;SI;;;;NO;NASDAQ
WLFC;NO;SI;SI;;;;NO;NASDAQ
WLK;NO;SI;SI;;;;NO;NYSE
WLTH;NO;SI;SI;;;;NO;NASDAQ
WLY;NO;SI;SI;;;;NO;NYSE
WM;NO;SI;SI;;;;NO;NYSE
WMB;NO;SI;SI;;;;NO;NYSE
WMG;NO;SI;SI;;;;NO;NASDAQ
WMK;NO;SI;SI;;;;NO;NYSE
WMS;NO;SI;SI;;;;NO;NYSE
WMT;NO;SI;SI;;;;NO;NASDAQ
WOOF;NO;SI;SI;;;;NO;NASDAQ
WOR;NO;SI;SI;;;;NO;NYSE
WPC;NO;SI;SI;;;;NO;NYSE
WPM;NO;SI;SI;;;;NO;NYSE
WPP;NO;SI;SI;;;;NO;NYSE
WRB;NO;SI;SI;;;;NO;NYSE
WRD;NO;SI;SI;;;;NO;NASDAQ
WRLD;NO;SI;SI;;;;NO;NASDAQ
WS;NO;SI;SI;;;;NO;NYSE
WSBC;NO;SI;SI;;;;NO;NASDAQ
WSBF;NO;SI;SI;;;;NO;NASDAQ
WSC;NO;SI;SI;;;;NO;NASDAQ
WSE;NO;SI;SI;;;;NO;NASDAQ
WSFS;NO;SI;SI;;;;NO;NASDAQ
WSM;NO;SI;SI;;;;NO;NYSE
WSO;NO;SI;SI;;;;NO;NYSE
WST;NO;SI;SI;;;;NO;NYSE
WSTN;NO;SI;SI;;;;SI;NASDAQ
WT;NO;SI;SI;;;;NO;NYSE
WTAI;NO;SI;SI;;;;NO;BATS
WTBA;NO;SI;SI;;;;NO;NASDAQ
WTFC;NO;SI;SI;;;;NO;NASDAQ
WTI;NO;SI;SI;;;;NO;NYSE
WTM;NO;SI;SI;;;;NO;NYSE
WTRG;NO;SI;SI;;;;NO;NYSE
WTS;NO;SI;SI;;;;NO;NYSE
WTTR;NO;SI;SI;;;;NO;NYSE
WTW;NO;SI;SI;;;;NO;NASDAQ
WU;NO;SI;SI;;;;NO;NYSE
WULF;NO;SI;SI;;;;NO;NASDAQ
WVE;NO;SI;SI;;;;NO;NASDAQ
WW;NO;SI;SI;;;;SI;NASDAQ
WWD;NO;SI;SI;;;;NO;NASDAQ
WWW;NO;SI;SI;;;;NO;NYSE
WY;NO;SI;SI;;;;NO;NYSE
WYNN;NO;SI;SI;;;;NO;NASDAQ
WYY;NO;SI;SI;;;;SI;AMEX
XAR;NO;SI;SI;;;;NO;ARCA
XBCI;NO;SI;SI;;;;NO;NASDAQ
XBI;NO;SI;SI;;;;NO;ARCA
XBIT;NO;SI;SI;;;;SI;NASDAQ
XC;NO;SI;SI;;;;NO;ARCA
XCCC;NO;SI;SI;;;;NO;ARCA
XCNY;NO;SI;SI;;;;NO;NASDAQ
XDTE;NO;SI;SI;;;;NO;BATS
XEL;NO;SI;SI;;;;NO;NASDAQ
XELLL;NO;SI;SI;;;;SI;NASDAQ
XEMD;NO;SI;SI;;;;NO;BATS
XENE;NO;SI;SI;;;;NO;NASDAQ
XERS;NO;SI;SI;;;;NO;NASDAQ
XFLT;NO;SI;SI;;;;NO;NYSE
XFOR;NO;SI;SI;;;;NO;NASDAQ
XGN;NO;SI;SI;;;;SI;NASDAQ
XHB;NO;SI;SI;;;;NO;ARCA
XHLF;NO;SI;SI;;;;NO;ARCA
XHR;NO;SI;SI;;;;NO;NYSE
XIACY;NO;SI;SI;;;;NO;OTC
XJH;NO;SI;SI;;;;NO;BATS
XLB;NO;SI;SI;;;;NO;ARCA
XLC;NO;SI;SI;;;;NO;ARCA
XLE;NO;SI;SI;;;;NO;ARCA
XLF;NO;SI;SI;;;;NO;ARCA
XLG;NO;SI;SI;;;;NO;ARCA
XLI;NO;SI;SI;;;;NO;ARCA
XLK;NO;SI;SI;;;;NO;ARCA
XLP;NO;SI;SI;;;;NO;ARCA
XLRE;NO;SI;SI;;;;NO;ARCA
XLU;NO;SI;SI;;;;NO;ARCA
XLV;NO;SI;SI;;;;NO;ARCA
XLY;NO;SI;SI;;;;NO;ARCA
XME;NO;SI;SI;;;;NO;ARCA
XMHQ;NO;SI;SI;;;;NO;ARCA
XMLV;NO;SI;SI;;;;NO;ARCA
XMTR;NO;SI;SI;;;;NO;NASDAQ
XMVM;NO;SI;SI;;;;NO;ARCA
XNET;NO;SI;SI;;;;NO;NASDAQ
XOEX;NO;SI;SI;;;;NO;BATS
XOM;NO;SI;SI;;;;NO;NYSE
INDS;NO;SI;SI;;;;NO;ARCA
XOVR;NO;SI;SI;;;;NO;NASDAQ
XPEL;NO;SI;SI;;;;NO;NASDAQ
XPER;NO;SI;SI;;;;NO;NYSE
XPEV;NO;SI;SI;;;;NO;NYSE
XPO;NO;SI;SI;;;;NO;NYSE
XPOF;NO;SI;SI;;;;NO;NYSE
XPRO;NO;SI;SI;;;;NO;NYSE
XRAY;NO;SI;SI;;;;NO;NASDAQ
XRMI;NO;SI;SI;;;;NO;ARCA
XRN;NO;SI;SI;;;;NO;NYSE
XRPC;NO;SI;SI;;;;NO;NASDAQ
XRPT;NO;SI;SI;;;;NO;NASDAQ
XRX;NO;SI;SI;;;;NO;NASDAQ
XSEP;NO;SI;SI;;;;NO;BATS
XSHD;NO;SI;SI;;;;NO;BATS
XSLV;NO;SI;SI;;;;NO;ARCA
XSOE;NO;SI;SI;;;;NO;ARCA
XSVM;NO;SI;SI;;;;NO;ARCA
XT;NO;SI;SI;;;;NO;NASDAQ
XXI;NO;SI;SI;;;;NO;NYSE
XYF;NO;SI;SI;;;;SI;NYSE
XYL;NO;SI;SI;;;;NO;NYSE
XYLD;NO;SI;SI;;;;NO;ARCA
XYLG;NO;SI;SI;;;;NO;ARCA
XYZ;NO;SI;SI;;;;NO;NYSE
XZO;NO;SI;SI;;;;NO;NYSE
YALA;NO;SI;SI;;;;NO;NYSE
YELP;NO;SI;SI;;;;NO;NYSE
YETI;NO;SI;SI;;;;NO;NYSE
YEXT;NO;SI;SI;;;;NO;NYSE
YMM;NO;SI;SI;;;;NO;NYSE
YORW;NO;SI;SI;;;;NO;NASDAQ
YPF;NO;SI;SI;;;;NO;NYSE
YRD;NO;SI;SI;;;;NO;NYSE
YSG;NO;SI;SI;;;;NO;NYSE
YSWY;NO;SI;SI;;;;SI;NASDAQ
YUM;NO;SI;SI;;;;NO;NYSE
YUMC;NO;SI;SI;;;;NO;NYSE
YYY;NO;SI;SI;;;;NO;ARCA
Z;NO;SI;SI;;;;NO;NASDAQ
ZALT;NO;SI;SI;;;;NO;BATS
ZAP;NO;SI;SI;;;;NO;NASDAQ
ZBH;NO;SI;SI;;;;NO;NYSE
ZBIO;NO;SI;SI;;;;NO;NASDAQ
ZBRA;NO;SI;SI;;;;NO;NASDAQ
ZD;NO;SI;SI;;;;NO;NASDAQ
ZETA;NO;SI;SI;;;;NO;NYSE
ZG;NO;SI;SI;;;;NO;NASDAQ
ZGN;NO;SI;SI;;;;NO;NYSE
ZH;NO;SI;SI;;;;NO;NYSE
ZIG;NO;SI;SI;;;;NO;ARCA
ZION;NO;SI;SI;;;;NO;NASDAQ
ZIP;NO;SI;SI;;;;NO;NYSE
ZM;NO;SI;SI;;;;NO;NASDAQ
ZNTL;NO;SI;SI;;;;NO;NASDAQ
ZROZ;NO;SI;SI;;;;NO;ARCA
ZS;NO;SI;SI;;;;NO;NASDAQ
ZTO;NO;SI;SI;;;;NO;NYSE
ZWS;NO;SI;SI;;;;NO;NYSE
ZYME;NO;SI;SI;;;;NO;NASDAQ
CHAT;NO;SI;SI;;;;NO;ARCA
DCI;NO;SI;SI;;;;NO;NYSE
IYW;NO;SI;SI;;;;NO;ARCA
MELI;NO;SI;SI;;;;NO;NASDAQ
PEP;NO;SI;SI;;;;NO;NASDAQ
PRCH;NO;SI;SI;;;;NO;NASDAQ
RGA;NO;SI;SI;;;;NO;NYSE
SYK;NO;SI;SI;;;;NO;NYSE
XMMO;NO;SI;SI;;;;NO;ARCA
NTAP;NO;SI;SI;;;;NO;NASDAQ
RBB;NO;SI;SI;;;;NO;NASDAQ
VGK;NO;SI;SI;;;;NO;ARCA
RDN;NO;SI;SI;;;;NO;NYSE
HSHP;NO;SI;SI;;;;NO;NYSE
BIO;NO;SI;SI;;;;NO;NYSE
CCCC;NO;SI;SI;;;;NO;NASDAQ
CDE;NO;SI;SI;;;;NO;NYSE
IFNNY;NO;SI;SI;;;;NO;OTC
RMD;NO;SI;SI;;;;NO;NYSE
SI;NO;SI;SI;;;;SI;NYSE
SSL;NO;SI;SI;;;;NO;NYSE
USPH;NO;SI;SI;;;;NO;NYSE
FROG;NO;SI;SI;;;;NO;NASDAQ
ACTU;NO;SI;SI;;;;SI;NASDAQ
TBLL;NO;SI;SI;;;;NO;ARCA
WK;NO;SI;SI;;;;NO;NYSE
BNPQY;NO;SI;SI;;;;NO;OTC
CICHY;NO;SI;SI;;;;NO;OTC
CKHUY;NO;SI;SI;;;;NO;OTC
ACIO;NO;SI;SI;;;;NO;BATS
AMN;NO;SI;SI;;;;NO;NYSE
AMRN;NO;SI;SI;;;;SI;NASDAQ
ANVS;NO;SI;SI;;;;SI;NYSE
KVUE;NO;SI;SI;;;;NO;NYSE
ACT;NO;SI;SI;;;;NO;NASDAQ
FLCA;NO;SI;SI;;;;NO;ARCA
ALRS;NO;SI;SI;;;;NO;NASDAQ
SEB;NO;SI;SI;;;;NO;AMEX
MLAB;NO;SI;SI;;;;NO;NASDAQ
MLCI;NO;SI;SI;;;;SI;NASDAQ
MOOD;NO;SI;SI;;;;NO;NASDAQ
NCSM;NO;SI;SI;;;;SI;NASDAQ
ACLS;NO;SI;SI;;;;NO;NASDAQ
ABSI;NO;SI;SI;;;;NO;NASDAQ
ABT;NO;SI;SI;;;;NO;NYSE
ABTC;NO;SI;SI;;;;SI;NASDAQ
AMUU;NO;SI;SI;;;;NO;NASDAQ
GRAG;NO;SI;SI;;;;NO;NASDAQ
IWS;NO;SI;SI;;;;NO;ARCA
IYM;NO;SI;SI;;;;NO;ARCA
NMFC;NO;SI;SI;;;;NO;NASDAQ
NOA;NO;SI;SI;;;;SI;NYSE
AMZW;NO;SI;SI;;;;NO;BATS
ATLX;NO;SI;SI;;;;SI;NASDAQ
ACIU;NO;SI;SI;;;;NO;NASDAQ
IBTA;NO;SI;SI;;;;NO;NYSE
ALGT;NO;SI;SI;;;;NO;NASDAQ
ALHC;NO;SI;SI;;;;NO;NASDAQ
AUTL;NO;SI;SI;;;;NO;NASDAQ
AVA;NO;SI;SI;;;;NO;NYSE
BAH;NO;SI;SI;;;;NO;NYSE
EXEL;NO;SI;SI;;;;NO;NASDAQ
EXFY;NO;SI;SI;;;;NO;NASDAQ
FIX;NO;SI;SI;;;;NO;NYSE
FLDR;NO;SI;SI;;;;NO;BATS
FLEX;NO;SI;SI;;;;NO;NASDAQ
INFQ;NO;SI;SI;;;;NO;NYSE
IREN;NO;SI;SI;;;;NO;NASDAQ
JBLU;NO;SI;SI;;;;NO;NASDAQ
NCNO;NO;SI;SI;;;;NO;NASDAQ
NCO;NO;SI;SI;;;;SI;NASDAQ
OTIS;NO;SI;SI;;;;NO;NYSE
QCOM;NO;SI;SI;;;;NO;NASDAQ
QDEL;NO;SI;SI;;;;NO;NASDAQ
RPV;NO;SI;SI;;;;NO;ARCA
RQI;NO;SI;SI;;;;NO;NYSE
SIGI;NO;SI;SI;;;;NO;NASDAQ
SMCIP;NO;SI;SI;;;;SI;NASDAQ
SPRE;NO;SI;SI;;;;NO;ARCA
SPRO;NO;SI;SI;;;;NO;NASDAQ
SQM;NO;SI;SI;;;;NO;NYSE
SRAD;NO;SI;SI;;;;NO;NASDAQ
VLRS;NO;SI;SI;;;;NO;NYSE
VLTO;NO;SI;SI;;;;NO;NYSE
VTWV;NO;SI;SI;;;;NO;NASDAQ
WEC;NO;SI;SI;;;;NO;NYSE
XIFR;NO;SI;SI;;;;NO;NYSE
XNCR;NO;SI;SI;;;;NO;NASDAQ
NVTS;NO;SI;SI;;;;NO;NASDAQ
AADX;NO;SI;SI;;;;NO;NYSE
AAL;NO;SI;SI;;;;NO;NASDAQ
BHC;NO;SI;SI;;;;NO;NYSE
ACP;NO;SI;SI;;;;NO;NYSE
ARKB;NO;SI;SI;;;;NO;BATS
AVEX;NO;SI;SI;;;;NO;NYSE
FE;NO;SI;SI;;;;NO;NYSE
MAGN;NO;SI;SI;;;;SI;NYSE
NDSN;NO;SI;SI;;;;NO;NASDAQ
PCVX;NO;SI;SI;;;;NO;NASDAQ
PLGO;NO;SI;SI;;;;NO;NYSE
POET;NO;SI;SI;;;;NO;NASDAQ
RBLX;NO;SI;SI;;;;NO;NYSE
SPIR;NO;SI;SI;;;;SI;NYSE
SSYS;NO;SI;SI;;;;NO;NASDAQ
SU;NO;SI;SI;;;;NO;NYSE
SUNC;NO;SI;SI;;;;NO;NYSE
VZ;NO;SI;SI;;;;NO;NYSE
BBH;NO;SI;SI;;;;NO;NASDAQ
BRAZ;NO;SI;NO;;;;NO;ARCA
MRAX;NO;SI;NO;;;;NO;BATS
MRAL;NO;SI;NO;;;;NO;NASDAQ
BRAI;NO;SI;NO;;;;NO;NASDAQ
BRAG;NO;SI;NO;;;;SI;NASDAQ
KNOW;NO;SI;NO;;;;NO;BATS
MRA;NO;SI;NO;;;;NO;NASDAQ
EVAC.U;NO;SI;NO;;;;SI;NYSE
MQQQ;NO;SI;NO;;;;NO;NASDAQ
MPU;NO;SI;NO;;;;NO;AMEX
MPDY;NO;SI;NO;;;;NO;ARCA
BQ;NO;SI;NO;;;;SI;AMEX
BPYPP;NO;SI;NO;;;;SI;NASDAQ
MPA;NO;SI;NO;;;;NO;NYSE
BPYPO;NO;SI;NO;;;;SI;NASDAQ
CFND;NO;SI;NO;;;;NO;NYSE
MOVE;NO;SI;NO;;;;SI;NASDAQ
ALUB.U;NO;SI;NO;;;;SI;NYSE
EVAC;NO;SI;NO;;;;SI;NYSE
EUVX;NO;SI;NO;;;;NO;BATS
ALUB;NO;SI;NO;;;;SI;NYSE
MOTO;NO;SI;NO;;;;NO;ARCA
EUSB;NO;SI;NO;;;;NO;ARCA
ABR;NO;SI;NO;;;;NO;NYSE
ELWT;NO;SI;NO;;;;SI;NASDAQ
STXG;NO;SI;NO;;;;NO;NYSE
MOG.B;NO;SI;NO;;;;SI;NYSE
EURKR;NO;SI;NO;;;;SI;NASDAQ
EUM;NO;SI;NO;;;;NO;ARCA
ACAAU;NO;SI;NO;;;;SI;NASDAQ
MOBXW;NO;SI;NO;;;;SI;NASDAQ
EUIG;NO;SI;NO;;;;NO;BATS
ACAA;NO;SI;NO;;;;SI;NASDAQ
EUHY;NO;SI;NO;;;;NO;BATS
EUDV;NO;SI;NO;;;;NO;BATS
MOBX;NO;SI;NO;;;;SI;NASDAQ
BPYPN;NO;SI;NO;;;;SI;NASDAQ
BPYPM;NO;SI;NO;;;;SI;NASDAQ
EUDG;NO;SI;NO;;;;NO;ARCA
EUDAW;NO;SI;NO;;;;SI;NASDAQ
EUDA;NO;SI;NO;;;;SI;NASDAQ
MOBI;NO;SI;NO;;;;SI;NASDAQ
BPRO;NO;SI;NO;;;;NO;ARCA
ETX;NO;SI;NO;;;;NO;NYSE
XAIR;NO;SI;NO;;;;SI;NASDAQ
MOB;NO;SI;NO;;;;SI;NASDAQ
ETTY;NO;SI;NO;;;;NO;BATS
MNZL;NO;SI;NO;;;;NO;NASDAQ
BPOPM;NO;SI;NO;;;;SI;NASDAQ
MNYWW;NO;SI;NO;;;;SI;NASDAQ
ALTY;NO;SI;NO;;;;NO;NASDAQ
BPI;NO;SI;NO;;;;NO;ARCA
ETSS.WS;NO;SI;NO;;;;SI;NYSE
MNY;NO;SI;NO;;;;SI;NASDAQ
MNVT;NO;SI;NO;;;;NO;NASDAQ
ETSS.U;NO;SI;NO;;;;SI;NYSE
BPH;NO;SI;NO;;;;NO;ARCA
ETSS;NO;SI;NO;;;;SI;NYSE
BPACR;NO;SI;NO;;;;SI;NASDAQ
BPAC;NO;SI;NO;;;;SI;NASDAQ
BOXL;NO;SI;NO;;;;SI;NASDAQ
ETO;NO;SI;NO;;;;NO;NYSE
ETNG;NO;SI;NO;;;;NO;BATS
MNVR;NO;SI;NO;;;;NO;BATS
MNTS;NO;SI;NO;;;;SI;NASDAQ
MNSB;NO;SI;NO;;;;SI;NASDAQ
ETI.PR;NO;SI;NO;;;;SI;NYSE
ETHW;NO;SI;NO;;;;NO;ARCA
ETHV;NO;SI;NO;;;;NO;BATS
ADVB;NO;SI;NO;;;;SI;NASDAQ
BOXA;NO;SI;NO;;;;NO;BATS
MNRS;NO;SI;NO;;;;NO;ARCA
ETHU;NO;SI;NO;;;;NO;BATS
ETHT;NO;SI;NO;;;;SI;ARCA
MNR;NO;SI;NO;;;;SI;NYSE
BOUT;NO;SI;NO;;;;NO;ARCA
ETHO;NO;SI;NO;;;;NO;ARCA
ETHD;NO;SI;NO;;;;NO;ARCA
MNDO;NO;SI;NO;;;;SI;NASDAQ
ETHB;NO;SI;NO;;;;NO;NASDAQ
MNBD;NO;SI;NO;;;;NO;ARCA
ETEC;NO;SI;NO;;;;NO;NASDAQ
ETB;NO;SI;NO;;;;NO;NYSE
KRYAY;NO;SI;NO;;;;NO;OTC
ET.PRI;NO;SI;NO;;;;SI;NYSE
BOTT;NO;SI;NO;;;;NO;NASDAQ
BOT;NO;SI;NO;;;;SI;NASDAQ
MMI;NO;SI;SI;;;;NO;NYSE
BOSC;NO;SI;NO;;;;SI;NASDAQ
BON;NO;SI;NO;;;;SI;NASDAQ
ESUM;NO;SI;NO;;;;NO;ARCA
BOLT;NO;SI;NO;;;;SI;NASDAQ
ESSC;NO;SI;NO;;;;NO;ARCA
MMSD;NO;SI;NO;;;;NO;ARCA
ESPO;NO;SI;NO;;;;NO;NASDAQ
MMSC;NO;SI;NO;;;;NO;ARCA
MMKT;NO;SI;NO;;;;NO;NYSE
ESN;NO;SI;NO;;;;NO;NASDAQ
MMK;NO;SI;NO;;;;NO;NYSE
ESMV;NO;SI;NO;;;;NO;NASDAQ
HLP;NO;SI;NO;;;;NO;NASDAQ
MMIT;NO;SI;NO;;;;NO;ARCA
ESLG;NO;SI;NO;;;;NO;ARCA
MMID;NO;SI;NO;;;;NO;NYSE
WEED;NO;SI;NO;;;;NO;BATS
ALNT;NO;SI;SI;;;;NO;NASDAQ
ADDS;NO;SI;NO;;;;NO;ARCA
ESLA;NO;SI;NO;;;;SI;NASDAQ
VWAGY;NO;SI;NO;;;;NO;OTC
SSCP;NO;SI;NO;;;;NO;ARCA
MMCA;NO;SI;NO;;;;NO;ARCA
MMAY;NO;SI;NO;;;;NO;BATS
GOAI;NO;SI;NO;;;;SI;NASDAQ
GQI;NO;SI;NO;;;;NO;ARCA
GYGY;NO;SI;NO;;;;SI;NASDAQ
MANI;NO;SI;NO;;;;NO;ARCA
RDACU;NO;SI;NO;;;;SI;NASDAQ
RUMBW;NO;SI;NO;;;;SI;NASDAQ
ESIM;NO;SI;NO;;;;NO;ARCA
MMAX;NO;SI;NO;;;;NO;BATS
MMAR;NO;SI;NO;;;;NO;BATS
MMA;NO;SI;NO;;;;SI;AMEX
MLSS;NO;SI;NO;;;;NO;AMEX
ESGG;NO;SI;NO;;;;NO;BATS
MLPR;NO;SI;NO;;;;NO;ARCA
BOIL;NO;SI;NO;;;;NO;ARCA
MEDI;NO;SI;NO;;;;NO;ARCA
NDOW;NO;SI;NO;;;;NO;BATS
BOH.PRB;NO;SI;NO;;;;SI;NYSE
ESG;NO;SI;NO;;;;NO;BATS
MLPI;NO;SI;NO;;;;NO;BATS
BOH.PRA;NO;SI;NO;;;;SI;NYSE
BOEU;NO;SI;NO;;;;NO;NASDAQ
MLPD;NO;SI;NO;;;;NO;ARCA
ESBG;NO;SI;NO;;;;NO;ARCA
BOCT;NO;SI;NO;;;;NO;BATS
ESBA;NO;SI;NO;;;;SI;ARCA
ESALY;NO;SI;NO;;;;NO;OTC
BOBP;NO;SI;NO;;;;NO;ARCA
MLPB;NO;SI;NO;;;;NO;ARCA
ERY;NO;SI;NO;;;;NO;ARCA
BNY.PRK;NO;SI;NO;;;;SI;NYSE
ERX;NO;SI;NO;;;;NO;ARCA
ERTH;NO;SI;NO;;;;NO;ARCA
ERNAW;NO;SI;NO;;;;SI;NASDAQ
BNTGY;NO;SI;NO;;;;NO;OTC
ERNA;NO;SI;NO;;;;SI;NASDAQ
ALTL;NO;SI;NO;;;;NO;ARCA
BNT;NO;SI;NO;;;;NO;NYSE
ERH;NO;SI;NO;;;;NO;AMEX
MLN;NO;SI;NO;;;;NO;BATS
ERET;NO;SI;NO;;;;NO;NASDAQ
ALTG.PRA;NO;SI;NO;;;;SI;NYSE
BNR;NO;SI;NO;;;;SI;NASDAQ
EQTY;NO;SI;NO;;;;NO;ARCA
EQS;NO;SI;NO;;;;SI;NYSE
BNOV;NO;SI;NO;;;;NO;BATS
AWP;NO;SI;NO;;;;NO;NYSE
EQRR;NO;SI;NO;;;;NO;NASDAQ
EQQQ;NO;SI;NO;;;;NO;NASDAQ
EQLT;NO;SI;NO;;;;NO;BATS
GDEVW;NO;SI;NO;;;;SI;NASDAQ
BNMC;NO;SI;NO;;;;NO;BATS
ALRG;NO;SI;NO;;;;NO;ARCA
BNKU;NO;SI;NO;;;;NO;ARCA
EQL;NO;SI;NO;;;;NO;ARCA
EQIN;NO;SI;NO;;;;NO;ARCA
BNKD;NO;SI;NO;;;;NO;ARCA
BNJ;NO;SI;NO;;;;SI;NYSE
EQH.PRA;NO;SI;NO;;;;SI;NYSE
BNH;NO;SI;NO;;;;SI;NYSE
BNGE;NO;SI;NO;;;;NO;ARCA
BNDY;NO;SI;NO;;;;NO;BATS
MLEC;NO;SI;NO;;;;SI;NASDAQ
BNDS;NO;SI;NO;;;;NO;ARCA
ABVC;NO;SI;NO;;;;SI;NASDAQ
MLDR;NO;SI;NO;;;;NO;ARCA
EPV;NO;SI;NO;;;;NO;ARCA
MLAAW;NO;SI;NO;;;;SI;NASDAQ
MLAAU;NO;SI;NO;;;;SI;NASDAQ
MKZR;NO;SI;NO;;;;NO;NASDAQ
GFSG;NO;SI;NO;;;;NO;BATS
BNDP;NO;SI;NO;;;;NO;NASDAQ
ALPXW;NO;SI;NO;;;;SI;NASDAQ
EPSV;NO;SI;NO;;;;NO;ARCA
SPEGR;NO;SI;NO;;;;SI;NASDAQ
MKTN;NO;SI;NO;;;;NO;ARCA
BNDD;NO;SI;NO;;;;NO;ARCA
EPSM;NO;SI;NO;;;;SI;NASDAQ
EPRF;NO;SI;NO;;;;NO;BATS
BNDC;NO;SI;NO;;;;NO;ARCA
EPR.PRG;NO;SI;NO;;;;SI;NYSE
BNCWZ;NO;SI;NO;;;;SI;NASDAQ
MKOR;NO;SI;NO;;;;NO;ARCA
MKLYU;NO;SI;NO;;;;SI;NASDAQ
IYE;NO;SI;NO;;;;NO;ARCA
BNCWW;NO;SI;NO;;;;SI;NASDAQ
EPR.PRE;NO;SI;NO;;;;SI;NYSE
ABUF;NO;SI;NO;;;;NO;BATS
BNAV;NO;SI;NO;;;;NO;BATS
EPR.PRC;NO;SI;NO;;;;SI;NYSE
ABR.PRF;NO;SI;NO;;;;SI;NYSE
EPOW;NO;SI;NO;;;;SI;NASDAQ
BNAIW;NO;SI;NO;;;;SI;NASDAQ
MKLY;NO;SI;NO;;;;SI;NASDAQ
BNAI;NO;SI;NO;;;;SI;NASDAQ
MKKGY;NO;SI;NO;;;;NO;OTC
MKDWW;NO;SI;NO;;;;SI;NASDAQ
MKDW;NO;SI;NO;;;;SI;NASDAQ
OPEX;NO;SI;NO;;;;NO;BATS
MKAM;NO;SI;NO;;;;NO;NASDAQ
MJUN;NO;SI;NO;;;;NO;BATS
ALPXR;NO;SI;NO;;;;SI;NASDAQ
BLDX;NO;SI;NO;;;;NO;ARCA
BMSI;NO;SI;NO;;;;NO;BATS
EPMV;NO;SI;NO;;;;NO;ARCA
EPMB;NO;SI;NO;;;;NO;ARCA
MJSC;NO;SI;NO;;;;NO;ARCA
MIVL;NO;SI;NO;;;;NO;ARCA
EPIN;NO;SI;NO;;;;NO;ARCA
MITT.PRC;NO;SI;NO;;;;SI;NYSE
MITT.PRB;NO;SI;NO;;;;SI;NYSE
EPHE;NO;SI;NO;;;;NO;ARCA
MITT.PRA;NO;SI;NO;;;;SI;NYSE
MITQ;NO;SI;NO;;;;SI;AMEX
MITP;NO;SI;NO;;;;SI;NYSE
MITN;NO;SI;NO;;;;SI;NYSE
HOUR;NO;SI;NO;;;;SI;NASDAQ
MITEY;NO;SI;NO;;;;NO;OTC
MISL;NO;SI;NO;;;;NO;ARCA
BMOP;NO;SI;NO;;;;NO;NASDAQ
EPEM;NO;SI;NO;;;;NO;ARCA
EPAI;NO;SI;NO;;;;NO;ARCA
EP.PRC;NO;SI;NO;;;;SI;NYSE
MIRA;NO;SI;NO;;;;SI;NASDAQ
BMNU;NO;SI;NO;;;;NO;BATS
ALPXU;NO;SI;NO;;;;SI;NASDAQ
SPDF;NO;SI;NO;;;;NO;BATS
MINY;NO;SI;NO;;;;NO;ARCA
MINV;NO;SI;NO;;;;NO;ARCA
AFRIW;NO;SI;NO;;;;SI;NASDAQ
CVAR;NO;SI;NO;;;;NO;BATS
SNTQ;NO;SI;NO;;;;NO;BATS
NNBR;NO;SI;NO;;;;NO;NASDAQ
MINO;NO;SI;NO;;;;NO;ARCA
BMNP;NO;SI;NO;;;;SI;NYSE
TXNU;NO;SI;NO;;;;NO;ARCA
MINN;NO;SI;NO;;;;NO;BATS
DIVS;NO;SI;NO;;;;NO;ARCA
MINE;NO;SI;NO;;;;NO;AMEX
PSFJ;NO;SI;NO;;;;NO;BATS
EOT;NO;SI;NO;;;;NO;NYSE
MIMI;NO;SI;NO;;;;SI;NASDAQ
BEC;NO;SI;NO;;;;NO;BATS
CAML;NO;SI;NO;;;;NO;ARCA
DJAN;NO;SI;NO;;;;NO;BATS
DOCK;NO;SI;NO;;;;NO;BATS
MILN;NO;SI;NO;;;;NO;NASDAQ
MIGO;NO;SI;NO;;;;NO;ARCA
ALPX;NO;SI;NO;;;;SI;NASDAQ
GLDN;NO;SI;NO;;;;NO;ARCA
HTUS;NO;SI;NO;;;;NO;BATS
INT;NO;SI;NO;;;;NO;BATS
SPCF;NO;SI;NO;;;;NO;ARCA
MIG;NO;SI;NO;;;;NO;BATS
EOSU;NO;SI;NO;;;;NO;BATS
EONR.WS;NO;SI;NO;;;;SI;AMEX
FFF;NO;SI;NO;;;;NO;BATS
OCTW;NO;SI;NO;;;;NO;BATS
ABR.PRE;NO;SI;NO;;;;SI;NYSE
EONR;NO;SI;NO;;;;SI;AMEX
MIDE;NO;SI;NO;;;;NO;ARCA
NBCR;NO;SI;NO;;;;NO;ARCA
EOCT;NO;SI;NO;;;;NO;ARCA
ENOR;NO;SI;SI;;;;NO;BATS
EO;NO;SI;NO;;;;NO;BATS
BMN;NO;SI;NO;;;;NO;NYSE
BML.PRL;NO;SI;NO;;;;SI;NYSE
IEAG;NO;SI;NO;;;;SI;NASDAQ
MID;NO;SI;NO;;;;NO;ARCA
MIC;NO;SI;NO;;;;NO;BATS
MHX;NO;SI;NO;;;;NO;BATS
MHNC;NO;SI;NO;;;;SI;NYSE
ENZL;NO;SI;NO;;;;NO;NASDAQ
ENVB;NO;SI;NO;;;;SI;NASDAQ
MHLA;NO;SI;NO;;;;SI;NYSE
IEAGR;NO;SI;NO;;;;SI;NASDAQ
THEO;NO;SI;NO;;;;NO;NASDAQ
MFSV;NO;SI;NO;;;;NO;NYSE
MHIP;NO;SI;NO;;;;NO;ARCA
ENRDW;NO;SI;NO;;;;SI;NASDAQ
MGRX;NO;SI;NO;;;;SI;NASDAQ
EWAVR;NO;SI;NO;;;;NO;NASDAQ
ENRD;NO;SI;NO;;;;NO;NASDAQ
AIRT;NO;SI;NO;;;;SI;NASDAQ
BML.PRJ;NO;SI;NO;;;;SI;NYSE
ABR.PRD;NO;SI;NO;;;;SI;NYSE
MGRT;NO;SI;NO;;;;SI;NASDAQ
ENO;NO;SI;NO;;;;SI;NYSE
ENLV;NO;SI;NO;;;;SI;NASDAQ
ENLT;NO;SI;NO;;;;NO;NASDAQ
ENLAY;NO;SI;NO;;;;NO;OTC
ENJ;NO;SI;NO;;;;SI;NYSE
MGRE;NO;SI;NO;;;;SI;NYSE
ALPS;NO;SI;NO;;;;NO;NASDAQ
BMA;NO;SI;SI;;;;NO;NYSE
ENHI;NO;SI;NO;;;;NO;NASDAQ
ENHA;NO;SI;NO;;;;NO;NYSE
ALP;NO;SI;NO;;;;SI;NASDAQ
ENGS;NO;SI;NO;;;;SI;NASDAQ
ENGNW;NO;SI;NO;;;;SI;NASDAQ
MGRD;NO;SI;NO;;;;SI;NYSE
SLXNW;NO;SI;NO;;;;SI;NASDAQ
ADSEW;NO;SI;NO;;;;SI;NASDAQ
ENB;NO;SI;NO;;;;NO;NYSE
EMXX;NO;SI;NO;;;;NO;BATS
MGR;NO;SI;NO;;;;SI;NYSE
CLUB;NO;SI;NO;;;;NO;ARCA
EMXF;NO;SI;NO;;;;NO;NASDAQ
MGOV;NO;SI;NO;;;;NO;ARCA
BML.PRG;NO;SI;NO;;;;SI;NYSE
DRAI;NO;SI;NO;;;;NO;ARCA
EMTY;NO;SI;NO;;;;NO;ARCA
MGNR;NO;SI;NO;;;;NO;ARCA
WLCOU;NO;SI;NO;;;;SI;NASDAQ
MGKX;NO;SI;NO;;;;NO;BATS
MGIH;NO;SI;NO;;;;SI;NASDAQ
EMSF;NO;SI;NO;;;;NO;ARCA
EMPD;NO;SI;NO;;;;SI;NASDAQ
BMHL;NO;SI;NO;;;;SI;NASDAQ
BMGL;NO;SI;NO;;;;SI;NASDAQ
EMPB;NO;SI;NO;;;;NO;ARCA
EMOT;NO;SI;NO;;;;NO;ARCA
MFVL;NO;SI;NO;;;;NO;NASDAQ
BMED;NO;SI;NO;;;;NO;ARCA
FSML;NO;SI;NO;;;;NO;ARCA
FSOL;NO;SI;NO;;;;NO;ARCA
EMOP;NO;SI;NO;;;;NO;ARCA
EMNT;NO;SI;NO;;;;NO;ARCA
EMMY;NO;SI;NO;;;;NO;BATS
MFUT;NO;SI;NO;;;;NO;BATS
BLZRW;NO;SI;NO;;;;SI;NASDAQ
MFUS;NO;SI;NO;;;;NO;ARCA
MFUL;NO;SI;NO;;;;NO;BATS
THEOR;NO;SI;NO;;;;NO;NASDAQ
BLZRU;NO;SI;NO;;;;SI;NASDAQ
EMMF;NO;SI;NO;;;;NO;ARCA
EMM;NO;SI;NO;;;;NO;ARCA
SHRT;NO;SI;NO;;;;NO;ARCA
BLZR;NO;SI;NO;;;;SI;NASDAQ
ADSE;NO;SI;NO;;;;NO;NASDAQ
MFSB;NO;SI;NO;;;;NO;NYSE
BLUWW;NO;SI;NO;;;;SI;NASDAQ
BLUWU;NO;SI;NO;;;;SI;NASDAQ
EMJN;NO;SI;NO;;;;NO;BATS
EMJL;NO;SI;NO;;;;NO;BATS
BLUW;NO;SI;NO;;;;SI;NASDAQ
BLUC;NO;SI;NO;;;;NO;ARCA
BLTD;NO;SI;NO;;;;NO;ARCA
MFMO;NO;SI;NO;;;;NO;NASDAQ
BLST;NO;SI;NO;;;;NO;ARCA
MFM;NO;SI;NO;;;;NO;NYSE
BLSM;NO;SI;NO;;;;SI;NASDAQ
EMISR;NO;SI;NO;;;;SI;NASDAQ
BLSG;NO;SI;NO;;;;NO;NASDAQ
LCFY;NO;SI;NO;;;;SI;NASDAQ
EMIS;NO;SI;NO;;;;SI;NASDAQ
MFLX;NO;SI;NO;;;;NO;NASDAQ
EMIF;NO;SI;NO;;;;NO;NASDAQ
RULE;NO;SI;NO;;;;NO;BATS
EMFI;NO;SI;NO;;;;NO;ARCA
BLRX;NO;SI;NO;;;;SI;NASDAQ
MFIG;NO;SI;NO;;;;NO;NASDAQ
ABOT;NO;SI;NO;;;;NO;BATS
BLRKU;NO;SI;NO;;;;SI;NASDAQ
BLOX;NO;SI;NO;;;;NO;ARCA
BLNK;NO;SI;NO;;;;NO;NASDAQ
BLNE;NO;SI;NO;;;;SI;NASDAQ
EMET;NO;SI;NO;;;;NO;ARCA
BLGR;NO;SI;NO;;;;NO;ARCA
MFICL;NO;SI;NO;;;;SI;NASDAQ
BLES;NO;SI;NO;;;;NO;ARCA
BLDG;NO;SI;NO;;;;NO;BATS
PCMM;NO;SI;NO;;;;NO;NASDAQ
EMES;NO;SI;NO;;;;NO;ARCA
MFI;NO;SI;NO;;;;SI;NASDAQ
MFEM;NO;SI;NO;;;;NO;ARCA
AVD;NO;SI;NO;;;;SI;NYSE
MFEB;NO;SI;NO;;;;NO;BATS
MFDX;NO;SI;NO;;;;NO;ARCA
MFAO;NO;SI;NO;;;;SI;NYSE
BPACU;NO;SI;NO;;;;SI;NASDAQ
BTR;NO;SI;NO;;;;NO;ARCA
CCGWW;NO;SI;NO;;;;SI;NASDAQ
CDR.PRB;NO;SI;NO;;;;SI;NYSE
CGBL;NO;SI;NO;;;;NO;ARCA
JANB;NO;SI;NO;;;;NO;BATS
MMMA;NO;SI;NO;;;;NO;ARCA
PRIF.PRD;NO;SI;NO;;;;SI;NYSE
QLTY;NO;SI;NO;;;;NO;ARCA
EMEQ;NO;SI;NO;;;;NO;NASDAQ
SACH;NO;SI;NO;;;;NO;AMEX
MFAN;NO;SI;NO;;;;SI;NYSE
BUYW;NO;SI;NO;;;;NO;BATS
EMEM;NO;SI;NO;;;;NO;NASDAQ
MFA.PRC;NO;SI;NO;;;;SI;NYSE
DFTT;NO;SI;NO;;;;NO;ARCA
PYPG;NO;SI;NO;;;;NO;NASDAQ
PYPU;NO;SI;NO;;;;NO;ARCA
MFA.PRB;NO;SI;NO;;;;SI;NYSE
MF;NO;SI;NO;;;;SI;NASDAQ
MEXX;NO;SI;NO;;;;NO;ARCA
MEVOU;NO;SI;NO;;;;SI;NASDAQ
MEVO;NO;SI;NO;;;;SI;NASDAQ
METU;NO;SI;NO;;;;NO;NASDAQ
QBIF;NO;SI;NO;;;;NO;BATS
EMDV;NO;SI;NO;;;;NO;BATS
QBIV;NO;SI;NO;;;;NO;BATS
EMDM;NO;SI;NO;;;;NO;ARCA
METL;NO;SI;NO;;;;NO;NASDAQ
METG;NO;SI;NO;;;;NO;BATS
METD;NO;SI;NO;;;;NO;NASDAQ
METCI;NO;SI;NO;;;;SI;NASDAQ
SDHIU;NO;SI;NO;;;;SI;NASDAQ
MET.PRF;NO;SI;NO;;;;SI;NYSE
MET.PRE;NO;SI;NO;;;;SI;NYSE
MET.PRA;NO;SI;NO;;;;SI;NYSE
MENS;NO;SI;NO;;;;NO;NASDAQ
QBY;NO;SI;NO;;;;NO;NASDAQ
MEMY;NO;SI;NO;;;;NO;BATS
MEMX;NO;SI;NO;;;;NO;ARCA
EMCS;NO;SI;NO;;;;NO;ARCA
QCAP;NO;SI;NO;;;;NO;BATS
QCJA;NO;SI;NO;;;;NO;BATS
AACPW;NO;SI;NO;;;;SI;NASDAQ
EMCR;NO;SI;NO;;;;NO;ARCA
EMCB;NO;SI;NO;;;;NO;NASDAQ
BEBE;NO;SI;NO;;;;SI;NYSE
MEMS;NO;SI;NO;;;;NO;NASDAQ
MEME;NO;SI;NO;;;;NO;ARCA
GETY;NO;SI;NO;;;;NO;NYSE
NHYDY;NO;SI;NO;;;;NO;OTC
MEMA;NO;SI;NO;;;;NO;NASDAQ
EMC;NO;SI;NO;;;;NO;ARCA
BLCR;NO;SI;NO;;;;NO;NASDAQ
QJL;NO;SI;NO;;;;NO;BATS
EMBX;NO;SI;NO;;;;NO;ARCA
MEM;NO;SI;NO;;;;NO;ARCA
EMBD;NO;SI;NO;;;;NO;ARCA
AEYE;NO;SI;NO;;;;SI;NASDAQ
AFB;NO;SI;NO;;;;NO;NYSE
AFIX;NO;SI;NO;;;;NO;ARCA
AGD;NO;SI;NO;;;;NO;NYSE
HDRNW;NO;SI;NO;;;;SI;NASDAQ
MEIB;NO;SI;NO;;;;NO;BATS
MEDX;NO;SI;NO;;;;NO;NASDAQ
MEDS;NO;SI;NO;;;;SI;NASDAQ
MEAR;NO;SI;NO;;;;NO;BATS
MDYV;NO;SI;NO;;;;NO;ARCA
MDYG;NO;SI;NO;;;;NO;ARCA
MDXH;NO;SI;NO;;;;NO;NASDAQ
MDST;NO;SI;NO;;;;NO;NYSE
MDPL;NO;SI;NO;;;;NO;BATS
MSSM;NO;SI;NO;;;;NO;ARCA
MSST;NO;SI;NO;;;;NO;BATS
MST;NO;SI;NO;;;;NO;NASDAQ
MSTC;NO;SI;NO;;;;NO;BATS
ADPV;NO;SI;NO;;;;NO;ARCA
GBF;NO;SI;NO;;;;NO;ARCA
MDLV;NO;SI;NO;;;;NO;BATS
HTFC;NO;SI;NO;;;;SI;NYSE
EMAU;NO;SI;NO;;;;NO;BATS
ASMU;NO;SI;NO;;;;NO;NASDAQ
HWH;NO;SI;NO;;;;SI;NASDAQ
WBX;NO;SI;NO;;;;SI;NYSE
EMAT;NO;SI;NO;;;;NO;NASDAQ
MDIV;NO;SI;NO;;;;NO;NASDAQ
MDIA;NO;SI;NO;;;;NO;NASDAQ
ELVR;NO;SI;NO;;;;SI;NASDAQ
BKLN;NO;SI;SI;;;;NO;ARCA
MDEV;NO;SI;NO;;;;NO;BATS
OSRHW;NO;SI;NO;;;;SI;NASDAQ
PAB;NO;SI;NO;;;;NO;ARCA
PALD;NO;SI;NO;;;;NO;NASDAQ
PBAU;NO;SI;NO;;;;NO;BATS
PBM;NO;SI;NO;;;;SI;NASDAQ
GTMEY;NO;SI;NO;;;;NO;OTC
PECEU;NO;SI;NO;;;;SI;NASDAQ
MDCXW;NO;SI;NO;;;;SI;NASDAQ
MDCX;NO;SI;NO;;;;NO;NASDAQ
MDAIW;NO;SI;NO;;;;SI;NASDAQ
MCVT;NO;SI;NO;;;;NO;ARCA
MCRP;NO;SI;NO;;;;SI;AMEX
MCHX;NO;SI;NO;;;;SI;NASDAQ
MCHU;NO;SI;NO;;;;NO;BATS
BKYI;NO;SI;NO;;;;SI;NASDAQ
ELVA;NO;SI;NO;;;;SI;NASDAQ
MCHS;NO;SI;NO;;;;NO;NASDAQ
PCLO;NO;SI;NO;;;;NO;ARCA
MCHPP;NO;SI;NO;;;;SI;NASDAQ
MC;NO;SI;SI;;;;NO;NYSE
MCHI;NO;SI;NO;;;;NO;NASDAQ
MCHG;NO;SI;NO;;;;NO;BATS
MCH;NO;SI;NO;;;;NO;ARCA
MCGAU;NO;SI;NO;;;;SI;NASDAQ
MCGA;NO;SI;NO;;;;SI;NASDAQ
BKUI;NO;SI;NO;;;;NO;ARCA
ELUT;NO;SI;NO;;;;SI;NASDAQ
BKSE;NO;SI;NO;;;;NO;ARCA
ELTX;NO;SI;NO;;;;SI;NASDAQ
GALX;NO;SI;NO;;;;NO;ARCA
PJFG;NO;SI;NO;;;;NO;ARCA
PJFM;NO;SI;NO;;;;NO;BATS
MCDS;NO;SI;NO;;;;NO;NASDAQ
MCAHU;NO;SI;NO;;;;SI;NASDAQ
MCAH;NO;SI;NO;;;;SI;NASDAQ
BFOR;NO;SI;NO;;;;NO;ARCA
ELPW;NO;SI;NO;;;;SI;NASDAQ
ALOY;NO;SI;NO;;;;NO;NASDAQ
ACGLN;NO;SI;NO;;;;SI;NASDAQ
QCML;NO;SI;NO;;;;NO;NASDAQ
QLC;NO;SI;NO;;;;NO;BATS
MBVIW;NO;SI;NO;;;;SI;NASDAQ
MBVIU;NO;SI;NO;;;;SI;NASDAQ
MBVI;NO;SI;NO;;;;SI;NASDAQ
DPC;NO;SI;NO;;;;NO;NYSE
BKRKY;NO;SI;NO;;;;NO;OTC
MBSF;NO;SI;NO;;;;NO;ARCA
ALOVW;NO;SI;NO;;;;SI;NASDAQ
MBSD;NO;SI;NO;;;;NO;ARCA
MBRX;NO;SI;NO;;;;SI;NASDAQ
ELOL;NO;SI;NO;;;;NO;NASDAQ
BKMS;NO;SI;NO;;;;NO;NASDAQ
BKMI;NO;SI;NO;;;;NO;NASDAQ
ABLS;NO;SI;NO;;;;NO;BATS
ALOVU;NO;SI;NO;;;;SI;NASDAQ
BKMC;NO;SI;NO;;;;NO;ARCA
MBOX;NO;SI;NO;;;;NO;ARCA
MBNKO;NO;SI;NO;;;;SI;NASDAQ
MBND;NO;SI;NO;;;;NO;BATS
MBINN;NO;SI;NO;;;;SI;NASDAQ
ELOG;NO;SI;NO;;;;SI;NASDAQ
RTXG;NO;SI;NO;;;;NO;NASDAQ
ELMT;NO;SI;NO;;;;SI;NASDAQ
MBINM;NO;SI;NO;;;;SI;NASDAQ
MBINL;NO;SI;NO;;;;SI;NASDAQ
ABXB;NO;SI;NO;;;;NO;BATS
BMNG;NO;SI;NO;;;;NO;NASDAQ
CATH;NO;SI;NO;;;;NO;NASDAQ
CGW;NO;SI;NO;;;;NO;ARCA
BKKT.WS;NO;SI;NO;;;;SI;NYSE
BKKLY;NO;SI;NO;;;;NO;OTC
MBBC;NO;SI;NO;;;;SI;NASDAQ
MBBB;NO;SI;NO;;;;NO;BATS
MBBA;NO;SI;NO;;;;NO;BATS
MBAI;NO;SI;NO;;;;SI;NASDAQ
MB;NO;SI;NO;;;;SI;NASDAQ
MAYZ;NO;SI;NO;;;;NO;BATS
MAYU;NO;SI;NO;;;;NO;BATS
ELLO;NO;SI;NO;;;;SI;AMEX
BKIE;NO;SI;NO;;;;NO;ARCA
MAYT;NO;SI;NO;;;;NO;BATS
MAYP;NO;SI;NO;;;;NO;BATS
MAYM;NO;SI;NO;;;;NO;BATS
ELLA;NO;SI;NO;;;;SI;NYSE
CONL;NO;SI;NO;;;;NO;NASDAQ
DKNX;NO;SI;NO;;;;NO;NASDAQ
MAYC;NO;SI;NO;;;;NO;BATS
ELFY;NO;SI;NO;;;;NO;NASDAQ
FUBO;NO;SI;NO;;;;NO;NYSE
GCTS;NO;SI;NO;;;;NO;NYSE
GENW;NO;SI;NO;;;;NO;ARCA
MAXJ;NO;SI;NO;;;;NO;BATS
LTAX;NO;SI;NO;;;;NO;ARCA
MAVF;NO;SI;NO;;;;NO;ARCA
MAUG;NO;SI;NO;;;;NO;BATS
ELE;NO;SI;NO;;;;NO;NASDAQ
BKHY;NO;SI;NO;;;;NO;ARCA
PGRO;NO;SI;NO;;;;NO;ARCA
ELD;NO;SI;NO;;;;NO;ARCA
ELC;NO;SI;NO;;;;SI;NYSE
PMFB;NO;SI;NO;;;;NO;BATS
IIM;NO;SI;NO;;;;NO;NYSE
JGH;NO;SI;NO;;;;NO;NYSE
PLTL;NO;SI;NO;;;;NO;BATS
STHH;NO;SI;NO;;;;NO;ARCA
SWZ;NO;SI;NO;;;;NO;NYSE
TWFG;NO;SI;NO;;;;SI;NASDAQ
TYA;NO;SI;NO;;;;NO;BATS
POAS;NO;SI;NO;;;;SI;AMEX
MATH;NO;SI;NO;;;;SI;NASDAQ
WHK;NO;SI;NO;;;;SI;NYSE
AIZN;NO;SI;NO;;;;SI;NYSE
PQX;NO;SI;NO;;;;NO;BATS
MATE;NO;SI;NO;;;;NO;NASDAQ
MASK;NO;SI;NO;;;;SI;NASDAQ
MARU;NO;SI;NO;;;;NO;BATS
SPRC;NO;SI;NO;;;;SI;NASDAQ
PQXX;NO;SI;NO;;;;NO;BATS
MARO;NO;SI;NO;;;;NO;ARCA
MARM;NO;SI;NO;;;;NO;BATS
ELBM;NO;SI;NO;;;;NO;NASDAQ
RAAY;NO;SI;NO;;;;NO;ARCA
RECI;NO;SI;NO;;;;NO;ARCA
ELAB;NO;SI;NO;;;;SI;NASDAQ
TCAN;NO;SI;NO;;;;NO;NASDAQ
TECB;NO;SI;NO;;;;NO;ARCA
EJUL;NO;SI;NO;;;;NO;ARCA
TEUP;NO;SI;NO;;;;NO;BATS
TMB;NO;SI;NO;;;;NO;NASDAQ
AUGP;NO;SI;NO;;;;NO;BATS
MPLY;NO;SI;NO;;;;NO;BATS
TMCR;NO;SI;NO;;;;NO;NASDAQ
EIPX;NO;SI;NO;;;;NO;ARCA
VCRM;NO;SI;NO;;;;NO;BATS
MAPP;NO;SI;NO;;;;NO;ARCA
MAMK;NO;SI;NO;;;;SI;NASDAQ
MAMB;NO;SI;NO;;;;NO;BATS
EINC;NO;SI;NO;;;;NO;ARCA
MAKX;NO;SI;NO;;;;NO;ARCA
VIAG;NO;SI;NO;;;;NO;BATS
BKAYY;NO;SI;NO;;;;NO;OTC
EIM;NO;SI;NO;;;;NO;AMEX
VUS;NO;SI;NO;;;;NO;ARCA
MAIN;NO;SI;NO;;;;NO;NYSE
DGIN;NO;SI;NO;;;;NO;ARCA
BKHAU;NO;SI;NO;;;;SI;NASDAQ
FERAR;NO;SI;NO;;;;SI;NASDAQ
GHTA;NO;SI;NO;;;;NO;BATS
MAGX;NO;SI;NO;;;;NO;BATS
MAGH;NO;SI;NO;;;;SI;NASDAQ
MAGG;NO;SI;NO;;;;NO;ARCA
MAGC;NO;SI;NO;;;;NO;BATS
MAGA;NO;SI;NO;;;;NO;ARCA
PAPI;NO;SI;NO;;;;NO;ARCA
MACIU;NO;SI;NO;;;;SI;NASDAQ
BKHAR;NO;SI;NO;;;;SI;NASDAQ
EIKN;NO;SI;NO;;;;NO;NASDAQ
APXT;NO;SI;NO;;;;SI;NASDAQ
EWAVU;NO;SI;NO;;;;SI;NASDAQ
MACI;NO;SI;NO;;;;SI;NASDAQ
HAO;NO;SI;NO;;;;SI;NASDAQ
GHXIU;NO;SI;NO;;;;SI;NASDAQ
EIIA;NO;SI;NO;;;;SI;NYSE
MAAY;NO;SI;NO;;;;NO;NASDAQ
MAAS;NO;SI;NO;;;;NO;NASDAQ
MAA.PRI;NO;SI;NO;;;;SI;NYSE
LZMH;NO;SI;NO;;;;SI;NASDAQ
LZM.WS;NO;SI;NO;;;;SI;NYSE
ACB;NO;SI;NO;;;;NO;NASDAQ
BAMG;NO;SI;NO;;;;NO;BATS
LXP.PRC;NO;SI;NO;;;;SI;NYSE
LXFR;NO;SI;NO;;;;NO;NYSE
LWACW;NO;SI;NO;;;;SI;NASDAQ
CLIX;NO;SI;NO;;;;NO;ARCA
CNTY;NO;SI;NO;;;;SI;NASDAQ
CSRE;NO;SI;NO;;;;NO;ARCA
DBE;NO;SI;NO;;;;NO;ARCA
DEED;NO;SI;NO;;;;NO;ARCA
DFLV;NO;SI;NO;;;;NO;ARCA
EGGQ;NO;SI;NO;;;;NO;NASDAQ
FTMA;NO;SI;NO;;;;NO;ARCA
LWACU;NO;SI;NO;;;;SI;NASDAQ
INCM;NO;SI;NO;;;;NO;ARCA
IQSU;NO;SI;NO;;;;NO;ARCA
ISUL;NO;SI;NO;;;;NO;NASDAQ
JFLX;NO;SI;NO;;;;NO;ARCA
KRSP;NO;SI;NO;;;;SI;NYSE
LUD;NO;SI;NO;;;;SI;AMEX
MYHE;NO;SI;NO;;;;NO;NASDAQ
OCS;NO;SI;NO;;;;NO;NASDAQ
OYSEU;NO;SI;NO;;;;SI;NASDAQ
LWAC;NO;SI;NO;;;;SI;NASDAQ
FORH;NO;SI;NO;;;;NO;BATS
RTRE;NO;SI;NO;;;;NO;BATS
LVWR.WS;NO;SI;NO;;;;SI;NYSE
SAJ;NO;SI;NO;;;;SI;NYSE
SBIO;NO;SI;NO;;;;NO;ARCA
SEATW;NO;SI;NO;;;;SI;NASDAQ
TCPB;NO;SI;NO;;;;NO;ARCA
TOVX;NO;SI;NO;;;;SI;AMEX
TRTN.PRD;NO;SI;NO;;;;SI;NYSE
TEQI;NO;SI;NO;;;;NO;ARCA
BKHA;NO;SI;NO;;;;SI;NASDAQ
LVWR;NO;SI;NO;;;;NO;NYSE
EIDO;NO;SI;NO;;;;NO;ARCA
BKFI;NO;SI;NO;;;;NO;ARCA
WDCX;NO;SI;NO;;;;NO;BATS
WRAP;NO;SI;NO;;;;NO;NASDAQ
YOKE;NO;SI;NO;;;;NO;NASDAQ
BRSV;NO;SI;NO;;;;NO;BATS
BKEM;NO;SI;NO;;;;NO;ARCA
LVLU;NO;SI;NO;;;;SI;NASDAQ
LVLN;NO;SI;NO;;;;NO;ARCA
LVIG;NO;SI;NO;;;;NO;NASDAQ
BASFY;NO;SI;NO;;;;NO;OTC
LTH;NO;SI;SI;;;;NO;NYSE
LUNL;NO;SI;NO;;;;NO;BATS
GHXIW;NO;SI;NO;;;;SI;NASDAQ
LCFYW;NO;SI;NO;;;;SI;NASDAQ
LUMA;NO;SI;NO;;;;NO;ARCA
MPIA;NO;SI;NO;;;;NO;NASDAQ
EICA;NO;SI;NO;;;;SI;NYSE
EGBN;NO;SI;SI;;;;NO;NASDAQ
LULG;NO;SI;NO;;;;NO;NASDAQ
LUCYW;NO;SI;NO;;;;SI;NASDAQ
LUCY;NO;SI;NO;;;;SI;NASDAQ
LUCK;NO;SI;NO;;;;NO;NYSE
LTTI;NO;SI;NO;;;;NO;ARCA
BKCI;NO;SI;NO;;;;NO;ARCA
LTRYW;NO;SI;NO;;;;SI;NASDAQ
BKCH;NO;SI;NO;;;;NO;NASDAQ
LTRN;NO;SI;NO;;;;SI;NASDAQ
LTL;NO;SI;NO;;;;NO;ARCA
EDF;NO;SI;NO;;;;NO;NYSE
BKCG;NO;SI;NO;;;;NO;ARCA
EHY;NO;SI;NO;;;;NO;BATS
JUNP;NO;SI;NO;;;;NO;BATS
LTGRW;NO;SI;NO;;;;SI;NASDAQ
EHLS;NO;SI;NO;;;;NO;NASDAQ
EHI;NO;SI;NO;;;;NO;NYSE
LTGR;NO;SI;NO;;;;SI;NASDAQ
LSF;NO;SI;SI;;;;SI;AMEX
LTGO;NO;SI;NO;;;;NO;NASDAQ
EHGO;NO;SI;NO;;;;SI;NASDAQ
LTCN;NO;SI;NO;;;;NO;OTC
LAFAR;NO;SI;NO;;;;SI;NASDAQ
LTCC;NO;SI;NO;;;;NO;NASDAQ
LSVD;NO;SI;NO;;;;NO;ARCA
EGGS;NO;SI;NO;;;;NO;ARCA
LSTB;NO;SI;NO;;;;NO;ARCA
LSTA;NO;SI;NO;;;;SI;NASDAQ
BJUN;NO;SI;NO;;;;NO;BATS
EHCC;NO;SI;NO;;;;NO;BATS
BJUL;NO;SI;NO;;;;NO;BATS
LSRCY;NO;SI;NO;;;;NO;OTC
SCDV;NO;SI;NO;;;;NO;ARCA
EGUS;NO;SI;NO;;;;NO;BATS
BJAN;NO;SI;NO;;;;NO;BATS
EGLE;NO;SI;NO;;;;NO;ARCA
EGHAU;NO;SI;NO;;;;SI;NASDAQ
BIZD;NO;SI;NO;;;;NO;ARCA
BIYA;NO;SI;NO;;;;SI;NASDAQ
BIXIW;NO;SI;NO;;;;SI;NASDAQ
LSCP;NO;SI;NO;;;;NO;ARCA
BIXIU;NO;SI;NO;;;;SI;NASDAQ
LSAT;NO;SI;NO;;;;NO;ARCA
LRNZ;NO;SI;NO;;;;NO;BATS
BIXI;NO;SI;NO;;;;SI;NASDAQ
EGHAR;NO;SI;NO;;;;SI;NASDAQ
LUCD;NO;SI;NO;;;;NO;NASDAQ
EGHA;NO;SI;NO;;;;SI;NASDAQ
LRNX;NO;SI;NO;;;;NO;BATS
MMTXU;NO;SI;NO;;;;SI;NASDAQ
LOOP;NO;SI;NO;;;;SI;NASDAQ
MMTXW;NO;SI;NO;;;;SI;NASDAQ
LRND;NO;SI;NO;;;;NO;NASDAQ
EGG;NO;SI;NO;;;;SI;AMEX
NUDV;NO;SI;NO;;;;NO;BATS
LRHC;NO;SI;NO;;;;SI;NASDAQ
LRGG;NO;SI;NO;;;;NO;ARCA
LRGE;NO;SI;NO;;;;NO;NASDAQ
LST;NO;SI;NO;;;;NO;ARCA
LRGC;NO;SI;NO;;;;NO;ARCA
ADME;NO;SI;NO;;;;NO;BATS
BIVIW;NO;SI;NO;;;;SI;NASDAQ
CB;NO;SI;NO;;;;NO;NYSE
DWSN;NO;SI;NO;;;;SI;NASDAQ
QFLR;NO;SI;NO;;;;NO;ARCA
LRE;NO;SI;NO;;;;SI;NASDAQ
ALOV;NO;SI;NO;;;;SI;NASDAQ
BCIL;NO;SI;NO;;;;NO;ARCA
LRCU;NO;SI;NO;;;;NO;BATS
MKTAY;NO;SI;NO;;;;NO;OTC
BDMDW;NO;SI;NO;;;;SI;NASDAQ
PRNT;NO;SI;NO;;;;NO;BATS
BUFE;NO;SI;NO;;;;NO;BATS
LQID;NO;SI;NO;;;;NO;BATS
LQDU;NO;SI;NO;;;;NO;BATS
EFZ;NO;SI;NO;;;;NO;ARCA
BUFG;NO;SI;NO;;;;NO;BATS
LQDM;NO;SI;NO;;;;NO;BATS
CCIF;NO;SI;NO;;;;NO;NYSE
EFU;NO;SI;NO;;;;NO;ARCA
LQDD;NO;SI;NO;;;;NO;BATS
LQDB;NO;SI;NO;;;;NO;ARCA
BIVI;NO;SI;NO;;;;SI;NASDAQ
LQAI;NO;SI;NO;;;;NO;ARCA
LQ;NO;SI;NO;;;;NO;NASDAQ
LPRE;NO;SI;NO;;;;NO;ARCA
LPCVU;NO;SI;NO;;;;SI;NASDAQ
LPBBW;NO;SI;NO;;;;SI;NASDAQ
FBUF;NO;SI;NO;;;;NO;BATS
FDMMU;NO;SI;NO;;;;SI;NASDAQ
BIV;NO;SI;NO;;;;NO;ARCA
EFTY;NO;SI;NO;;;;SI;NASDAQ
HOLOW;NO;SI;NO;;;;SI;NASDAQ
PRH;NO;SI;NO;;;;SI;NYSE
LPBBU;NO;SI;NO;;;;SI;NASDAQ
LPAAW;NO;SI;NO;;;;SI;NASDAQ
LPAAU;NO;SI;NO;;;;SI;NASDAQ
BITY;NO;SI;NO;;;;NO;BATS
BITW;NO;SI;NO;;;;NO;ARCA
LPAA;NO;SI;NO;;;;SI;NASDAQ
BITU;NO;SI;NO;;;;NO;ARCA
LPA;NO;SI;NO;;;;SI;AMEX
EFSCP;NO;SI;NO;;;;SI;NASDAQ
EFRA;NO;SI;NO;;;;NO;NASDAQ
LOWV;NO;SI;NO;;;;NO;ARCA
LOUP;NO;SI;NO;;;;NO;ARCA
LOTWW;NO;SI;NO;;;;SI;NASDAQ
LOTI;NO;SI;NO;;;;NO;NASDAQ
LOPP;NO;SI;NO;;;;NO;ARCA
LONA;NO;SI;NO;;;;SI;NASDAQ
LOGO;NO;SI;NO;;;;NO;NASDAQ
BITS;NO;SI;NO;;;;NO;NASDAQ
LOFF;NO;SI;NO;;;;NO;ARCA
LOFD;NO;SI;NO;;;;NO;ARCA
LOEV;NO;SI;NO;;;;NO;ARCA
BSJV;NO;SI;NO;;;;NO;NASDAQ
ALLR;NO;SI;NO;;;;SI;NASDAQ
ABLG;NO;SI;NO;;;;NO;BATS
ADIV;NO;SI;NO;;;;NO;ARCA
EFR;NO;SI;NO;;;;NO;NYSE
DSY;NO;SI;NO;;;;SI;NASDAQ
ARWG;NO;SI;NO;;;;NO;BATS
LODI;NO;SI;NO;;;;NO;ARCA
LOCT;NO;SI;NO;;;;NO;BATS
LOBO;NO;SI;NO;;;;SI;NASDAQ
EFOI;NO;SI;NO;;;;SI;NASDAQ
LOB.PRA;NO;SI;NO;;;;SI;NYSE
AFIF;NO;SI;NO;;;;NO;BATS
ABI;NO;SI;NO;;;;NO;NASDAQ
LPCVW;NO;SI;NO;;;;SI;NASDAQ
EFNL;NO;SI;NO;;;;NO;BATS
MACIW;NO;SI;NO;;;;SI;NASDAQ
LZAGY;NO;SI;NO;;;;NO;OTC
EFIV;NO;SI;NO;;;;NO;ARCA
BITI;NO;SI;NO;;;;NO;ARCA
EFFI;NO;SI;NO;;;;NO;ARCA
TIH;NO;SI;NO;;;;NO;NASDAQ
AIFD;NO;SI;NO;;;;NO;NASDAQ
LOAN;NO;SI;NO;;;;NO;NASDAQ
BITC;NO;SI;NO;;;;NO;ARCA
AVAT;NO;SI;NO;;;;SI;NASDAQ
AVRY;NO;SI;NO;;;;NO;BATS
PPI;NO;SI;NO;;;;NO;NASDAQ
EFFE;NO;SI;NO;;;;NO;ARCA
LNZAW;NO;SI;NO;;;;SI;NASDAQ
BEDZ;NO;SI;NO;;;;NO;ARCA
EFC.PRC;NO;SI;NO;;;;SI;NYSE
BEX;NO;SI;NO;;;;NO;BATS
LNZA;NO;SI;NO;;;;SI;NASDAQ
ALIS;NO;SI;NO;;;;SI;NASDAQ
ATTO;NO;SI;NO;;;;SI;NASDAQ
BUFH;NO;SI;NO;;;;NO;BATS
ZDAI;NO;SI;NO;;;;SI;NASDAQ
DVXK;NO;SI;NO;;;;NO;NASDAQ
SWMR;NO;SI;NO;;;;SI;NASDAQ
VGAS;NO;SI;NO;;;;SI;NASDAQ
WTF;NO;SI;NO;;;;SI;NASDAQ
WTV;NO;SI;NO;;;;NO;ARCA
LNOK;NO;SI;NO;;;;NO;BATS
EFC.PRB;NO;SI;NO;;;;SI;NYSE
EFAX;NO;SI;NO;;;;NO;ARCA
LNKS;NO;SI;NO;;;;SI;NASDAQ
EFAS;NO;SI;NO;;;;NO;NASDAQ
LND;NO;SI;NO;;;;NO;NYSE
BIT;NO;SI;NO;;;;NO;NYSE
LNC.PRD;NO;SI;NO;;;;SI;NYSE
BIRK;NO;SI;NO;;;;NO;NYSE
BIPJ;NO;SI;NO;;;;SI;NYSE
LNAI;NO;SI;NO;;;;SI;NASDAQ
LMTL;NO;SI;NO;;;;NO;NASDAQ
EFAA;NO;SI;NO;;;;NO;ARCA
EET;NO;SI;NO;;;;NO;ARCA
LMNX;NO;SI;NO;;;;NO;NASDAQ
BIPH;NO;SI;NO;;;;SI;NYSE
EES;NO;SI;NO;;;;NO;ARCA
EEMX;NO;SI;NO;;;;NO;ARCA
EEMS;NO;SI;NO;;;;NO;ARCA
BIP.PRB;NO;SI;NO;;;;SI;NYSE
EEMO;NO;SI;NO;;;;NO;ARCA
ADACW;NO;SI;NO;;;;SI;NASDAQ
AVMV;NO;SI;NO;;;;NO;ARCA
GPTY;NO;SI;NO;;;;NO;ARCA
GSUI;NO;SI;NO;;;;NO;ARCA
HBRD;NO;SI;NO;;;;NO;ARCA
LLDR;NO;SI;NO;;;;NO;ARCA
LKSPU;NO;SI;NO;;;;SI;NASDAQ
BIP.PRA;NO;SI;NO;;;;SI;NYSE
EELV;NO;SI;NO;;;;NO;ARCA
LKSPR;NO;SI;NO;;;;SI;NASDAQ
EEIQ;NO;SI;NO;;;;SI;NASDAQ
HNDL;NO;SI;NO;;;;NO;NASDAQ
HVAC;NO;SI;NO;;;;NO;ARCA
LKSP;NO;SI;NO;;;;SI;NASDAQ
LKOR;NO;SI;NO;;;;NO;BATS
LJUL;NO;SI;NO;;;;NO;BATS
AGM.PRH;NO;SI;NO;;;;SI;NYSE
LJAN;NO;SI;NO;;;;NO;BATS
LIVE;NO;SI;NO;;;;SI;NASDAQ
LION;NO;SI;SI;;;;NO;NYSE
AUROW;NO;SI;NO;;;;SI;NASDAQ
WSPC;NO;SI;NO;;;;NO;NASDAQ
EEE;NO;SI;NO;;;;NO;NASDAQ
LITZ;NO;SI;NO;;;;NO;BATS
LITU;NO;SI;NO;;;;NO;BATS
LITS;NO;SI;NO;;;;SI;NASDAQ
BIOY;NO;SI;NO;;;;NO;NASDAQ
DSCO;NO;SI;NO;;;;NO;ARCA
LITC;NO;SI;NO;;;;NO;BATS
LITB;NO;SI;NO;;;;SI;NYSE
BIOX;NO;SI;NO;;;;NO;NASDAQ
LIQT;NO;SI;NO;;;;SI;NASDAQ
EDZ;NO;SI;NO;;;;NO;ARCA
KCE;NO;SI;NO;;;;NO;ARCA
BIOTW;NO;SI;NO;;;;SI;NASDAQ
LIMI;NO;SI;NO;;;;NO;BATS
LIFT;NO;SI;NO;;;;NO;BATS
LIEN;NO;SI;NO;;;;SI;NASDAQ
ECCC;NO;SI;NO;;;;SI;NYSE
LIMN;NO;SI;NO;;;;NO;NASDAQ
LSGR;NO;SI;NO;;;;NO;ARCA
MARPS;NO;SI;NO;;;;SI;NASDAQ
EDTK;NO;SI;NO;;;;SI;NASDAQ
EDSA;NO;SI;NO;;;;SI;NASDAQ
EDHL;NO;SI;NO;;;;SI;NASDAQ
ELM;NO;SI;NO;;;;NO;ARCA
LICN;NO;SI;NO;;;;SI;NASDAQ
SAGT;NO;SI;NO;;;;SI;NASDAQ
BASG;NO;SI;NO;;;;NO;NASDAQ
LIBD;NO;SI;NO;;;;NO;BATS
EDGQ;NO;SI;NO;;;;NO;ARCA
LIAU;NO;SI;NO;;;;NO;BATS
LIAM;NO;SI;NO;;;;NO;BATS
BPAY;NO;SI;NO;;;;NO;ARCA
LHSW;NO;SI;NO;;;;SI;NASDAQ
EDGI;NO;SI;NO;;;;NO;ARCA
LHAI;NO;SI;NO;;;;SI;NASDAQ
DIT;NO;SI;NO;;;;SI;AMEX
LFACU;NO;SI;NO;;;;SI;NASDAQ
MCAHR;NO;SI;NO;;;;SI;NASDAQ
PARAW;NO;SI;NO;;;;SI;NASDAQ
LGVN;NO;SI;NO;;;;SI;NASDAQ
MVPA;NO;SI;NO;;;;NO;ARCA
LGRO;NO;SI;NO;;;;NO;NASDAQ
NBTX;NO;SI;NO;;;;NO;NASDAQ
EDGH;NO;SI;NO;;;;NO;ARCA
EDGF;NO;SI;NO;;;;NO;ARCA
MAYS;NO;SI;NO;;;;SI;NASDAQ
LGRDY;NO;SI;NO;;;;NO;OTC
SENEB;NO;SI;NO;;;;SI;NASDAQ
LFUS;NO;SI;SI;;;;NO;NASDAQ
LGPS;NO;SI;NO;;;;SI;AMEX
LGO;NO;SI;NO;;;;NO;NASDAQ
TRAD;NO;SI;NO;;;;SI;NYSE
OCAC;NO;SI;NO;;;;SI;NYSE
PACHW;NO;SI;NO;;;;SI;NASDAQ
PLMKW;NO;SI;NO;;;;SI;NASDAQ
LGLV;NO;SI;NO;;;;NO;ARCA
BIOT;NO;SI;NO;;;;SI;NASDAQ
LGHL;NO;SI;NO;;;;SI;NASDAQ
LGDX;NO;SI;NO;;;;NO;ARCA
LGDS;NO;SI;NO;;;;NO;NASDAQ
AMID;NO;SI;NO;;;;NO;NASDAQ
LGCF;NO;SI;NO;;;;NO;NASDAQ
BIO.B;NO;SI;NO;;;;SI;NYSE
EDEN;NO;SI;NO;;;;NO;BATS
BINV;NO;SI;NO;;;;NO;BATS
EDC;NO;SI;NO;;;;NO;ARCA
ILS;NO;SI;NO;;;;NO;ARCA
YCL;NO;SI;NO;;;;NO;ARCA
YUNG;NO;SI;NO;;;;NO;BATS
LFWD;NO;SI;NO;;;;SI;NASDAQ
BINT;NO;SI;NO;;;;NO;ARCA
BINI;NO;SI;NO;;;;NO;OTC
ALL.PRJ;NO;SI;NO;;;;SI;NYSE
LFVN;NO;SI;NO;;;;SI;NASDAQ
EDBLW;NO;SI;NO;;;;SI;NASDAQ
DJTU;NO;SI;NO;;;;NO;BATS
BILZ;NO;SI;NO;;;;NO;ARCA
LFTO;NO;SI;NO;;;;NO;NASDAQ
SBCWW;NO;SI;NO;;;;SI;NASDAQ
BILT;NO;SI;NO;;;;NO;BATS
SKYA;NO;SI;NO;;;;SI;NASDAQ
LFT.PRA;NO;SI;NO;;;;SI;NYSE
LFT;NO;SI;NO;;;;NO;NYSE
LFS;NO;SI;NO;;;;SI;NASDAQ
BWIV;NO;SI;NO;;;;SI;NYSE
BILD;NO;SI;NO;;;;NO;ARCA
LFMDP;NO;SI;NO;;;;SI;NASDAQ
LFGY;NO;SI;NO;;;;NO;ARCA
LFEQ;NO;SI;NO;;;;NO;ARCA
BIII.WS;NO;SI;NO;;;;SI;NYSE
LFDR;NO;SI;NO;;;;NO;BATS
BIII.U;NO;SI;NO;;;;SI;NYSE
SOBR;NO;SI;NO;;;;SI;NASDAQ
ADIL;NO;SI;NO;;;;SI;NASDAQ
LFBE;NO;SI;NO;;;;NO;BATS
LFAW;NO;SI;NO;;;;NO;BATS
FTBD;NO;SI;NO;;;;NO;ARCA
LFAO;NO;SI;NO;;;;NO;BATS
LFAI;NO;SI;NO;;;;NO;BATS
ALL.PRI;NO;SI;NO;;;;SI;NYSE
LFACW;NO;SI;NO;;;;SI;NASDAQ
ALL.PRB;NO;SI;NO;;;;SI;NYSE
ECXWW;NO;SI;NO;;;;SI;NASDAQ
LFAC;NO;SI;NO;;;;SI;NASDAQ
BIII;NO;SI;NO;;;;SI;NYSE
ALISU;NO;SI;NO;;;;SI;NASDAQ
LEUX;NO;SI;NO;;;;NO;BATS
LESL;NO;SI;NO;;;;SI;NASDAQ
ALISR;NO;SI;NO;;;;SI;NASDAQ
ECX;NO;SI;NO;;;;NO;NASDAQ
MPG;NO;SI;NO;;;;NO;NASDAQ
MPIM;NO;SI;NO;;;;NO;ARCA
SBEV;NO;SI;NO;;;;SI;AMEX
SUPV;NO;SI;NO;;;;NO;NYSE
MPL;NO;SI;NO;;;;NO;ARCA
MPWC;NO;SI;NO;;;;NO;BATS
LEGR;NO;SI;NO;;;;NO;NASDAQ
LEGO.WS;NO;SI;NO;;;;SI;AMEX
LEGO.U;NO;SI;NO;;;;SI;AMEX
MPWX;NO;SI;NO;;;;NO;BATS
ECOW;NO;SI;NO;;;;NO;NASDAQ
XLEX;NO;SI;NO;;;;NO;BATS
LEE;NO;SI;NO;;;;SI;NASDAQ
BIGY;NO;SI;NO;;;;NO;ARCA
LEDS;NO;SI;NO;;;;SI;NASDAQ
ECON;NO;SI;NO;;;;NO;ARCA
KUST;NO;SI;NO;;;;SI;NASDAQ
ECHX;NO;SI;NO;;;;NO;NASDAQ
ECF;NO;SI;NO;;;;NO;AMEX
ECCV;NO;SI;NO;;;;SI;NYSE
LDUR;NO;SI;NO;;;;NO;ARCA
LDSF;NO;SI;NO;;;;NO;NASDAQ
BIDWU;NO;SI;NO;;;;SI;NASDAQ
LDRX;NO;SI;NO;;;;NO;NASDAQ
ADGM;NO;SI;NO;;;;SI;NASDAQ
ECCU;NO;SI;NO;;;;SI;NYSE
BIDG;NO;SI;NO;;;;NO;NASDAQ
ECC.PRD;NO;SI;NO;;;;SI;NYSE
BIDD;NO;SI;NO;;;;NO;ARCA
MMIN;NO;SI;NO;;;;NO;ARCA
EPSB;NO;SI;NO;;;;NO;ARCA
LDRT;NO;SI;NO;;;;NO;ARCA
LDRI;NO;SI;NO;;;;NO;ARCA
BID;NO;SI;NO;;;;SI;NASDAQ
EBUF;NO;SI;NO;;;;NO;ARCA
LDRH;NO;SI;NO;;;;NO;ARCA
LDRC;NO;SI;NO;;;;NO;ARCA
AAUA;NO;SI;NO;;;;NO;BATS
IOSX;NO;SI;NO;;;;NO;BATS
ALIL;NO;SI;NO;;;;NO;NASDAQ
EBIZ;NO;SI;NO;;;;NO;NASDAQ
EBIT;NO;SI;NO;;;;NO;ARCA
ABCS;NO;SI;NO;;;;NO;NASDAQ
BIB;NO;SI;NO;;;;NO;NASDAQ
LDI;NO;SI;NO;;;;NO;NYSE
EART;NO;SI;NO;;;;NO;NASDAQ
LDEM;NO;SI;NO;;;;NO;NASDAQ
LDDR;NO;SI;NO;;;;NO;BATS
EARN;NO;SI;NO;;;;NO;NYSE
EAPR;NO;SI;NO;;;;NO;ARCA
EAI;NO;SI;NO;;;;SI;NYSE
BIAFW;NO;SI;NO;;;;SI;NASDAQ
EAFG;NO;SI;NO;;;;NO;ARCA
BIAF;NO;SI;NO;;;;SI;NASDAQ
LCTO;NO;SI;NO;;;;NO;BATS
LCTD;NO;SI;NO;;;;NO;ARCA
DZZ;NO;SI;NO;;;;NO;ARCA
LCR;NO;SI;NO;;;;NO;ARCA
LCOW;NO;SI;NO;;;;NO;BATS
LCO;NO;SI;NO;;;;NO;ARCA
LCLG;NO;SI;NO;;;;NO;ARCA
DXYZ;NO;SI;SI;;;;NO;NYSE
BHYP;NO;SI;NO;;;;NO;ARCA
ALGS;NO;SI;NO;;;;SI;NASDAQ
BHYB;NO;SI;NO;;;;NO;BATS
ALFUW;NO;SI;NO;;;;SI;NASDAQ
LCF;NO;SI;NO;;;;NO;BATS
LCDS;NO;SI;NO;;;;NO;NASDAQ
LCCCU;NO;SI;NO;;;;SI;NASDAQ
LCCCR;NO;SI;NO;;;;SI;NASDAQ
LCCC;NO;SI;NO;;;;SI;NASDAQ
DYTA;NO;SI;NO;;;;NO;NASDAQ
WLYB;NO;SI;NO;;;;SI;NYSE
DYORW;NO;SI;NO;;;;SI;NASDAQ
LBTYB;NO;SI;NO;;;;SI;NASDAQ
LBRDP;NO;SI;NO;;;;SI;NASDAQ
LBO;NO;SI;NO;;;;NO;BATS
LBGJ;NO;SI;NO;;;;SI;NASDAQ
BHV;NO;SI;NO;;;;NO;NYSE
BHR.PRD;NO;SI;NO;;;;SI;NYSE
LBAY;NO;SI;NO;;;;NO;ARCA
LAZR;NO;SI;NO;;;;NO;ARCA
LAWR;NO;SI;NO;;;;SI;NASDAQ
DYORU;NO;SI;NO;;;;SI;NASDAQ
DYOR;NO;SI;NO;;;;SI;NASDAQ
LATR;NO;SI;NO;;;;NO;BATS
LATAW;NO;SI;NO;;;;SI;NASDAQ
DYNCU;NO;SI;NO;;;;SI;NASDAQ
LATAU;NO;SI;NO;;;;SI;NASDAQ
LATA;NO;SI;NO;;;;SI;NASDAQ
DYNB;NO;SI;NO;;;;NO;NASDAQ
LASE;NO;SI;NO;;;;SI;NASDAQ
BHR.PRB;NO;SI;NO;;;;SI;NYSE
LASC;NO;SI;NO;;;;NO;BATS
ALFUU;NO;SI;NO;;;;SI;NASDAQ
ALF;NO;SI;NO;;;;SI;NASDAQ
LAPR;NO;SI;NO;;;;NO;BATS
DYLG;NO;SI;NO;;;;NO;ARCA
LANV;NO;SI;NO;;;;NO;NYSE
LANDP;NO;SI;NO;;;;SI;NASDAQ
LANDO;NO;SI;NO;;;;SI;NASDAQ
DYLD;NO;SI;NO;;;;NO;ARCA
ADDYY;NO;SI;NO;;;;NO;OTC
LALT;NO;SI;NO;;;;NO;ARCA
BHFAO;NO;SI;NO;;;;SI;NASDAQ
LAFAU;NO;SI;NO;;;;SI;NASDAQ
LAFA;NO;SI;NO;;;;SI;NASDAQ
LAES;NO;SI;NO;;;;NO;NASDAQ
DYAI;NO;SI;NO;;;;SI;NASDAQ
ABCL;NO;SI;NO;;;;NO;NASDAQ
BHFAN;NO;SI;NO;;;;SI;NASDAQ
LADM;NO;SI;NO;;;;NO;BATS
AAVM;NO;SI;NO;;;;NO;NASDAQ
LABX;NO;SI;NO;;;;NO;BATS
ALDFW;NO;SI;NO;;;;SI;NASDAQ
LABU;NO;SI;NO;;;;NO;ARCA
LABT;NO;SI;NO;;;;SI;NASDAQ
BHFAM;NO;SI;NO;;;;SI;NASDAQ
BHFAL;NO;SI;NO;;;;SI;NASDAQ
LABD;NO;SI;NO;;;;NO;ARCA
DXUV;NO;SI;NO;;;;NO;ARCA
BHDG;NO;SI;NO;;;;NO;NASDAQ
AAUB;NO;SI;NO;;;;NO;NASDAQ
SEPM;NO;SI;NO;;;;NO;BATS
FB;NO;SI;NO;;;;NO;BATS
LAB;NO;SI;NO;;;;NO;NASDAQ
BHAV;NO;SI;NO;;;;SI;NASDAQ
BNKK;NO;SI;NO;;;;SI;NASDAQ
KZIA;NO;SI;NO;;;;SI;NASDAQ
KYLD;NO;SI;NO;;;;NO;BATS
EIRL;NO;SI;NO;;;;NO;ARCA
CTRI;NO;SI;SI;;;;NO;NYSE
GJH;NO;SI;NO;;;;SI;NYSE
DNN;NO;SI;SI;;;;NO;AMEX
KYIVW;NO;SI;NO;;;;SI;NASDAQ
DXST;NO;SI;NO;;;;SI;NASDAQ
KYC;NO;SI;NO;;;;NO;BATS
HPQ;NO;SI;SI;;;;NO;NYSE
STRNY;NO;SI;NO;;;;NO;OTC
KXIN;NO;SI;NO;;;;SI;NASDAQ
KXI;NO;SI;NO;;;;NO;ARCA
KWT;NO;SI;NO;;;;NO;BATS
MDT;NO;SI;SI;;;;NO;NYSE
KWMWW;NO;SI;NO;;;;SI;NASDAQ
AZO;NO;SI;SI;;;;NO;NYSE
DXR;NO;SI;NO;;;;SI;NASDAQ
CI;NO;SI;SI;;;;NO;NYSE
KWM;NO;SI;NO;;;;SI;NASDAQ
KWIN;NO;SI;NO;;;;NO;ARCA
ALDFU;NO;SI;NO;;;;SI;NASDAQ
AAPW;NO;SI;NO;;;;NO;BATS
DXLG;NO;SI;NO;;;;NO;NASDAQ
AAPU;NO;SI;NO;;;;NO;NASDAQ
KURE;NO;SI;NO;;;;NO;ARCA
KULR;NO;SI;NO;;;;SI;AMEX
DXIV;NO;SI;NO;;;;NO;ARCA
DXD;NO;SI;NO;;;;NO;ARCA
RMME;NO;SI;NO;;;;NO;BATS
ADC.PRA;NO;SI;NO;;;;SI;NYSE
KTWO;NO;SI;NO;;;;SI;NASDAQ
KTUP;NO;SI;NO;;;;NO;BATS
KTTAW;NO;SI;NO;;;;SI;NASDAQ
KTTA;NO;SI;NO;;;;SI;NASDAQ
KTN;NO;SI;NO;;;;SI;NYSE
KTH;NO;SI;NO;;;;SI;NYSE
KTEC;NO;SI;NO;;;;NO;ARCA
ALDF;NO;SI;NO;;;;SI;NASDAQ
KSTR;NO;SI;NO;;;;NO;ARCA
KSPY;NO;SI;NO;;;;NO;ARCA
TFGZ;NO;SI;NO;;;;NO;NASDAQ
BH.A;NO;SI;NO;;;;SI;NYSE
KSEP;NO;SI;NO;;;;NO;BATS
KSCP;NO;SI;NO;;;;SI;NASDAQ
KRYP;NO;SI;NO;;;;NO;ARCA
AIM;NO;SI;NO;;;;SI;AMEX
AHG;NO;SI;NO;;;;NO;NASDAQ
KRWX;NO;SI;NO;;;;NO;BATS
DX.PRC;NO;SI;NO;;;;SI;NYSE
KRSP.WS;NO;SI;NO;;;;SI;NYSE
KRSP.U;NO;SI;NO;;;;SI;NYSE
MLAA;NO;SI;NO;;;;SI;NASDAQ
KROP;NO;SI;NO;;;;NO;NASDAQ
BGUS;NO;SI;NO;;;;NO;NASDAQ
ADBU;NO;SI;NO;;;;NO;ARCA
KRNY;NO;SI;NO;;;;NO;NASDAQ
RITA;NO;SI;NO;;;;NO;ARCA
DWSH;NO;SI;NO;;;;NO;NASDAQ
BGRO;NO;SI;NO;;;;NO;NASDAQ
KRKR;NO;SI;NO;;;;SI;NASDAQ
DWAW;NO;SI;NO;;;;NO;NASDAQ
DWAS;NO;SI;NO;;;;NO;NASDAQ
BGR;NO;SI;NO;;;;NO;NYSE
ADBG;NO;SI;NO;;;;NO;NASDAQ
KREF.PRA;NO;SI;NO;;;;SI;NYSE
PRXI;NO;SI;NO;;;;NO;ARCA
DVYE;NO;SI;NO;;;;NO;ARCA
DVXY;NO;SI;NO;;;;NO;NASDAQ
DVXV;NO;SI;NO;;;;NO;NASDAQ
RAY;NO;SI;NO;;;;SI;NASDAQ
KRBN;NO;SI;NO;;;;NO;ARCA
DVXP;NO;SI;NO;;;;NO;NASDAQ
KRAQW;NO;SI;NO;;;;SI;NASDAQ
XFLX;NO;SI;NO;;;;NO;ARCA
TOAO;NO;SI;NO;;;;NO;BATS
ADAMZ;NO;SI;NO;;;;SI;NASDAQ
KRAQU;NO;SI;NO;;;;SI;NASDAQ
BGMS;NO;SI;NO;;;;SI;NASDAQ
KRAQ;NO;SI;NO;;;;SI;NASDAQ
BGM;NO;SI;NO;;;;NO;NASDAQ
ALDB;NO;SI;NO;;;;NO;BATS
KQQQ;NO;SI;NO;;;;NO;NASDAQ
KPTI;NO;SI;NO;;;;SI;NASDAQ
BGLC;NO;SI;NO;;;;SI;NASDAQ
DLHC;NO;SI;SI;;;;SI;NASDAQ
LFSC;NO;SI;SI;;;;NO;NASDAQ
DVXF;NO;SI;NO;;;;NO;NASDAQ
KPRX;NO;SI;NO;;;;SI;NASDAQ
BGL;NO;SI;NO;;;;SI;NASDAQ
DV;NO;SI;SI;;;;NO;NYSE
PRU;NO;SI;SI;;;;NO;NYSE
KPHO;NO;SI;NO;;;;NO;ARCA
KPET.WS;NO;SI;NO;;;;SI;NYSE
APIE;NO;SI;NO;;;;NO;ARCA
EWO;NO;SI;NO;;;;NO;ARCA
FMQQ;NO;SI;NO;;;;NO;ARCA
NYXH;NO;SI;NO;;;;NO;NASDAQ
KPET.U;NO;SI;NO;;;;SI;NYSE
KOYNW;NO;SI;NO;;;;SI;NASDAQ
DVXE;NO;SI;NO;;;;NO;NASDAQ
DVXC;NO;SI;NO;;;;NO;NASDAQ
DVXB;NO;SI;NO;;;;NO;NASDAQ
DVVY;NO;SI;NO;;;;NO;BATS
KOYN;NO;SI;NO;;;;SI;NASDAQ
CKX;NO;SI;NO;;;;SI;AMEX
PPERY;NO;SI;NO;;;;NO;OTC
CANG;NO;SI;NO;;;;SI;NYSE
KORU;NO;SI;NO;;;;NO;ARCA
EBND;NO;SI;NO;;;;NO;ARCA
GTERW;NO;SI;NO;;;;SI;NASDAQ
KIO;NO;SI;NO;;;;NO;NYSE
KORP;NO;SI;NO;;;;NO;ARCA
KOOL;NO;SI;NO;;;;NO;ARCA
KOMP;NO;SI;NO;;;;NO;ARCA
KOLD;NO;SI;NO;;;;NO;ARCA
KOKU;NO;SI;NO;;;;NO;ARCA
KOCT;NO;SI;NO;;;;NO;BATS
KNYJY;NO;SI;NO;;;;NO;OTC
LGCL;NO;SI;NO;;;;SI;NASDAQ
THD;NO;SI;NO;;;;NO;ARCA
KNRX;NO;SI;NO;;;;SI;AMEX
DVUT;NO;SI;NO;;;;NO;NASDAQ
KNRG;NO;SI;NO;;;;NO;ARCA
KNOV;NO;SI;NO;;;;NO;BATS
KMX;NO;SI;SI;;;;NO;NYSE
KNO;NO;SI;NO;;;;NO;ARCA
KNG;NO;SI;NO;;;;NO;BATS
XTN;NO;SI;NO;;;;NO;ARCA
YEAR;NO;SI;NO;;;;NO;ARCA
KNDI;NO;SI;NO;;;;NO;NASDAQ
KMTUY;NO;SI;NO;;;;NO;OTC
UMMA;NO;SI;SI;;;;NO;NASDAQ
KMRK;NO;SI;NO;;;;SI;NASDAQ
DVSP;NO;SI;NO;;;;NO;NASDAQ
KMPB;NO;SI;NO;;;;SI;NYSE
DVRE;NO;SI;NO;;;;NO;NASDAQ
BGIN;NO;SI;NO;;;;NO;NASDAQ
KMID;NO;SI;NO;;;;NO;ARCA
BGIG;NO;SI;NO;;;;NO;ARCA
KMEM;NO;SI;NO;;;;NO;BATS
KMCA;NO;SI;NO;;;;NO;ARCA
BGIA;NO;SI;NO;;;;NO;NASDAQ
KMAR;NO;SI;NO;;;;NO;BATS
BGH;NO;SI;NO;;;;NO;NYSE
DVQQ;NO;SI;NO;;;;NO;NASDAQ
DVOL;NO;SI;NO;;;;NO;NASDAQ
PXE;NO;SI;NO;;;;NO;ARCA
AMAU;NO;SI;NO;;;;NO;BATS
WIT;NO;SI;NO;;;;NO;NYSE
PSA.PRP;NO;SI;NO;;;;SI;NYSE
BGGG;NO;SI;NO;;;;NO;NASDAQ
KLMT;NO;SI;NO;;;;NO;ARCA
BGFI;NO;SI;NO;;;;NO;BATS
AGQI;NO;SI;NO;;;;NO;ARCA
AIEQ;NO;SI;NO;;;;NO;ARCA
DVLT;NO;SI;NO;;;;NO;NASDAQ
BGEG;NO;SI;NO;;;;NO;NASDAQ
BG;NO;SI;SI;;;;NO;NYSE
CBUS;NO;SI;NO;;;;NO;NASDAQ
KLIP;NO;SI;NO;;;;NO;ARCA
KLAG;NO;SI;NO;;;;NO;NASDAQ
NELS;NO;SI;NO;;;;NO;BATS
NSRX;NO;SI;NO;;;;SI;AMEX
KKRT;NO;SI;NO;;;;SI;NYSE
CCOM;NO;SI;NO;;;;NO;ARCA
CGBD;NO;SI;NO;;;;NO;NASDAQ
KKRS;NO;SI;NO;;;;SI;NYSE
VWOB;NO;SI;SI;;;;NO;NASDAQ
KKOYY;NO;SI;NO;;;;NO;OTC
KJUN;NO;SI;NO;;;;NO;BATS
RNXT;NO;SI;NO;;;;SI;NASDAQ
TAOP;NO;SI;NO;;;;SI;NASDAQ
KJUL;NO;SI;NO;;;;NO;BATS
KJD;NO;SI;NO;;;;NO;NASDAQ
DVIN;NO;SI;NO;;;;NO;NASDAQ
KJAN;NO;SI;NO;;;;NO;BATS
DVGR;NO;SI;NO;;;;NO;NASDAQ
KITT;NO;SI;NO;;;;SI;NASDAQ
ANNAW;NO;SI;NO;;;;SI;NASDAQ
ANPA;NO;SI;NO;;;;SI;NASDAQ
FEBP;NO;SI;NO;;;;NO;BATS
FEBZ;NO;SI;NO;;;;NO;BATS
KIQQ;NO;SI;NO;;;;NO;NASDAQ
KIM.PRN;NO;SI;NO;;;;SI;NYSE
KIM.PRM;NO;SI;NO;;;;SI;NYSE
FJUN;NO;SI;NO;;;;NO;BATS
ADX;NO;SI;SI;;;;NO;NYSE
BWOW;NO;SI;NO;;;;NO;ARCA
CCIIW;NO;SI;NO;;;;SI;NASDAQ
INAC;NO;SI;NO;;;;SI;NASDAQ
AESPW;NO;SI;NO;;;;SI;NASDAQ
JHDV;NO;SI;NO;;;;NO;ARCA
KMAY;NO;SI;NO;;;;NO;BATS
EDGE;NO;SI;NO;;;;NO;BATS
AFGR;NO;SI;NO;;;;NO;ARCA
CCIIU;NO;SI;NO;;;;SI;NASDAQ
CORB;NO;SI;NO;;;;NO;ARCA
BACCR;NO;SI;NO;;;;SI;NASDAQ
NUWE;NO;SI;NO;;;;SI;NASDAQ
ARCIU;NO;SI;NO;;;;SI;NASDAQ
MUNX;NO;SI;NO;;;;NO;ARCA
MNDR;NO;SI;NO;;;;SI;NASDAQ
ODYS;NO;SI;NO;;;;SI;NASDAQ
DVDN;NO;SI;NO;;;;NO;ARCA
DVAL;NO;SI;NO;;;;NO;NASDAQ
OKLL;NO;SI;NO;;;;NO;NASDAQ
OPPJ;NO;SI;NO;;;;NO;NASDAQ
FDTS;NO;SI;NO;;;;NO;NASDAQ
DUST;NO;SI;NO;;;;NO;ARCA
NYC;NO;SI;NO;;;;SI;NYSE
RKSG;NO;SI;NO;;;;NO;ARCA
EDGU;NO;SI;NO;;;;NO;ARCA
DUSL;NO;SI;NO;;;;NO;ARCA
FEMY;NO;SI;NO;;;;SI;NASDAQ
FFOX;NO;SI;NO;;;;NO;ARCA
BABC;NO;SI;NO;;;;NO;BATS
DUSG;NO;SI;NO;;;;NO;NASDAQ
DUSB;NO;SI;NO;;;;NO;ARCA
AGRZ;NO;SI;NO;;;;SI;NASDAQ
COIX;NO;SI;NO;;;;NO;BATS
OTGAU;NO;SI;NO;;;;NO;NASDAQ
QLV;NO;SI;NO;;;;NO;ARCA
RSPA;NO;SI;NO;;;;NO;ARCA
DCRE;NO;SI;NO;;;;NO;ARCA
TMLP;NO;SI;NO;;;;NO;ARCA
ATIIU;NO;SI;NO;;;;SI;NASDAQ
CTOR;NO;SI;NO;;;;NO;NASDAQ
MSAIW;NO;SI;NO;;;;SI;NASDAQ
MSN;NO;SI;NO;;;;SI;AMEX
EMHC;NO;SI;NO;;;;NO;ARCA
STDN;NO;SI;NO;;;;NO;NYSE
DUSA;NO;SI;NO;;;;NO;BATS
BGDV;NO;SI;NO;;;;NO;ARCA
BGDE;NO;SI;NO;;;;SI;NASDAQ
TGLR;NO;SI;NO;;;;NO;ARCA
BGCG;NO;SI;NO;;;;NO;NASDAQ
BFXU;NO;SI;NO;;;;NO;BATS
RVSNW;NO;SI;NO;;;;SI;NASDAQ
OVCHY;NO;SI;NO;;;;NO;OTC
IMRN;NO;SI;NO;;;;SI;NASDAQ
BOTZ;NO;SI;SI;;;;NO;NASDAQ
KIE;NO;SI;NO;;;;NO;ARCA
OPTXW;NO;SI;NO;;;;SI;NASDAQ
ORIQ;NO;SI;NO;;;;SI;NASDAQ
KIDZW;NO;SI;NO;;;;SI;NASDAQ
KIDZ;NO;SI;NO;;;;SI;NASDAQ
DURA;NO;SI;NO;;;;NO;BATS
MI;NO;SI;NO;;;;SI;AMEX
KHYB;NO;SI;NO;;;;NO;ARCA
KHOLY;NO;SI;NO;;;;NO;OTC
ORIQW;NO;SI;NO;;;;SI;NASDAQ
DUO;NO;SI;NO;;;;SI;NASDAQ
BFS.PRE;NO;SI;NO;;;;SI;NYSE
KGLD;NO;SI;NO;;;;NO;BATS
TDTF;NO;SI;NO;;;;NO;ARCA
BFS.PRD;NO;SI;NO;;;;SI;NYSE
KFIIU;NO;SI;NO;;;;SI;NASDAQ
KFIIR;NO;SI;NO;;;;SI;NASDAQ
BFRZ;NO;SI;NO;;;;NO;ARCA
BFRIW;NO;SI;NO;;;;SI;NASDAQ
BFRGW;NO;SI;NO;;;;SI;NASDAQ
DUNK;NO;SI;NO;;;;NO;ARCA
KFEB;NO;SI;NO;;;;NO;BATS
ORO;NO;SI;NO;;;;NO;BATS
TENJ;NO;SI;NO;;;;NO;BATS
TGHL;NO;SI;NO;;;;SI;NASDAQ
BFRG;NO;SI;NO;;;;SI;NASDAQ
BFOC;NO;SI;NO;;;;NO;ARCA
BFLX;NO;SI;NO;;;;NO;NASDAQ
DULL;NO;SI;NO;;;;NO;ARCA
KEYYW;NO;SI;NO;;;;SI;NASDAQ
KEYYU;NO;SI;NO;;;;SI;NASDAQ
TGLB;NO;SI;NO;;;;NO;ARCA
LPG;NO;SI;SI;;;;NO;NYSE
BFLB;NO;SI;NO;;;;NO;BATS
DUKZ;NO;SI;NO;;;;NO;ARCA
TIPB;NO;SI;NO;;;;NO;ARCA
DUKX;NO;SI;NO;;;;NO;NASDAQ
CWST;NO;SI;SI;;;;NO;NASDAQ
DUKRW;NO;SI;NO;;;;SI;NASDAQ
KEYY;NO;SI;NO;;;;SI;NASDAQ
KEYX;NO;SI;NO;;;;NO;BATS
KEYG;NO;SI;NO;;;;NO;BATS
PECER;NO;SI;NO;;;;SI;NASDAQ
TMTSU;NO;SI;NO;;;;SI;NASDAQ
BFJL;NO;SI;NO;;;;NO;ARCA
KEY.PRL;NO;SI;NO;;;;SI;NYSE
MGDDY;NO;SI;SI;;;;NO;OTC
BFJA;NO;SI;NO;;;;NO;ARCA
DUKR;NO;SI;NO;;;;SI;NASDAQ
KEY.PRK;NO;SI;NO;;;;SI;NYSE
KEY.PRJ;NO;SI;NO;;;;SI;NYSE
BFH.PRB;NO;SI;NO;;;;SI;NYSE
JPXGY;NO;SI;SI;;;;NO;OTC
DUKQ;NO;SI;NO;;;;NO;ARCA
KEY.PRI;NO;SI;NO;;;;SI;NYSE
JENA.U;NO;SI;NO;;;;SI;NYSE
BFH.PRA;NO;SI;NO;;;;SI;NYSE
DUKH;NO;SI;NO;;;;NO;NASDAQ
BFEW;NO;SI;NO;;;;NO;BATS
DUKB;NO;SI;NO;;;;SI;NYSE
SRHQ;NO;SI;NO;;;;NO;ARCA
TOPS;NO;SI;NO;;;;SI;AMEX
DUK.PRA;NO;SI;NO;;;;SI;NYSE
KEMX;NO;SI;NO;;;;NO;ARCA
DUBS;NO;SI;NO;;;;NO;BATS
DTW;NO;SI;NO;;;;SI;NYSE
KEMQ;NO;SI;NO;;;;NO;ARCA
KELYB;NO;SI;NO;;;;SI;NASDAQ
BFEB;NO;SI;NO;;;;NO;BATS
DTST;NO;SI;NO;;;;SI;NASDAQ
TPVG;NO;SI;NO;;;;SI;NYSE
KEEX;NO;SI;NO;;;;NO;BATS
DTSS;NO;SI;NO;;;;SI;NASDAQ
BEZ;NO;SI;NO;;;;NO;BATS
KEAT;NO;SI;NO;;;;NO;NASDAQ
BETZ;NO;SI;NO;;;;NO;ARCA
KDVD;NO;SI;NO;;;;NO;ARCA
KNBWY;NO;SI;SI;;;;NO;OTC
DTSQR;NO;SI;NO;;;;SI;NASDAQ
DTSQ;NO;SI;NO;;;;SI;NASDAQ
BETRW;NO;SI;NO;;;;SI;NASDAQ
BETR;NO;SI;NO;;;;NO;NASDAQ
HALX;NO;SI;NO;;;;NO;BATS
DTRE;NO;SI;NO;;;;NO;ARCA
KDK;NO;SI;NO;;;;NO;NASDAQ
BETE;NO;SI;NO;;;;NO;ARCA
DMAY;NO;SI;NO;;;;NO;BATS
KDEF;NO;SI;NO;;;;NO;ARCA
DTH;NO;SI;NO;;;;NO;ARCA
KDEC;NO;SI;NO;;;;NO;BATS
HCACU;NO;SI;NO;;;;SI;NASDAQ
HDRN;NO;SI;NO;;;;NO;NASDAQ
KCSH;NO;SI;NO;;;;NO;ARCA
BESS.WS;NO;SI;NO;;;;SI;AMEX
BESO;NO;SI;NO;;;;NO;NASDAQ
KCOP;NO;SI;NO;;;;NO;BATS
BESF;NO;SI;NO;;;;NO;BATS
BEPJ;NO;SI;NO;;;;SI;NYSE
KCHVU;NO;SI;NO;;;;SI;NASDAQ
HFRO.PRA;NO;SI;NO;;;;SI;NYSE
BEPI;NO;SI;NO;;;;SI;NYSE
BEP.PRA;NO;SI;NO;;;;SI;NYSE
KCHVR;NO;SI;NO;;;;SI;NASDAQ
DTG;NO;SI;NO;;;;SI;NYSE
KCHV;NO;SI;NO;;;;SI;NASDAQ
KCCA;NO;SI;NO;;;;NO;ARCA
KCAI;NO;SI;NO;;;;NO;ARCA
DTF;NO;SI;NO;;;;NO;NYSE
DTEC;NO;SI;NO;;;;NO;ARCA
DTCWY;NO;SI;NO;;;;NO;OTC
DTAN;NO;SI;NO;;;;NO;ARCA
HIYY;NO;SI;NO;;;;NO;ARCA
KCAC.WS;NO;SI;NO;;;;SI;NYSE
DSYWW;NO;SI;NO;;;;SI;NASDAQ
DSX.WS;NO;SI;NO;;;;SI;NYSE
DSX.PRB;NO;SI;NO;;;;SI;NYSE
DSX;NO;SI;NO;;;;NO;NYSE
BENJ;NO;SI;NO;;;;NO;ARCA
DSWL;NO;SI;NO;;;;SI;NASDAQ
KCAC.U;NO;SI;NO;;;;SI;NYSE
KCA.U;NO;SI;NO;;;;SI;NYSE
DSTX;NO;SI;NO;;;;NO;NYSE
BENF;NO;SI;NO;;;;SI;NASDAQ
KC;NO;SI;NO;;;;NO;NASDAQ
KBWP;NO;SI;NO;;;;NO;NASDAQ
BEMB;NO;SI;NO;;;;NO;BATS
KBUF;NO;SI;NO;;;;NO;ARCA
KBSX;NO;SI;NO;;;;SI;NASDAQ
DSPY;NO;SI;NO;;;;NO;ARCA
BEGS;NO;SI;NO;;;;NO;BATS
KBONW;NO;SI;NO;;;;SI;NASDAQ
KBONU;NO;SI;NO;;;;SI;NASDAQ
KBON;NO;SI;NO;;;;SI;NASDAQ
KBFR;NO;SI;NO;;;;NO;ARCA
KBDU;NO;SI;NO;;;;NO;NASDAQ
DSNKY;NO;SI;NO;;;;NO;OTC
KBAB;NO;SI;NO;;;;NO;NASDAQ
DSL;NO;SI;NO;;;;NO;NYSE
BEEZ;NO;SI;NO;;;;NO;NASDAQ
MBRFY;NO;SI;SI;;;;NO;OTC
KAZR;NO;SI;NO;;;;SI;NASDAQ
DSFIY;NO;SI;NO;;;;NO;OTC
TTXD;NO;SI;NO;;;;NO;ARCA
KAUG;NO;SI;NO;;;;NO;BATS
BEEX;NO;SI;NO;;;;NO;NASDAQ
KAT;NO;SI;NO;;;;NO;NASDAQ
KARS;NO;SI;NO;;;;NO;ARCA
DSEP;NO;SI;NO;;;;NO;BATS
BEEM;NO;SI;NO;;;;SI;NASDAQ
DSDVY;NO;SI;NO;;;;NO;OTC
BEDY;NO;SI;NO;;;;NO;NASDAQ
KAPR;NO;SI;NO;;;;NO;BATS
KAMO;NO;SI;NO;;;;NO;BATS
DSC;NO;SI;NO;;;;SI;NASDAQ
DSACW;NO;SI;NO;;;;SI;NASDAQ
BEBE.WS;NO;SI;NO;;;;SI;NYSE
TYLG;NO;SI;NO;;;;NO;ARCA
TYO;NO;SI;NO;;;;NO;ARCA
JZXN;NO;SI;NO;;;;SI;NASDAQ
JYD;NO;SI;NO;;;;SI;NASDAQ
JXG;NO;SI;NO;;;;SI;NASDAQ
JWEL;NO;SI;NO;;;;SI;NASDAQ
BEBE.U;NO;SI;NO;;;;SI;NYSE
BEATW;NO;SI;NO;;;;SI;NASDAQ
XSLLU;NO;SI;NO;;;;SI;NASDAQ
JUST;NO;SI;NO;;;;NO;ARCA
JUNW;NO;SI;NO;;;;NO;BATS
CMPGY;NO;SI;SI;;;;NO;OTC
SSMXY;NO;SI;NO;;;;NO;OTC
UCRD;NO;SI;NO;;;;NO;NASDAQ
DSACU;NO;SI;NO;;;;SI;NASDAQ
BEAT;NO;SI;NO;;;;NO;NASDAQ
JUNS;NO;SI;NO;;;;SI;NASDAQ
BEAGU;NO;SI;NO;;;;SI;NASDAQ
JUNM;NO;SI;NO;;;;NO;BATS
JUNC;NO;SI;NO;;;;NO;BATS
JULZ;NO;SI;NO;;;;NO;BATS
DSAC;NO;SI;NO;;;;SI;NASDAQ
DRVR;NO;SI;NO;;;;NO;ARCA
BEAGR;NO;SI;NO;;;;SI;NASDAQ
SLQT;NO;SI;NO;;;;NO;NYSE
REED;NO;SI;NO;;;;SI;AMEX
DRUP;NO;SI;NO;;;;NO;ARCA
BEAG;NO;SI;NO;;;;SI;NASDAQ
BDYN;NO;SI;NO;;;;NO;NASDAQ
JULW;NO;SI;NO;;;;NO;BATS
CSUAY;NO;SI;SI;;;;NO;OTC
DRTS;NO;SI;NO;;;;NO;NASDAQ
BDVG;NO;SI;NO;;;;NO;ARCA
BDSX;NO;SI;NO;;;;SI;NASDAQ
CSMD;NO;SI;NO;;;;NO;ARCA
DRSK;NO;SI;NO;;;;NO;BATS
DRPRY;NO;SI;NO;;;;NO;OTC
RYKKY;NO;SI;SI;;;;NO;OTC
BDRY;NO;SI;NO;;;;NO;ARCA
DRNL;NO;SI;NO;;;;NO;BATS
ADAMN;NO;SI;NO;;;;SI;NASDAQ
DRN;NO;SI;NO;;;;NO;ARCA
JULU;NO;SI;NO;;;;NO;BATS
BDRX;NO;SI;NO;;;;SI;NASDAQ
DRMY;NO;SI;NO;;;;NO;ARCA
DRMAW;NO;SI;NO;;;;SI;NASDAQ
JULT;NO;SI;NO;;;;NO;BATS
DRLL;NO;SI;NO;;;;NO;NYSE
JULP;NO;SI;NO;;;;NO;BATS
JULM;NO;SI;NO;;;;NO;BATS
DRKY;NO;SI;NO;;;;NO;ARCA
FUFUW;NO;SI;NO;;;;SI;NASDAQ
VDI;NO;SI;NO;;;;NO;ARCA
BDOUY;NO;SI;NO;;;;NO;OTC
BDMD;NO;SI;NO;;;;SI;NASDAQ
BDL;NO;SI;NO;;;;SI;AMEX
DRIP;NO;SI;NO;;;;NO;ARCA
JULJ;NO;SI;NO;;;;NO;BATS
JULI;NO;SI;NO;;;;NO;BATS
BDIV;NO;SI;NO;;;;NO;ARCA
HTCR;NO;SI;NO;;;;SI;NASDAQ
DRIO;NO;SI;NO;;;;SI;NASDAQ
JULH;NO;SI;NO;;;;NO;BATS
JULC;NO;SI;NO;;;;NO;BATS
JULB;NO;SI;NO;;;;NO;BATS
JUDO;NO;SI;NO;;;;NO;BATS
CITR;NO;SI;NO;;;;SI;AMEX
NVDQ;NO;SI;NO;;;;NO;BATS
DRES;NO;SI;NO;;;;NO;ARCA
JUDB;NO;SI;NO;;;;NO;BATS
JTNY;NO;SI;NO;;;;NO;ARCA
DRDBW;NO;SI;NO;;;;SI;NASDAQ
JTEK;NO;SI;NO;;;;NO;NASDAQ
DRDBU;NO;SI;NO;;;;SI;NASDAQ
HWSM;NO;SI;NO;;;;NO;NASDAQ
JTAI;NO;SI;NO;;;;SI;NASDAQ
JSTC;NO;SI;NO;;;;NO;ARCA
ALBG;NO;SI;NO;;;;SI;NASDAQ
HYSA;NO;SI;NO;;;;NO;ARCA
DRDB;NO;SI;NO;;;;SI;NASDAQ
ALAR;NO;SI;NO;;;;SI;NASDAQ
JSPR;NO;SI;NO;;;;SI;NASDAQ
JSML;NO;SI;NO;;;;NO;NASDAQ
JSMD;NO;SI;NO;;;;NO;NASDAQ
JSM;NO;SI;NO;;;;SI;NASDAQ
JSCP;NO;SI;NO;;;;NO;ARCA
JSAIY;NO;SI;NO;;;;NO;OTC
JRSH;NO;SI;NO;;;;SI;NASDAQ
IDOG;NO;SI;NO;;;;NO;ARCA
IDU;NO;SI;NO;;;;NO;ARCA
JPY;NO;SI;NO;;;;NO;NASDAQ
BDEC;NO;SI;NO;;;;NO;BATS
DRCT;NO;SI;NO;;;;SI;NASDAQ
BDCZ;NO;SI;NO;;;;NO;ARCA
AAPG;NO;SI;NO;;;;NO;NASDAQ
DRAL;NO;SI;NO;;;;NO;BATS
SPTB;NO;SI;NO;;;;NO;ARCA
ACSP;NO;SI;NO;;;;NO;NASDAQ
DJTWW;NO;SI;NO;;;;SI;NASDAQ
IHE;NO;SI;NO;;;;NO;ARCA
AAPE;NO;SI;NO;;;;NO;BATS
BDCIW;NO;SI;NO;;;;SI;NASDAQ
JPUS;NO;SI;NO;;;;NO;ARCA
DQJN;NO;SI;NO;;;;NO;BATS
DPST;NO;SI;NO;;;;NO;ARCA
INBS;NO;SI;NO;;;;SI;NASDAQ
INCR;NO;SI;NO;;;;NO;NASDAQ
JPSV;NO;SI;NO;;;;NO;ARCA
BDCIU;NO;SI;NO;;;;SI;NASDAQ
DPRO;NO;SI;NO;;;;SI;NASDAQ
JPSE;NO;SI;NO;;;;NO;ARCA
JPRF;NO;SI;NO;;;;NO;ARCA
JPRE;NO;SI;NO;;;;NO;ARCA
HOVRW;NO;SI;NO;;;;SI;NASDAQ
IGOV;NO;SI;NO;;;;NO;NASDAQ
DPRE;NO;SI;NO;;;;NO;ARCA
BDCI;NO;SI;NO;;;;SI;NASDAQ
IPFXU;NO;SI;NO;;;;SI;NASDAQ
IPFXW;NO;SI;NO;;;;SI;NASDAQ
JPO;NO;SI;NO;;;;NO;ARCA
JPME;NO;SI;NO;;;;NO;ARCA
JPMB;NO;SI;NO;;;;NO;ARCA
IRE;NO;SI;NO;;;;NO;ARCA
DOL;NO;SI;NO;;;;NO;ARCA
JPM.PRJ;NO;SI;NO;;;;SI;NYSE
AIIA;NO;SI;NO;;;;SI;NYSE
ITAN;NO;SI;NO;;;;NO;ARCA
BDBT;NO;SI;NO;;;;NO;ARCA
LCID;NO;SI;NO;;;;NO;NASDAQ
DOGZ;NO;SI;NO;;;;SI;NASDAQ
JPM.PRD;NO;SI;NO;;;;SI;NYSE
JPIN;NO;SI;NO;;;;NO;ARCA
BD;NO;SI;NO;;;;NO;ARCA
IVR.PRC;NO;SI;NO;;;;SI;NYSE
IVSI;NO;SI;NO;;;;NO;NASDAQ
BCUS;NO;SI;NO;;;;NO;ARCA
HAVAR;NO;SI;NO;;;;SI;NASDAQ
HVMCU;NO;SI;NO;;;;SI;NASDAQ
QMLS;NO;SI;NO;;;;SI;NASDAQ
JPIB;NO;SI;NO;;;;NO;ARCA
FLYE;NO;SI;NO;;;;SI;NASDAQ
BCTXZ;NO;SI;NO;;;;SI;NASDAQ
JCAL;NO;SI;NO;;;;NO;ARCA
JCHI;NO;SI;NO;;;;NO;ARCA
VRME;NO;SI;NO;;;;SI;NASDAQ
JPHY;NO;SI;NO;;;;NO;ARCA
JPFP;NO;SI;NO;;;;NO;NASDAQ
JPEM;NO;SI;NO;;;;NO;ARCA
JPAN;NO;SI;NO;;;;NO;ARCA
BCTXL;NO;SI;NO;;;;SI;NASDAQ
BATT;NO;SI;NO;;;;NO;ARCA
JOYT;NO;SI;NO;;;;NO;NASDAQ
CDR.PRC;NO;SI;NO;;;;SI;NYSE
CRWX;NO;SI;NO;;;;NO;BATS
JAGU;NO;SI;NO;;;;SI;AMEX
BCTX;NO;SI;NO;;;;SI;NASDAQ
JOUL;NO;SI;NO;;;;NO;BATS
BCTK;NO;SI;NO;;;;NO;NASDAQ
DOGG;NO;SI;NO;;;;NO;BATS
JMM;NO;SI;NO;;;;NO;NYSE
JONEU;NO;SI;NO;;;;SI;NASDAQ
DNPLY;NO;SI;NO;;;;NO;OTC
JOET;NO;SI;NO;;;;NO;ARCA
WSTNR;NO;SI;NO;;;;SI;NASDAQ
UDI;NO;SI;NO;;;;NO;ARCA
DNP;NO;SI;NO;;;;NO;NYSE
AAPB;NO;SI;NO;;;;NO;NASDAQ
JOBX;NO;SI;NO;;;;NO;BATS
JNEU;NO;SI;NO;;;;NO;BATS
DNOV;NO;SI;NO;;;;NO;BATS
DNOPY;NO;SI;NO;;;;NO;OTC
JMUB;NO;SI;NO;;;;NO;ARCA
BCSS.WS;NO;SI;NO;;;;SI;NYSE
DNMXW;NO;SI;NO;;;;SI;NASDAQ
SYNX;NO;SI;NO;;;;SI;AMEX
KALA;NO;SI;NO;;;;SI;NASDAQ
JMTG;NO;SI;NO;;;;NO;ARCA
JMST;NO;SI;NO;;;;NO;ARCA
JMSI;NO;SI;NO;;;;NO;ARCA
AAOX;NO;SI;NO;;;;NO;BATS
JMOM;NO;SI;NO;;;;NO;ARCA
JMMF;NO;SI;NO;;;;NO;ARCA
JMID;NO;SI;NO;;;;NO;NASDAQ
AAOG;NO;SI;NO;;;;NO;BATS
JMHI;NO;SI;NO;;;;NO;ARCA
BCSS.U;NO;SI;NO;;;;SI;NYSE
JLVP;NO;SI;NO;;;;NO;NASDAQ
ADAMM;NO;SI;NO;;;;SI;NASDAQ
VKI;NO;SI;NO;;;;NO;AMEX
DNMXU;NO;SI;NO;;;;SI;NASDAQ
BCSM;NO;SI;NO;;;;NO;NYSE
KEO;NO;SI;NO;;;;NO;BATS
KFII;NO;SI;NO;;;;SI;NASDAQ
JLQD;NO;SI;NO;;;;NO;ARCA
JLHL;NO;SI;NO;;;;SI;NASDAQ
JLCO;NO;SI;NO;;;;NO;ARCA
BCLO;NO;SI;NO;;;;NO;NASDAQ
JL;NO;SI;NO;;;;SI;NASDAQ
BCKT;NO;SI;NO;;;;NO;BATS
KHPI;NO;SI;NO;;;;NO;BATS
JIVE;NO;SI;NO;;;;NO;NASDAQ
JIG;NO;SI;NO;;;;NO;ARCA
ALA;NO;SI;NO;;;;NO;BATS
DNMX;NO;SI;NO;;;;SI;NASDAQ
BCI;NO;SI;NO;;;;NO;ARCA
DNL;NO;SI;NO;;;;NO;ARCA
MOGU;NO;SI;NO;;;;SI;NYSE
DNKEY;NO;SI;NO;;;;NO;OTC
PTL;NO;SI;NO;;;;NO;ARCA
JIDE;NO;SI;NO;;;;NO;ARCA
ACTG;NO;SI;SI;;;;NO;NASDAQ
ADAML;NO;SI;NO;;;;SI;NASDAQ
JHSC;NO;SI;NO;;;;NO;ARCA
JHS;NO;SI;NO;;;;NO;NYSE
JHPI;NO;SI;NO;;;;NO;ARCA
KTWOR;NO;SI;NO;;;;SI;NASDAQ
JHMM;NO;SI;NO;;;;NO;ARCA
BCHP;NO;SI;NO;;;;NO;BATS
JHMD;NO;SI;NO;;;;NO;ARCA
JHMB;NO;SI;NO;;;;NO;ARCA
MOLN;NO;SI;NO;;;;SI;NASDAQ
JHLN;NO;SI;NO;;;;NO;ARCA
MOTG;NO;SI;NO;;;;NO;BATS
DMRA;NO;SI;NO;;;;NO;NASDAQ
SYSB;NO;SI;NO;;;;NO;BATS
DMIIU;NO;SI;NO;;;;SI;NASDAQ
JHHY;NO;SI;NO;;;;NO;ARCA
BCHI;NO;SI;NO;;;;NO;ARCA
BCHG;NO;SI;NO;;;;NO;OTC
JOJO;NO;SI;NO;;;;NO;ARCA
LCTU;NO;SI;NO;;;;NO;ARCA
DMII;NO;SI;NO;;;;NO;NASDAQ
JHEM;NO;SI;NO;;;;NO;ARCA
JHDG;NO;SI;NO;;;;NO;ARCA
BCH;NO;SI;NO;;;;NO;NYSE
JHCR;NO;SI;NO;;;;NO;ARCA
LEND;NO;SI;NO;;;;NO;NASDAQ
LENS;NO;SI;NO;;;;NO;BATS
JHCP;NO;SI;NO;;;;NO;ARCA
BCGWW;NO;SI;NO;;;;SI;NASDAQ
DMC;NO;SI;NO;;;;NO;NYSE
JHCB;NO;SI;NO;;;;NO;ARCA
JHAI;NO;SI;NO;;;;NO;NASDAQ
DLUX;NO;SI;NO;;;;NO;ARCA
DLR.PRK;NO;SI;NO;;;;SI;NYSE
JHAC;NO;SI;NO;;;;NO;ARCA
BCGS;NO;SI;NO;;;;NO;ARCA
JGRW;NO;SI;NO;;;;NO;ARCA
JG;NO;SI;NO;;;;SI;NASDAQ
BCGD;NO;SI;NO;;;;NO;NYSE
JFU;NO;SI;NO;;;;SI;NASDAQ
USFE;NO;SI;NO;;;;NO;ARCA
JFB;NO;SI;NO;;;;SI;NASDAQ
DLR.PRJ;NO;SI;NO;;;;SI;NYSE
ADAMI;NO;SI;NO;;;;SI;NASDAQ
OAIW;NO;SI;NO;;;;NO;ARCA
JF;NO;SI;NO;;;;SI;NASDAQ
DLNV;NO;SI;NO;;;;NO;BATS
ADAMH;NO;SI;NO;;;;SI;NASDAQ
DLNG.PRA;NO;SI;NO;;;;SI;NYSE
MLCIL;NO;SI;NO;;;;SI;NASDAQ
KLMN;NO;SI;NO;;;;NO;ARCA
LPBB;NO;SI;NO;;;;SI;NASDAQ
DLNG;NO;SI;NO;;;;SI;NYSE
DLLL;NO;SI;NO;;;;NO;NASDAQ
DLAKY;NO;SI;NO;;;;NO;OTC
DKILY;NO;SI;NO;;;;NO;OTC
JETS;NO;SI;NO;;;;NO;ARCA
FLYD;NO;SI;NO;;;;NO;ARCA
LSEQ;NO;SI;NO;;;;NO;ARCA
JETD;NO;SI;NO;;;;NO;ARCA
DKI;NO;SI;NO;;;;SI;NASDAQ
JENA.RT;NO;SI;NO;;;;SI;NYSE
JEMB;NO;SI;NO;;;;NO;ARCA
PCI;NO;SI;NO;;;;NO;BATS
BCG;NO;SI;NO;;;;SI;NASDAQ
KWH;NO;SI;NO;;;;NO;ARCA
LXEH;NO;SI;NO;;;;SI;NASDAQ
LYTE;NO;SI;NO;;;;NO;BATS
JEMA;NO;SI;NO;;;;NO;NASDAQ
ASBFY;NO;SI;NO;;;;NO;OTC
BCFN;NO;SI;NO;;;;NO;NASDAQ
AKTX;NO;SI;NO;;;;SI;NASDAQ
JEM;NO;SI;NO;;;;SI;NASDAQ
DJD;NO;SI;NO;;;;NO;ARCA
JELM;NO;SI;NO;;;;NO;BATS
MART;NO;SI;NO;;;;NO;BATS
MARW;NO;SI;NO;;;;NO;BATS
BBY;NO;SI;SI;;;;NO;NYSE
BCEM;NO;SI;NO;;;;NO;NYSE
JELH;NO;SI;NO;;;;NO;BATS
DIVZ;NO;SI;NO;;;;NO;ARCA
MBIO;NO;SI;NO;;;;SI;NASDAQ
MCOW;NO;SI;NO;;;;NO;BATS
BCDF;NO;SI;NO;;;;NO;ARCA
ADAMG;NO;SI;NO;;;;SI;NASDAQ
DIVY;NO;SI;NO;;;;NO;NYSE
MDAA;NO;SI;NO;;;;NO;ARCA
BLRKW;NO;SI;NO;;;;SI;NASDAQ
BCDA;NO;SI;NO;;;;SI;NASDAQ
JDZG;NO;SI;NO;;;;SI;NASDAQ
JDVL;NO;SI;NO;;;;NO;ARCA
BCCQW;NO;SI;NO;;;;SI;NASDAQ
DIVP;NO;SI;NO;;;;NO;ARCA
GMUB;NO;SI;NO;;;;NO;ARCA
JDST;NO;SI;NO;;;;NO;ARCA
DIVN;NO;SI;NO;;;;NO;BATS
JDOC;NO;SI;NO;;;;NO;NASDAQ
JCTC;NO;SI;NO;;;;SI;NASDAQ
JCPI;NO;SI;NO;;;;NO;ARCA
AKO.B;NO;SI;NO;;;;NO;NYSE
DIVL;NO;SI;NO;;;;NO;ARCA
JBK;NO;SI;NO;;;;SI;NYSE
DIVG;NO;SI;NO;;;;NO;ARCA
HAWG;NO;SI;NO;;;;NO;ARCA
MGMT;NO;SI;NO;;;;NO;ARCA
MGN;NO;SI;NO;;;;SI;NASDAQ
JBBB;NO;SI;NO;;;;NO;BATS
BCCQU;NO;SI;NO;;;;SI;NASDAQ
DIVE;NO;SI;NO;;;;NO;ARCA
JAVA;NO;SI;NO;;;;NO;ARCA
DIVD;NO;SI;NO;;;;NO;NASDAQ
JATT;NO;SI;NO;;;;SI;NASDAQ
DIVB;NO;SI;NO;;;;NO;BATS
AKO.A;NO;SI;NO;;;;NO;NYSE
JAPSY;NO;SI;NO;;;;NO;OTC
ADAG;NO;SI;NO;;;;NO;NASDAQ
JAPN;NO;SI;NO;;;;NO;NASDAQ
JANZ;NO;SI;NO;;;;NO;BATS
ADAC;NO;SI;NO;;;;SI;NASDAQ
DIPR;NO;SI;NO;;;;NO;BATS
BCCQ;NO;SI;NO;;;;SI;NASDAQ
JANU;NO;SI;NO;;;;NO;BATS
JANT;NO;SI;NO;;;;NO;BATS
DINE;NO;SI;NO;;;;NO;NASDAQ
DIME;NO;SI;NO;;;;NO;NASDAQ
BCARW;NO;SI;NO;;;;SI;NASDAQ
BCARU;NO;SI;NO;;;;SI;NASDAQ
JANP;NO;SI;NO;;;;NO;BATS
MADE;NO;SI;NO;;;;NO;ARCA
MSFW;NO;SI;NO;;;;NO;BATS
DIG;NO;SI;NO;;;;NO;ARCA
BCAR;NO;SI;NO;;;;SI;NASDAQ
AAMI;NO;SI;NO;;;;NO;NYSE
JANM;NO;SI;NO;;;;NO;BATS
JANJ;NO;SI;NO;;;;NO;BATS
JANI;NO;SI;NO;;;;NO;BATS
DIAL;NO;SI;NO;;;;NO;ARCA
JANH;NO;SI;NO;;;;NO;BATS
EETH;NO;SI;NO;;;;SI;ARCA
JAJL;NO;SI;NO;;;;NO;BATS
AKBA;NO;SI;NO;;;;NO;NASDAQ
JAGX;NO;SI;NO;;;;SI;NASDAQ
JADE;NO;SI;NO;;;;NO;ARCA
DGRO;NO;SI;SI;;;;NO;ARCA
JADB;NO;SI;NO;;;;NO;BATS
BCAB;NO;SI;NO;;;;SI;NASDAQ
ACYS;NO;SI;NO;;;;NO;ARCA
JACS.U;NO;SI;NO;;;;SI;NYSE
FLYT;NO;SI;NO;;;;NO;BATS
BOWN;NO;SI;NO;;;;NO;NASDAQ
DHSB;NO;SI;NO;;;;NO;ARCA
DHS;NO;SI;NO;;;;NO;ARCA
JACS.RT;NO;SI;NO;;;;SI;NYSE
JACS;NO;SI;NO;;;;SI;NYSE
BBYY;NO;SI;NO;;;;NO;NASDAQ
JABS;NO;SI;NO;;;;NO;ARCA
DHLX;NO;SI;NO;;;;NO;ARCA
AKAL;NO;SI;NO;;;;NO;BATS
DHDG;NO;SI;NO;;;;NO;BATS
DHCNL;NO;SI;NO;;;;SI;NASDAQ
NVDW;NO;SI;NO;;;;NO;BATS
JABRW;NO;SI;NO;;;;SI;NASDAQ
BBUL;NO;SI;NO;;;;NO;NASDAQ
BLRK;NO;SI;NO;;;;SI;NASDAQ
JABRU;NO;SI;NO;;;;SI;NASDAQ
DHCNI;NO;SI;NO;;;;SI;NASDAQ
ACYN;NO;SI;NO;;;;NO;ARCA
JABRR;NO;SI;NO;;;;SI;NASDAQ
JAB;NO;SI;NO;;;;SI;NASDAQ
ACVU;NO;SI;NO;;;;NO;BATS
JA;NO;SI;NO;;;;NO;ARCA
BBSC;NO;SI;NO;;;;NO;BATS
SAXPY;NO;SI;NO;;;;NO;OTC
IYZ;NO;SI;NO;;;;NO;BATS
AKAF;NO;SI;NO;;;;NO;NYSE
BBSB;NO;SI;NO;;;;NO;BATS
BBRE;NO;SI;NO;;;;NO;BATS
DH;NO;SI;NO;;;;NO;NASDAQ
DGZ;NO;SI;NO;;;;NO;ARCA
IYT;NO;SI;NO;;;;NO;BATS
BBP;NO;SI;NO;;;;NO;ARCA
DJUN;NO;SI;NO;;;;NO;BATS
NEE.PRV;NO;SI;NO;;;;SI;NYSE
IYK;NO;SI;NO;;;;NO;ARCA
FUSD;NO;SI;NO;;;;NO;BATS
DGT;NO;SI;NO;;;;NO;ARCA
AJAN;NO;SI;NO;;;;NO;BATS
DGRE;NO;SI;NO;;;;NO;NASDAQ
IYH;NO;SI;NO;;;;NO;ARCA
NFE;NO;SI;NO;;;;NO;NASDAQ
NFEB;NO;SI;NO;;;;NO;BATS
BBMC;NO;SI;NO;;;;NO;BATS
IYC;NO;SI;NO;;;;NO;ARCA
DGP;NO;SI;NO;;;;NO;ARCA
AIYY;NO;SI;NO;;;;NO;ARCA
IXHL;NO;SI;NO;;;;SI;NASDAQ
IXG;NO;SI;NO;;;;NO;ARCA
BBLU;NO;SI;NO;;;;NO;ARCA
BBLGW;NO;SI;NO;;;;SI;NASDAQ
ONCHW;NO;SI;NO;;;;SI;NASDAQ
AIXI;NO;SI;NO;;;;SI;NASDAQ
DGOC;NO;SI;NO;;;;NO;BATS
JANW;NO;SI;NO;;;;NO;BATS
NMBL;NO;SI;NO;;;;NO;ARCA
NMCO;NO;SI;NO;;;;NO;NYSE
NMPAU;NO;SI;NO;;;;SI;NASDAQ
IWMY;NO;SI;NO;;;;NO;ARCA
AIXC;NO;SI;NO;;;;SI;NASDAQ
GLRY;NO;SI;NO;;;;NO;ARCA
BBLG;NO;SI;NO;;;;SI;NASDAQ
DGNX;NO;SI;NO;;;;SI;NASDAQ
BBLB;NO;SI;NO;;;;NO;BATS
DGLO;NO;SI;NO;;;;NO;NASDAQ
AIX;NO;SI;NO;;;;NO;NASDAQ
NPACW;NO;SI;NO;;;;SI;NASDAQ
NPFI;NO;SI;NO;;;;NO;NASDAQ
IWML;NO;SI;NO;;;;NO;ARCA
IWLG;NO;SI;NO;;;;NO;ARCA
DGJL;NO;SI;NO;;;;NO;BATS
IWL;NO;SI;NO;;;;NO;ARCA
IWFL;NO;SI;NO;;;;NO;ARCA
PSA.PRT;NO;SI;NO;;;;SI;NYSE
BBHY;NO;SI;NO;;;;NO;BATS
IWFG;NO;SI;NO;;;;NO;ARCA
AIVL;NO;SI;NO;;;;NO;ARCA
DGJA;NO;SI;NO;;;;NO;BATS
DGICB;NO;SI;NO;;;;SI;NASDAQ
NULC;NO;SI;NO;;;;NO;BATS
NVG;NO;SI;NO;;;;NO;NYSE
NVIB;NO;SI;NO;;;;NO;BATS
IWDL;NO;SI;NO;;;;NO;ARCA
BRKL;NO;SI;NO;;;;NO;BATS
PODC;NO;SI;NO;;;;SI;NASDAQ
IWC;NO;SI;NO;;;;NO;ARCA
DGCB;NO;SI;NO;;;;NO;NASDAQ
IVVD;NO;SI;NO;;;;NO;NASDAQ
IVVB;NO;SI;NO;;;;NO;BATS
BBBY;NO;SI;SI;;;;NO;NYSE
BBHM;NO;SI;NO;;;;NO;ARCA
FLMX;NO;SI;NO;;;;NO;ARCA
ACVT;NO;SI;NO;;;;NO;ARCA
ACV;NO;SI;NO;;;;NO;NYSE
DGAC.U;NO;SI;NO;;;;SI;NYSE
MILK;NO;SI;NO;;;;NO;BATS
ACTS;NO;SI;NO;;;;NO;ARCA
DGAC.RT;NO;SI;NO;;;;SI;NYSE
DGAC;NO;SI;NO;;;;SI;NYSE
DFVX;NO;SI;NO;;;;NO;ARCA
IVSX;NO;SI;NO;;;;NO;NASDAQ
DFVE;NO;SI;NO;;;;NO;ARCA
DFSU;NO;SI;NO;;;;NO;ARCA
BBHL;NO;SI;NO;;;;NO;ARCA
DFSI;NO;SI;NO;;;;NO;ARCA
IVSS;NO;SI;NO;;;;NO;NASDAQ
IVOO;NO;SI;NO;;;;NO;ARCA
DFSE;NO;SI;NO;;;;NO;ARCA
DFSD;NO;SI;NO;;;;NO;ARCA
IVOL;NO;SI;NO;;;;NO;ARCA
DFSCW;NO;SI;NO;;;;SI;NASDAQ
PMTL;NO;SI;NO;;;;NO;ARCA
DFSC;NO;SI;NO;;;;SI;NASDAQ
OGSP;NO;SI;NO;;;;NO;ARCA
IVF;NO;SI;NO;;;;SI;NASDAQ
ACM;NO;SI;SI;;;;NO;NYSE
AIVI;NO;SI;NO;;;;NO;ARCA
DFSB;NO;SI;NO;;;;NO;ARCA
IVEP;NO;SI;NO;;;;NO;ARCA
IVDAW;NO;SI;NO;;;;SI;NASDAQ
OPAD;NO;SI;NO;;;;SI;NYSE
IVDA;NO;SI;NO;;;;SI;NASDAQ
DFNS;NO;SI;NO;;;;SI;NASDAQ
ACSV;NO;SI;NO;;;;NO;BATS
AIVC;NO;SI;NO;;;;NO;ARCA
BBGI;NO;SI;NO;;;;SI;NASDAQ
BBEM;NO;SI;NO;;;;NO;BATS
ACSI;NO;SI;NO;;;;NO;BATS
ORCU;NO;SI;NO;;;;NO;NASDAQ
DFNM;NO;SI;NO;;;;NO;ARCA
BBDO;NO;SI;NO;;;;NO;NYSE
DFMC;NO;SI;NO;;;;NO;ARCA
AIUP;NO;SI;NO;;;;NO;ARCA
PAACU;NO;SI;NO;;;;SI;NASDAQ
OBT;NO;SI;NO;;;;NO;NASDAQ
OBTC;NO;SI;NO;;;;NO;NASDAQ
OBX;NO;SI;NO;;;;NO;NASDAQ
OEFA;NO;SI;NO;;;;NO;ARCA
ITWO;NO;SI;NO;;;;NO;BATS
ITVPY;NO;SI;NO;;;;NO;OTC
DFLIW;NO;SI;NO;;;;SI;NASDAQ
BBCQW;NO;SI;NO;;;;SI;NASDAQ
ITP;NO;SI;NO;;;;SI;AMEX
IPHA;NO;SI;NO;;;;NO;NASDAQ
ITOC;NO;SI;NO;;;;NO;NASDAQ
BBCQU;NO;SI;NO;;;;SI;NASDAQ
DFLI;NO;SI;NO;;;;SI;NASDAQ
BBCB;NO;SI;NO;;;;NO;BATS
ITHAW;NO;SI;NO;;;;SI;NASDAQ
ITHAU;NO;SI;NO;;;;SI;NASDAQ
ITHA;NO;SI;NO;;;;SI;NASDAQ
DFIP;NO;SI;NO;;;;NO;ARCA
ITG;NO;SI;NO;;;;SI;NASDAQ
ITEQ;NO;SI;NO;;;;NO;ARCA
ITDJ;NO;SI;NO;;;;NO;ARCA
DFII;NO;SI;NO;;;;NO;ARCA
ITDI;NO;SI;NO;;;;NO;ARCA
ACSG;NO;SI;NO;;;;NO;BATS
BBC;NO;SI;NO;;;;NO;ARCA
BBBY.WS;NO;SI;NO;;;;SI;NYSE
SLNZ;NO;SI;NO;;;;NO;NYSE
ITDH;NO;SI;NO;;;;NO;ARCA
BBBS;NO;SI;NO;;;;NO;ARCA
DFGX;NO;SI;NO;;;;NO;NASDAQ
BBBL;NO;SI;NO;;;;NO;ARCA
DFGP;NO;SI;NO;;;;NO;NASDAQ
PGYWW;NO;SI;NO;;;;SI;NASDAQ
PHEQ;NO;SI;NO;;;;NO;ARCA
ITDG;NO;SI;NO;;;;NO;ARCA
ITDF;NO;SI;NO;;;;NO;ARCA
DFDVW;NO;SI;NO;;;;SI;NASDAQ
ITDE;NO;SI;NO;;;;NO;ARCA
DFDV;NO;SI;NO;;;;NO;NASDAQ
ITDD;NO;SI;NO;;;;NO;ARCA
BBBI;NO;SI;NO;;;;NO;ARCA
BBB;NO;SI;NO;;;;NO;NASDAQ
AAME;NO;SI;NO;;;;SI;NASDAQ
ITDC;NO;SI;NO;;;;NO;ARCA
ITDB;NO;SI;NO;;;;NO;ARCA
ISWN;NO;SI;NO;;;;NO;ARCA
ISVL;NO;SI;NO;;;;NO;BATS
BBAX;NO;SI;NO;;;;NO;BATS
DFCA;NO;SI;NO;;;;NO;ARCA
BBAI.WS;NO;SI;NO;;;;SI;NYSE
BAY;NO;SI;NO;;;;NO;BATS
BAR;NO;SI;NO;;;;NO;ARCA
SPBW;NO;SI;NO;;;;NO;BATS
BAPR;NO;SI;NO;;;;NO;BATS
DFAL;NO;SI;NO;;;;NO;BATS
ISTM;NO;SI;NO;;;;NO;NASDAQ
ISSB;NO;SI;NO;;;;NO;BATS
PQUS;NO;SI;NO;;;;NO;ARCA
BAOS;NO;SI;NO;;;;SI;NASDAQ
ISPY;NO;SI;NO;;;;NO;BATS
BANFP;NO;SI;NO;;;;SI;NASDAQ
ACQQ;NO;SI;NO;;;;NO;NASDAQ
PRN;NO;SI;NO;;;;NO;NASDAQ
DEXC;NO;SI;NO;;;;NO;ARCA
ISPC;NO;SI;NO;;;;SI;NASDAQ
ISNRW;NO;SI;NO;;;;SI;NASDAQ
DEW;NO;SI;NO;;;;NO;ARCA
AISPW;NO;SI;NO;;;;SI;NASDAQ
AIR;NO;SI;SI;;;;NO;NYSE
ISNRU;NO;SI;NO;;;;SI;NASDAQ
ISNR;NO;SI;NO;;;;SI;NASDAQ
DEUS;NO;SI;NO;;;;NO;ARCA
ISMD;NO;SI;NO;;;;NO;ARCA
AISP;NO;SI;NO;;;;SI;NASDAQ
DESK;NO;SI;NO;;;;NO;ARCA
BAMV;NO;SI;NO;;;;NO;BATS
PWER;NO;SI;NO;;;;NO;ARCA
BAMU;NO;SI;NO;;;;NO;BATS
ISHP;NO;SI;NO;;;;NO;NASDAQ
ISEP;NO;SI;NO;;;;NO;ARCA
DEPW;NO;SI;NO;;;;NO;ARCA
ISCB;NO;SI;NO;;;;NO;ARCA
DEMZ;NO;SI;NO;;;;NO;NASDAQ
ISBG;NO;SI;NO;;;;NO;BATS
IRVH;NO;SI;NO;;;;NO;ARCA
DEHP;NO;SI;NO;;;;NO;ARCA
IRTR;NO;SI;NO;;;;NO;ARCA
DEFT;NO;SI;NO;;;;NO;NASDAQ
QCMD;NO;SI;NO;;;;SI;NASDAQ
DEFR;NO;SI;NO;;;;NO;BATS
DEFI;NO;SI;NO;;;;NO;ARCA
IROC;NO;SI;NO;;;;NO;BATS
DECZ;NO;SI;NO;;;;NO;BATS
IRHOU;NO;SI;NO;;;;SI;NASDAQ
IRHO;NO;SI;NO;;;;SI;NASDAQ
DECW;NO;SI;NO;;;;NO;BATS
IREZ;NO;SI;NO;;;;NO;BATS
AIRTP;NO;SI;NO;;;;SI;NASDAQ
AIRJW;NO;SI;NO;;;;SI;NASDAQ
DECT;NO;SI;NO;;;;NO;BATS
DE;NO;SI;SI;;;;NO;NYSE
IREX;NO;SI;NO;;;;NO;BATS
IREG;NO;SI;NO;;;;NO;NASDAQ
IREC;NO;SI;NO;;;;NO;BATS
IRAB.WS;NO;SI;NO;;;;SI;NYSE
DECP;NO;SI;NO;;;;NO;BATS
IRAB.U;NO;SI;NO;;;;SI;NYSE
IQST;NO;SI;NO;;;;SI;NASDAQ
IQSM;NO;SI;NO;;;;NO;ARCA
IQSI;NO;SI;NO;;;;NO;ARCA
IQQQ;NO;SI;NO;;;;NO;NASDAQ
IQQ;NO;SI;NO;;;;NO;NASDAQ
ACR.PRD;NO;SI;NO;;;;SI;NYSE
KDRN;NO;SI;NO;;;;NO;ARCA
IQMXW;NO;SI;NO;;;;SI;NASDAQ
IQMX;NO;SI;NO;;;;NO;NASDAQ
EDRY;NO;SI;NO;;;;SI;NASDAQ
DECO;NO;SI;NO;;;;NO;NASDAQ
DECM;NO;SI;NO;;;;NO;BATS
IQM;NO;SI;NO;;;;NO;BATS
RCON;NO;SI;NO;;;;NO;NASDAQ
IQI;NO;SI;NO;;;;NO;NYSE
IQDY;NO;SI;NO;;;;NO;ARCA
DDXX;NO;SI;NO;;;;NO;BATS
IPW;NO;SI;NO;;;;SI;NASDAQ
BAMO;NO;SI;NO;;;;NO;BATS
AIRE;NO;SI;NO;;;;NO;NASDAQ
IPVVW;NO;SI;NO;;;;SI;NASDAQ
DDX;NO;SI;NO;;;;NO;BATS
IPVVU;NO;SI;NO;;;;SI;NASDAQ
ACR.PRC;NO;SI;NO;;;;SI;NYSE
IPVV;NO;SI;NO;;;;SI;NASDAQ
IPST;NO;SI;NO;;;;SI;NASDAQ
IPOS;NO;SI;NO;;;;NO;ARCA
IPM;NO;SI;NO;;;;SI;NASDAQ
DDV;NO;SI;NO;;;;NO;BATS
BAMD;NO;SI;NO;;;;NO;BATS
RIGS;NO;SI;NO;;;;NO;ARCA
RILA;NO;SI;NO;;;;NO;ARCA
RIVC;NO;SI;NO;;;;NO;BATS
IPEXU;NO;SI;NO;;;;SI;NASDAQ
BAMB;NO;SI;NO;;;;NO;BATS
DDTZ;NO;SI;NO;;;;NO;BATS
IPEXR;NO;SI;NO;;;;SI;NASDAQ
IPEX;NO;SI;NO;;;;SI;NASDAQ
IPDN;NO;SI;NO;;;;SI;NASDAQ
IPB;NO;SI;NO;;;;SI;NYSE
AVGC;NO;SI;NO;;;;NO;BATS
IPAY;NO;SI;NO;;;;NO;ARCA
IPAV;NO;SI;NO;;;;NO;BATS
IOYY;NO;SI;NO;;;;NO;NASDAQ
IOTR;NO;SI;NO;;;;SI;NASDAQ
IOR;NO;SI;NO;;;;NO;AMEX
DDTS;NO;SI;NO;;;;NO;BATS
ABLD;NO;SI;NO;;;;NO;BATS
AIFU;NO;SI;NO;;;;SI;NASDAQ
IONZ;NO;SI;NO;;;;NO;NASDAQ
DDTO;NO;SI;NO;;;;NO;BATS
IONX;NO;SI;NO;;;;SI;NASDAQ
BAMA;NO;SI;NO;;;;NO;BATS
BALY;NO;SI;NO;;;;NO;NYSE
IONR;NO;SI;NO;;;;NO;NASDAQ
IONQ.WS;NO;SI;NO;;;;SI;NYSE
IONL;NO;SI;NO;;;;NO;NASDAQ
DDTN;NO;SI;NO;;;;NO;BATS
DDTM;NO;SI;NO;;;;NO;BATS
DDTL;NO;SI;NO;;;;NO;BATS
IOND;NO;SI;NO;;;;SI;NASDAQ
DBRG.PRJ;NO;SI;NO;;;;SI;NYSE
DCOM.PR;NO;SI;NO;;;;SI;NYSE
FCHL;NO;SI;NO;;;;SI;NASDAQ
GK;NO;SI;NO;;;;NO;ARCA
AIQU;NO;SI;NO;;;;NO;ARCA
AVTM;NO;SI;NO;;;;NO;ARCA
DDTJ;NO;SI;NO;;;;NO;BATS
GTND;NO;SI;NO;;;;NO;ARCA
COVTY;NO;SI;NO;;;;NO;OTC
DDTG;NO;SI;NO;;;;NO;BATS
BALT;NO;SI;NO;;;;NO;BATS
BALQ;NO;SI;NO;;;;NO;NASDAQ
IONC;NO;SI;NO;;;;NO;BATS
DDTD;NO;SI;NO;;;;NO;BATS
ION;NO;SI;NO;;;;NO;ARCA
DDTA;NO;SI;NO;;;;NO;BATS
BALI;NO;SI;NO;;;;NO;BATS
PMCB;NO;SI;NO;;;;SI;NASDAQ
RWT.PRA;NO;SI;NO;;;;SI;NYSE
IOCT;NO;SI;NO;;;;NO;ARCA
BAK;NO;SI;NO;;;;NO;NYSE
DDT;NO;SI;NO;;;;SI;NYSE
INYY;NO;SI;NO;;;;NO;ARCA
DDSQ;NO;SI;NO;;;;NO;BATS
INVZ;NO;SI;NO;;;;NO;NASDAQ
PFFR;NO;SI;NO;;;;NO;ARCA
DDNQ;NO;SI;NO;;;;NO;BATS
BAIV;NO;SI;NO;;;;NO;NASDAQ
SAMM;NO;SI;NO;;;;NO;ARCA
AIQD;NO;SI;NO;;;;NO;ARCA
DDLS;NO;SI;NO;;;;NO;BATS
AIOO;NO;SI;NO;;;;NO;BATS
ACON;NO;SI;NO;;;;SI;NASDAQ
INVN;NO;SI;NO;;;;NO;ARCA
DDIV;NO;SI;NO;;;;NO;NASDAQ
DDFZ;NO;SI;NO;;;;NO;BATS
AENT;NO;SI;NO;;;;NO;NASDAQ
IMNN;NO;SI;NO;;;;SI;NASDAQ
INVG;NO;SI;NO;;;;NO;ARCA
INUV;NO;SI;NO;;;;SI;AMEX
INTZ;NO;SI;NO;;;;SI;NASDAQ
INTW;NO;SI;NO;;;;NO;NASDAQ
INTS;NO;SI;NO;;;;SI;NASDAQ
BAIG;NO;SI;NO;;;;NO;NASDAQ
BAGY;NO;SI;NO;;;;NO;BATS
INTM;NO;SI;NO;;;;NO;BATS
INTL;NO;SI;NO;;;;NO;BATS
BAGX;NO;SI;NO;;;;NO;BATS
DDFY;NO;SI;NO;;;;NO;BATS
BAFN;NO;SI;NO;;;;SI;NASDAQ
DDFS;NO;SI;NO;;;;NO;BATS
INTG;NO;SI;NO;;;;SI;NASDAQ
SCJN;NO;SI;NO;;;;NO;BATS
INQQ;NO;SI;NO;;;;NO;ARCA
INOV;NO;SI;NO;;;;NO;ARCA
INO;NO;SI;NO;;;;NO;NASDAQ
INN.PRF;NO;SI;NO;;;;SI;NYSE
INM;NO;SI;NO;;;;SI;NASDAQ
BAERW;NO;SI;NO;;;;SI;NASDAQ
DDFO;NO;SI;NO;;;;NO;BATS
INLX;NO;SI;NO;;;;SI;AMEX
ACOM;NO;SI;NO;;;;NO;ARCA
DDFN;NO;SI;NO;;;;NO;BATS
INLF;NO;SI;NO;;;;SI;NASDAQ
BACCU;NO;SI;NO;;;;SI;NASDAQ
INKT;NO;SI;NO;;;;SI;NASDAQ
BACC;NO;SI;NO;;;;SI;NASDAQ
SCCR;NO;SI;NO;;;;NO;ARCA
SVRE;NO;SI;NO;;;;SI;NASDAQ
TMDE;NO;SI;NO;;;;SI;AMEX
BAC.PRS;NO;SI;NO;;;;SI;NYSE
INKM;NO;SI;NO;;;;NO;ARCA
INHD;NO;SI;NO;;;;SI;NASDAQ
INFQ.WS;NO;SI;NO;;;;SI;NYSE
INFH;NO;SI;NO;;;;NO;BATS
BAC.PRP;NO;SI;NO;;;;SI;NYSE
RIZE;NO;SI;NO;;;;NO;BATS
DDFM;NO;SI;NO;;;;NO;BATS
INEQ;NO;SI;NO;;;;NO;ARCA
DDFL;NO;SI;NO;;;;NO;BATS
SHYD;NO;SI;NO;;;;NO;BATS
SHYL;NO;SI;NO;;;;NO;ARCA
AIO;NO;SI;NO;;;;NO;NYSE
INEO;NO;SI;NO;;;;SI;NASDAQ
INDZ;NO;SI;NO;;;;NO;ARCA
BAC.PRO;NO;SI;NO;;;;SI;NYSE
INDQ;NO;SI;NO;;;;NO;NASDAQ
AIDX;NO;SI;NO;;;;SI;NASDAQ
BAC.PRM;NO;SI;NO;;;;SI;NYSE
DDFJ;NO;SI;NO;;;;NO;BATS
BAC.PRL;NO;SI;NO;;;;SI;NYSE
BAC.PRK;NO;SI;NO;;;;SI;NYSE
INDP;NO;SI;NO;;;;NO;NASDAQ
INDO;NO;SI;NO;;;;SI;AMEX
INDH;NO;SI;NO;;;;NO;NASDAQ
BAC.PRE;NO;SI;NO;;;;SI;NYSE
INDE;NO;SI;NO;;;;NO;ARCA
IND;NO;SI;NO;;;;NO;NASDAQ
DDFG;NO;SI;NO;;;;NO;BATS
DDFD;NO;SI;NO;;;;NO;BATS
BAC.PRB;NO;SI;NO;;;;SI;NYSE
ACMM;NO;SI;NO;;;;NO;BATS
SLVY;NO;SI;NO;;;;NO;BATS
SLX;NO;SI;NO;;;;NO;ARCA
DDFA;NO;SI;NO;;;;NO;BATS
BKU;NO;SI;NO;;;;NO;NYSE
INCO;NO;SI;NO;;;;NO;ARCA
INCE;NO;SI;NO;;;;NO;ARCA
AAOZ;NO;SI;NO;;;;NO;BATS
DDDD;NO;SI;NO;;;;NO;ARCA
ACLZ;NO;SI;NO;;;;NO;BATS
AKZOY;NO;SI;NO;;;;NO;OTC
SCHYY;NO;SI;NO;;;;NO;OTC
SMIG;NO;SI;NO;;;;NO;ARCA
AALG;NO;SI;NO;;;;NO;NASDAQ
INBKZ;NO;SI;NO;;;;SI;NASDAQ
DDC;NO;SI;NO;;;;SI;AMEX
DCX;NO;SI;NO;;;;NO;NASDAQ
ACONW;NO;SI;NO;;;;SI;NASDAQ
INBK;NO;SI;NO;;;;NO;NASDAQ
DCMT;NO;SI;NO;;;;NO;ARCA
AIOS;NO;SI;NO;;;;SI;NASDAQ
SNDG;NO;SI;NO;;;;NO;BATS
PAVS;NO;SI;NO;;;;SI;NASDAQ
DCGO;NO;SI;NO;;;;NO;NASDAQ
DCBG;NO;SI;NO;;;;SI;NYSE
DBVT;NO;SI;NO;;;;NO;NASDAQ
DBRG.PRI;NO;SI;NO;;;;SI;NYSE
BABX;NO;SI;NO;;;;NO;NASDAQ
BABU;NO;SI;NO;;;;NO;NASDAQ
INACR;NO;SI;NO;;;;SI;NASDAQ
DBRG.PRH;NO;SI;NO;;;;SI;NYSE
BA.PRA;NO;SI;NO;;;;SI;NYSE
ACP.PRA;NO;SI;NO;;;;SI;NYSE
BCCC;NO;SI;NO;;;;NO;BATS
DSMC;NO;SI;NO;;;;NO;NYSE
IMVP;NO;SI;NO;;;;NO;ARCA
IMTG;NO;SI;NO;;;;NO;BATS
QB;NO;SI;NO;;;;NO;NASDAQ
DBP;NO;SI;NO;;;;NO;ARCA
IMTE;NO;SI;NO;;;;SI;NASDAQ
GAING;NO;SI;NO;;;;SI;NASDAQ
XEML;NO;SI;NO;;;;NO;BATS
XLBX;NO;SI;NO;;;;NO;BATS
IMSRW;NO;SI;NO;;;;SI;NASDAQ
IMSR;NO;SI;NO;;;;NO;NASDAQ
DBOEY;NO;SI;NO;;;;NO;OTC
IMRX;NO;SI;NO;;;;NO;NASDAQ
AZYY;NO;SI;NO;;;;NO;NASDAQ
IMPPP;NO;SI;NO;;;;SI;NASDAQ
DBO;NO;SI;NO;;;;NO;ARCA
IMOM;NO;SI;NO;;;;NO;NASDAQ
DDTF;NO;SI;NO;;;;NO;BATS
DBND;NO;SI;NO;;;;NO;ARCA
DBJP;NO;SI;NO;;;;NO;ARCA
IMMP;NO;SI;NO;;;;NO;NASDAQ
DBGI;NO;SI;NO;;;;SI;NASDAQ
DBEZ;NO;SI;NO;;;;NO;ARCA
DBEM;NO;SI;NO;;;;NO;ARCA
DBCAW;NO;SI;NO;;;;SI;NASDAQ
AZUL;NO;SI;NO;;;;NO;NYSE
ACHX;NO;SI;NO;;;;NO;BATS
IMFL;NO;SI;NO;;;;NO;BATS
IMDX;NO;SI;NO;;;;SI;NASDAQ
DBCAU;NO;SI;NO;;;;SI;NASDAQ
AZTD;NO;SI;NO;;;;NO;ARCA
DBCA;NO;SI;NO;;;;SI;NASDAQ
DBAW;NO;SI;NO;;;;NO;ARCA
DAVEW;NO;SI;NO;;;;SI;NASDAQ
IMCC;NO;SI;NO;;;;SI;NASDAQ
GOOL;NO;SI;NO;;;;NO;BATS
IMC;NO;SI;NO;;;;NO;AMEX
AXP;NO;SI;SI;;;;NO;NYSE
BAVA;NO;SI;NO;;;;NO;ARCA
ABXXF;NO;SI;NO;;;;NO;OTC
IMAY;NO;SI;NO;;;;NO;ARCA
IMAR;NO;SI;NO;;;;NO;ARCA
AZIO;NO;SI;NO;;;;SI;NASDAQ
GOOX;NO;SI;NO;;;;NO;BATS
ALPMY;NO;SI;NO;;;;NO;OTC
BBIB;NO;SI;NO;;;;NO;BATS
AZI;NO;SI;NO;;;;SI;NASDAQ
DAC;NO;SI;SI;;;;SI;NYSE
ILTB;NO;SI;NO;;;;NO;ARCA
ILOW;NO;SI;NO;;;;NO;ARCA
DAUG;NO;SI;NO;;;;NO;BATS
DAT;NO;SI;NO;;;;NO;ARCA
BCOR;NO;SI;NO;;;;NO;ARCA
BCPL;NO;SI;NO;;;;NO;ARCA
BCSS;NO;SI;NO;;;;SI;NYSE
AYTU;NO;SI;NO;;;;SI;NASDAQ
ILLUW;NO;SI;NO;;;;SI;NASDAQ
AXTX;NO;SI;NO;;;;NO;BATS
DARP;NO;SI;NO;;;;NO;ARCA
BDVL;NO;SI;NO;;;;NO;NASDAQ
ILLUU;NO;SI;NO;;;;SI;NASDAQ
ILLU;NO;SI;NO;;;;SI;NASDAQ
ILLRW;NO;SI;NO;;;;SI;NASDAQ
DARE;NO;SI;NO;;;;SI;NASDAQ
DAPR;NO;SI;NO;;;;NO;BATS
DAPP;NO;SI;NO;;;;NO;NASDAQ
AXTU;NO;SI;NO;;;;NO;BATS
BTVCY;NO;SI;NO;;;;NO;OTC
TEMC;NO;SI;NO;;;;NO;BATS
DANOY;NO;SI;NO;;;;NO;OTC
DAMD;NO;SI;NO;;;;NO;ARCA
AXTL;NO;SI;NO;;;;NO;BATS
ILLR;NO;SI;NO;;;;SI;NASDAQ
AXTC;NO;SI;NO;;;;NO;BATS
ILKAY;NO;SI;NO;;;;NO;OTC
AXS.PRE;NO;SI;NO;;;;SI;NYSE
AXINU;NO;SI;NO;;;;SI;NASDAQ
ILDR;NO;SI;NO;;;;NO;ARCA
AINT;NO;SI;NO;;;;NO;ARCA
ILCV;NO;SI;NO;;;;NO;ARCA
DALI;NO;SI;NO;;;;NO;NASDAQ
BHFAP;NO;SI;NO;;;;SI;NASDAQ
DAK;NO;SI;NO;;;;NO;NASDAQ
AXINR;NO;SI;NO;;;;SI;NASDAQ
HUBC;NO;SI;NO;;;;SI;NASDAQ
ILCB;NO;SI;NO;;;;NO;ARCA
ACLO;NO;SI;NO;;;;NO;NYSE
DAIO;NO;SI;NO;;;;SI;NASDAQ
DADS;NO;SI;NO;;;;NO;NASDAQ
BJDX;NO;SI;NO;;;;SI;NASDAQ
IJUN;NO;SI;NO;;;;NO;ARCA
IJUL;NO;SI;NO;;;;NO;ARCA
AINP;NO;SI;NO;;;;NO;ARCA
DACL;NO;SI;NO;;;;NO;ARCA
AXIN;NO;SI;NO;;;;SI;NASDAQ
AXIL;NO;SI;NO;;;;SI;AMEX
IHS;NO;SI;SI;;;;NO;NYSE
IINC;NO;SI;NO;;;;NO;ARCA
IIGD;NO;SI;NO;;;;NO;ARCA
AWX;NO;SI;NO;;;;SI;AMEX
IHT;NO;SI;NO;;;;SI;AMEX
AIMS;NO;SI;NO;;;;NO;NASDAQ
IHF;NO;SI;NO;;;;NO;ARCA
IH;NO;SI;NO;;;;SI;NYSE
BMNZ;NO;SI;NO;;;;NO;ARCA
VONOY;NO;SI;NO;;;;NO;OTC
DABS;NO;SI;NO;;;;NO;ARCA
DAAQW;NO;SI;NO;;;;SI;NASDAQ
IGI;NO;SI;NO;;;;NO;NYSE
IGHG;NO;SI;NO;;;;NO;BATS
DLFE;NO;SI;NO;;;;NO;BATS
ACRT;NO;SI;NO;;;;NO;NASDAQ
DAAQU;NO;SI;NO;;;;SI;NASDAQ
IGGY;NO;SI;NO;;;;NO;ARCA
IGE;NO;SI;NO;;;;NO;BATS
IGD;NO;SI;NO;;;;NO;NYSE
IGCB;NO;SI;NO;;;;NO;NYSE
PVEX;NO;SI;NO;;;;NO;BATS
BRBI;NO;SI;NO;;;;SI;NASDAQ
BSAA;NO;SI;NO;;;;SI;NASDAQ
IGC;NO;SI;NO;;;;NO;AMEX
IGACR;NO;SI;NO;;;;SI;NASDAQ
IGAC;NO;SI;NO;;;;SI;NASDAQ
CXW;NO;SI;SI;;;;NO;NYSE
AVXX;NO;SI;NO;;;;NO;NASDAQ
POLA;NO;SI;NO;;;;SI;NASDAQ
BSAAR;NO;SI;NO;;;;SI;NASDAQ
BSAAU;NO;SI;NO;;;;SI;NASDAQ
BSBR;NO;SI;NO;;;;NO;NYSE
AVXC;NO;SI;NO;;;;NO;NASDAQ
AIMD;NO;SI;NO;;;;SI;NASDAQ
PAACW;NO;SI;NO;;;;SI;NASDAQ
HOWL;NO;SI;NO;;;;SI;NASDAQ
PETZ;NO;SI;NO;;;;SI;NASDAQ
AVX;NO;SI;NO;;;;SI;NASDAQ
AVSU;NO;SI;NO;;;;NO;ARCA
PAAC;NO;SI;NO;;;;SI;NASDAQ
IEUR;NO;SI;SI;;;;NO;ARCA
BLCK;NO;SI;NO;;;;NO;BATS
BUFS;NO;SI;NO;;;;NO;BATS
IFV;NO;SI;NO;;;;NO;NASDAQ
IFS;NO;SI;NO;;;;NO;NYSE
AVSF;NO;SI;NO;;;;NO;ARCA
IFRX;NO;SI;NO;;;;NO;NASDAQ
BWG;NO;SI;NO;;;;NO;NYSE
IFLR;NO;SI;NO;;;;NO;ARCA
IFLO;NO;SI;NO;;;;NO;NASDAQ
AVSE;NO;SI;NO;;;;NO;ARCA
IGACU;NO;SI;NO;;;;SI;NASDAQ
CYPH;NO;SI;NO;;;;NO;NASDAQ
IFLN;NO;SI;NO;;;;NO;ARCA
IFGL;NO;SI;NO;;;;NO;NASDAQ
IGBH;NO;SI;NO;;;;NO;ARCA
AADR;NO;SI;NO;;;;NO;NASDAQ
IFED;NO;SI;NO;;;;NO;ARCA
CYN;NO;SI;NO;;;;SI;NASDAQ
IFEB;NO;SI;NO;;;;NO;ARCA
IEZ;NO;SI;NO;;;;NO;ARCA
AVSD;NO;SI;NO;;;;NO;ARCA
CYCU;NO;SI;NO;;;;SI;NASDAQ
IEUS;NO;SI;NO;;;;NO;NASDAQ
IDYN;NO;SI;NO;;;;NO;ARCA
IDX;NO;SI;NO;;;;NO;ARCA
IDVZ;NO;SI;NO;;;;NO;BATS
IDVY;NO;SI;NO;;;;NO;NASDAQ
AIIR;NO;SI;NO;;;;NO;NASDAQ
IDUB;NO;SI;NO;;;;NO;BATS
IDNA;NO;SI;NO;;;;NO;ARCA
IDMY;NO;SI;NO;;;;NO;BATS
IDLV;NO;SI;NO;;;;NO;ARCA
AVS;NO;SI;NO;;;;NO;NASDAQ
IDJN;NO;SI;NO;;;;NO;BATS
CXSE;NO;SI;NO;;;;NO;NASDAQ
IDJL;NO;SI;NO;;;;NO;BATS
CEE;NO;SI;NO;;;;NO;NYSE
AVOS;NO;SI;NO;;;;NO;NASDAQ
AVMU;NO;SI;NO;;;;NO;ARCA
IDHQ;NO;SI;NO;;;;NO;ARCA
AVMA;NO;SI;NO;;;;NO;ARCA
AIIOW;NO;SI;NO;;;;SI;NASDAQ
AVLC;NO;SI;NO;;;;NO;ARCA
IDGT;NO;SI;NO;;;;NO;ARCA
IDEQ;NO;SI;NO;;;;NO;ARCA
IDEF;NO;SI;NO;;;;NO;NASDAQ
IDEC;NO;SI;NO;;;;NO;ARCA
IDE;NO;SI;NO;;;;NO;NYSE
IDA;NO;SI;SI;;;;NO;NYSE
CXRN;NO;SI;NO;;;;NO;ARCA
BTCW;NO;SI;NO;;;;NO;BATS
CFTR.PRA;NO;SI;NO;;;;SI;NYSE
CXIIW;NO;SI;NO;;;;SI;NASDAQ
AVL;NO;SI;NO;;;;NO;NASDAQ
AVK;NO;SI;NO;;;;NO;NYSE
OFG;NO;SI;NO;;;;NO;NYSE
AVIE;NO;SI;NO;;;;NO;ARCA
CXIIU;NO;SI;NO;;;;SI;NASDAQ
CHPY;NO;SI;NO;;;;NO;ARCA
IDAU;NO;SI;NO;;;;NO;BATS
CXII;NO;SI;NO;;;;SI;NASDAQ
CXAI;NO;SI;NO;;;;NO;NASDAQ
AVGX;NO;SI;NO;;;;NO;NASDAQ
IDACW;NO;SI;NO;;;;SI;NASDAQ
CISS;NO;SI;NO;;;;SI;NASDAQ
IDAC;NO;SI;NO;;;;SI;NASDAQ
ICUCW;NO;SI;NO;;;;SI;NASDAQ
ICU;NO;SI;NO;;;;SI;NASDAQ
CWY;NO;SI;NO;;;;NO;NASDAQ
ICR.PRA;NO;SI;NO;;;;SI;NYSE
CWVX;NO;SI;NO;;;;NO;BATS
ICPI;NO;SI;NO;;;;NO;ARCA
CWI;NO;SI;NO;;;;NO;ARCA
CWD;NO;SI;NO;;;;SI;NASDAQ
CVY;NO;SI;NO;;;;NO;ARCA
ICOW;NO;SI;NO;;;;NO;BATS
ICON;NO;SI;NO;;;;SI;NASDAQ
AACPU;NO;SI;NO;;;;SI;NASDAQ
AIIO;NO;SI;NO;;;;NO;NASDAQ
CMSA;NO;SI;NO;;;;SI;NYSE
ICLO;NO;SI;NO;;;;NO;BATS
AIIA.U;NO;SI;NO;;;;SI;NYSE
CVSB;NO;SI;NO;;;;NO;ARCA
CVRT;NO;SI;NO;;;;NO;ARCA
ICLN;NO;SI;NO;;;;NO;NASDAQ
ICG;NO;SI;NO;;;;SI;NASDAQ
ICCM;NO;SI;NO;;;;SI;NASDAQ
AIIA.RT;NO;SI;NO;;;;SI;NYSE
CVRD;NO;SI;NO;;;;NO;ARCA
AVGW;NO;SI;NO;;;;NO;BATS
AVGU;NO;SI;NO;;;;NO;NASDAQ
ICAP;NO;SI;NO;;;;NO;ARCA
CONY;NO;SI;NO;;;;NO;ARCA
FNDB;NO;SI;NO;;;;NO;ARCA
ICAGY;NO;SI;NO;;;;NO;OTC
IBUY;NO;SI;NO;;;;NO;ARCA
IBUF;NO;SI;NO;;;;NO;ARCA
CVMC;NO;SI;NO;;;;NO;ARCA
IBTR;NO;SI;NO;;;;NO;NASDAQ
IBTQ;NO;SI;NO;;;;NO;NASDAQ
CPAI;NO;SI;NO;;;;NO;NYSE
CPHI;NO;SI;NO;;;;SI;AMEX
IBTP;NO;SI;NO;;;;NO;NASDAQ
CVM;NO;SI;NO;;;;SI;AMEX
AVGG;NO;SI;NO;;;;NO;NASDAQ
CVKD;NO;SI;NO;;;;SI;NASDAQ
IBTM;NO;SI;NO;;;;NO;NASDAQ
IBTL;NO;SI;NO;;;;NO;NASDAQ
AVEE;NO;SI;NO;;;;NO;ARCA
AII;NO;SI;NO;;;;SI;NYSE
NUMV;NO;SI;NO;;;;NO;BATS
IBTK;NO;SI;NO;;;;NO;NASDAQ
IBTJ;NO;SI;NO;;;;NO;NASDAQ
AIHY;NO;SI;NO;;;;NO;ARCA
CVIE;NO;SI;NO;;;;NO;ARCA
CRAQ;NO;SI;NO;;;;SI;NASDAQ
CRWG;NO;SI;NO;;;;NO;NASDAQ
AIHS;NO;SI;NO;;;;SI;NASDAQ
IBTI;NO;SI;NO;;;;NO;NASDAQ
IBTH;NO;SI;NO;;;;NO;NASDAQ
IBTG;NO;SI;NO;;;;NO;NASDAQ
IBRN;NO;SI;NO;;;;NO;ARCA
DDFF;NO;SI;NO;;;;NO;BATS
PAM;NO;SI;NO;;;;NO;NYSE
AIFF;NO;SI;NO;;;;SI;NASDAQ
IBOT;NO;SI;NO;;;;NO;NASDAQ
IBMX;NO;SI;NO;;;;NO;BATS
CV;NO;SI;NO;;;;SI;NASDAQ
IBMW;NO;SI;NO;;;;NO;BATS
IBMV;NO;SI;NO;;;;NO;BATS
IBMU;NO;SI;NO;;;;NO;BATS
IBMT;NO;SI;NO;;;;NO;BATS
CVGD;NO;SI;NO;;;;NO;ARCA
IBMR;NO;SI;NO;;;;NO;BATS
CUVL;NO;SI;NO;;;;NO;NASDAQ
IBMQ;NO;SI;NO;;;;NO;BATS
AVAZ;NO;SI;NO;;;;NO;BATS
CUT;NO;SI;NO;;;;NO;ARCA
CUST;NO;SI;NO;;;;NO;BATS
IBMP;NO;SI;NO;;;;NO;BATS
DAIC;NO;SI;NO;;;;SI;NASDAQ
DAICW;NO;SI;NO;;;;SI;NASDAQ
CURX;NO;SI;NO;;;;SI;NASDAQ
IBLC;NO;SI;NO;;;;NO;ARCA
CURR;NO;SI;NO;;;;NO;NASDAQ
AIFC;NO;SI;NO;;;;NO;NASDAQ
NEWTO;NO;SI;NO;;;;SI;NASDAQ
IBIO;NO;SI;NO;;;;SI;NASDAQ
IBIM;NO;SI;NO;;;;NO;ARCA
CURI;NO;SI;NO;;;;NO;NASDAQ
IBIJ;NO;SI;NO;;;;NO;ARCA
DCBO;NO;SI;NO;;;;SI;NASDAQ
CURE;NO;SI;NO;;;;NO;ARCA
AIFA;NO;SI;NO;;;;SI;NASDAQ
IBII;NO;SI;NO;;;;NO;ARCA
AACPR;NO;SI;NO;;;;SI;NASDAQ
IBIH;NO;SI;NO;;;;NO;ARCA
DDTY;NO;SI;NO;;;;NO;BATS
GFR.RTWI;NO;SI;NO;;;;NO;NYSE
WEICY;NO;SI;NO;;;;NO;OTC
IBIG;NO;SI;NO;;;;NO;ARCA
IBIF;NO;SI;NO;;;;NO;ARCA
IBID;NO;SI;NO;;;;NO;ARCA
CUPR;NO;SI;NO;;;;SI;NASDAQ
DETX;NO;SI;NO;;;;SI;NASDAQ
IBHM;NO;SI;NO;;;;NO;BATS
IBHL;NO;SI;NO;;;;NO;BATS
IBHK;NO;SI;NO;;;;NO;BATS
IBHJ;NO;SI;NO;;;;NO;BATS
CMBS;NO;SI;NO;;;;NO;ARCA
DGAP;NO;SI;NO;;;;NO;BATS
IBHI;NO;SI;NO;;;;NO;BATS
MDCR;NO;SI;NO;;;;NO;BATS
AACP;NO;SI;NO;;;;SI;NASDAQ
IBHH;NO;SI;NO;;;;NO;BATS
CUBB;NO;SI;NO;;;;SI;NYSE
IBHF;NO;SI;NO;;;;NO;BATS
IBGM;NO;SI;NO;;;;NO;NASDAQ
CRWS;NO;SI;NO;;;;SI;NASDAQ
DIEM;NO;SI;NO;;;;NO;ARCA
IBGK;NO;SI;NO;;;;NO;NASDAQ
IBGC;NO;SI;NO;;;;NO;NASDAQ
IBGB;NO;SI;NO;;;;NO;NASDAQ
IBGA;NO;SI;NO;;;;NO;NASDAQ
IBG;NO;SI;NO;;;;SI;NASDAQ
IBFR;NO;SI;NO;;;;NO;ARCA
CUB;NO;SI;NO;;;;SI;NASDAQ
COCHW;NO;SI;NO;;;;SI;NASDAQ
IBDY;NO;SI;NO;;;;NO;ARCA
IBDRY;NO;SI;NO;;;;NO;OTC
IBD;NO;SI;NO;;;;NO;ARCA
IBCB;NO;SI;NO;;;;NO;ARCA
IBCA;NO;SI;NO;;;;NO;ARCA
DLAG;NO;SI;NO;;;;NO;BATS
DMIIR;NO;SI;NO;;;;SI;NASDAQ
AUUD;NO;SI;NO;;;;SI;NASDAQ
CTXR;NO;SI;NO;;;;SI;NASDAQ
AUSM;NO;SI;NO;;;;NO;ARCA
IBBQ;NO;SI;NO;;;;NO;NASDAQ
CTWO;NO;SI;NO;;;;NO;ARCA
CTW;NO;SI;NO;;;;NO;NASDAQ
DRMP;NO;SI;NO;;;;NO;BATS
DRTSW;NO;SI;NO;;;;SI;NASDAQ
IBAT;NO;SI;NO;;;;NO;NASDAQ
CTSO;NO;SI;NO;;;;NO;NASDAQ
IBACR;NO;SI;NO;;;;SI;NASDAQ
IBAC;NO;SI;NO;;;;SI;NASDAQ
DPU;NO;SI;NO;;;;SI;NASDAQ
CIFC;NO;SI;NO;;;;NO;BATS
IAUX.WS;NO;SI;NO;;;;SI;AMEX
IAUG;NO;SI;NO;;;;NO;ARCA
KIGRY;NO;SI;NO;;;;NO;OTC
IAT;NO;SI;NO;;;;NO;ARCA
CTRM;NO;SI;NO;;;;SI;NASDAQ
AURE;NO;SI;NO;;;;SI;NASDAQ
DWUS;NO;SI;NO;;;;NO;NASDAQ
IALT;NO;SI;NO;;;;NO;NASDAQ
EASG;NO;SI;NO;;;;NO;ARCA
IAK;NO;SI;NO;;;;NO;ARCA
CYCUW;NO;SI;NO;;;;SI;NASDAQ
IACQW;NO;SI;NO;;;;SI;NASDAQ
IACQ;NO;SI;NO;;;;SI;NASDAQ
IACOU;NO;SI;NO;;;;SI;NASDAQ
HYZD;NO;SI;NO;;;;NO;NASDAQ
EASY;NO;SI;NO;;;;NO;NASDAQ
HYXF;NO;SI;NO;;;;NO;NASDAQ
AUOTY;NO;SI;NO;;;;NO;OTC
AIBZ;NO;SI;NO;;;;NO;NASDAQ
AEON;NO;SI;NO;;;;SI;AMEX
HYUP;NO;SI;NO;;;;NO;ARCA
HYTR;NO;SI;NO;;;;NO;NYSE
HYTI;NO;SI;NO;;;;NO;ARCA
EFAD;NO;SI;NO;;;;NO;BATS
MURGY;NO;SI;NO;;;;NO;OTC
HYSD;NO;SI;NO;;;;NO;ARCA
CTO.PRA;NO;SI;NO;;;;SI;NYSE
AUMI;NO;SI;NO;;;;NO;NASDAQ
CMTV;NO;SI;NO;;;;SI;NASDAQ
ELOX;NO;SI;NO;;;;SI;NASDAQ
HYPR;NO;SI;NO;;;;NO;NASDAQ
HYPG;NO;SI;NO;;;;NO;NASDAQ
HYP;NO;SI;NO;;;;NO;NASDAQ
AIBU;NO;SI;NO;;;;NO;ARCA
BVC;NO;SI;NO;;;;SI;NASDAQ
AUID;NO;SI;NO;;;;SI;NASDAQ
CTJN;NO;SI;NO;;;;NO;BATS
ETFT;NO;SI;NO;;;;NO;ARCA
ABXL;NO;SI;NO;;;;SI;NYSE
AUGZ;NO;SI;NO;;;;NO;BATS
LOCL;NO;SI;NO;;;;SI;NYSE
CTJL;NO;SI;NO;;;;NO;BATS
CTIF;NO;SI;NO;;;;NO;BATS
APMD;NO;SI;NO;;;;SI;NASDAQ
EMKT;NO;SI;NO;;;;NO;ARCA
ENGIY;NO;SI;NO;;;;NO;OTC
GRO;NO;SI;NO;;;;NO;AMEX
HYNX;NO;SI;NO;;;;NO;ARCA
AUGW;NO;SI;NO;;;;NO;BATS
HYMB;NO;SI;NO;;;;NO;ARCA
CTGG;NO;SI;NO;;;;SI;NYSE
HYLS;NO;SI;NO;;;;NO;NASDAQ
ENSC;NO;SI;NO;;;;SI;NASDAQ
ENTL;NO;SI;NO;;;;NO;BATS
ENTX;NO;SI;NO;;;;NO;NASDAQ
HYIN;NO;SI;NO;;;;NO;BATS
HYI;NO;SI;NO;;;;NO;NYSE
CTEX;NO;SI;NO;;;;NO;ARCA
HYHG;NO;SI;NO;;;;NO;BATS
DWWN;NO;SI;NO;;;;NO;BATS
EQ;NO;SI;NO;;;;NO;NASDAQ
LOHA;NO;SI;NO;;;;NO;BATS
HYGU;NO;SI;NO;;;;NO;BATS
AUGU;NO;SI;NO;;;;NO;BATS
ESLV;NO;SI;NO;;;;NO;ARCA
ESP;NO;SI;NO;;;;SI;AMEX
CTEC;NO;SI;NO;;;;NO;NASDAQ
HYGM;NO;SI;NO;;;;NO;BATS
HYGH;NO;SI;NO;;;;NO;ARCA
ASTT;NO;SI;NO;;;;NO;BATS
CTAU;NO;SI;NO;;;;NO;BATS
EURK;NO;SI;NO;;;;SI;NASDAQ
EURKU;NO;SI;NO;;;;SI;NASDAQ
CTAP;NO;SI;NO;;;;NO;ARCA
HYGD;NO;SI;NO;;;;NO;BATS
HYFI;NO;SI;NO;;;;NO;ARCA
CTAAU;NO;SI;NO;;;;SI;NASDAQ
CTAA;NO;SI;NO;;;;SI;NASDAQ
EVN;NO;SI;NO;;;;NO;NYSE
EVO;NO;SI;NO;;;;NO;NASDAQ
HYDW;NO;SI;NO;;;;NO;ARCA
WENC;NO;SI;NO;;;;SI;NYSE
HYDR;NO;SI;NO;;;;NO;NASDAQ
CTA.PRB;NO;SI;NO;;;;SI;NYSE
HYBX;NO;SI;NO;;;;NO;NYSE
HYBI;NO;SI;NO;;;;NO;NASDAQ
AACOW;NO;SI;NO;;;;SI;NASDAQ
CRD.B;NO;SI;NO;;;;SI;NYSE
AUGT;NO;SI;NO;;;;NO;BATS
AUGM;NO;SI;NO;;;;NO;BATS
HWIV;NO;SI;NO;;;;NO;NASDAQ
ATO;NO;SI;SI;;;;NO;NYSE
CSWC;NO;SI;NO;;;;NO;NASDAQ
CSTK;NO;SI;NO;;;;NO;BATS
HWCPZ;NO;SI;NO;;;;SI;NASDAQ
FAPR;NO;SI;NO;;;;NO;BATS
HVT.A;NO;SI;NO;;;;SI;NYSE
AUGC;NO;SI;NO;;;;NO;BATS
HVMCW;NO;SI;NO;;;;SI;NASDAQ
HVMC;NO;SI;NO;;;;SI;NASDAQ
DNNGY;NO;SI;NO;;;;NO;OTC
KPET;NO;SI;NO;;;;SI;NYSE
HVIIU;NO;SI;NO;;;;SI;NASDAQ
HVIIR;NO;SI;NO;;;;SI;NASDAQ
LGOV;NO;SI;NO;;;;NO;ARCA
HVII;NO;SI;NO;;;;SI;NASDAQ
HUTG;NO;SI;NO;;;;NO;NASDAQ
HEINY;NO;SI;NO;;;;NO;OTC
CSSD;NO;SI;NO;;;;NO;ARCA
CSPF;NO;SI;NO;;;;NO;ARCA
VRAI;NO;SI;NO;;;;NO;ARCA
CSNR;NO;SI;NO;;;;NO;ARCA
TYYY;NO;SI;NO;;;;NO;ARCA
AUC;NO;SI;NO;;;;SI;NASDAQ
AUBN;NO;SI;NO;;;;SI;NASDAQ
DLS;NO;SI;NO;;;;NO;ARCA
HUSV;NO;SI;NO;;;;NO;ARCA
AUB.PRA;NO;SI;NO;;;;SI;NYSE
CSM;NO;SI;NO;;;;NO;BATS
QEMM;NO;SI;NO;;;;NO;ARCA
HURA;NO;SI;NO;;;;NO;NASDAQ
HUMAW;NO;SI;NO;;;;SI;NASDAQ
HUMA;NO;SI;NO;;;;NO;NASDAQ
HULL;NO;SI;NO;;;;NO;BATS
AUAU;NO;SI;NO;;;;NO;ARCA
CSIO;NO;SI;NO;;;;NO;ARCA
HUIZ;NO;SI;NO;;;;SI;NASDAQ
CSHRW;NO;SI;NO;;;;SI;NASDAQ
HUHU;NO;SI;NO;;;;SI;NASDAQ
ATYR;NO;SI;NO;;;;NO;NASDAQ
GROZ;NO;SI;NO;;;;NO;BATS
CSHR;NO;SI;NO;;;;NO;NASDAQ
TGL;NO;SI;NO;;;;SI;NASDAQ
CSHP;NO;SI;NO;;;;NO;ARCA
HUBCW;NO;SI;NO;;;;SI;NASDAQ
CSEX;NO;SI;NO;;;;NO;BATS
WLDU;NO;SI;NO;;;;NO;BATS
CSD;NO;SI;NO;;;;NO;ARCA
ATRA;NO;SI;NO;;;;SI;NASDAQ
CSCS;NO;SI;NO;;;;NO;NASDAQ
HTZWW;NO;SI;NO;;;;SI;NASDAQ
HTZ;NO;SI;NO;;;;NO;NASDAQ
HTRB;NO;SI;NO;;;;NO;ARCA
CSCL;NO;SI;NO;;;;NO;NASDAQ
WRND;NO;SI;NO;;;;NO;NASDAQ
HTOO;NO;SI;NO;;;;SI;NASDAQ
HTLM;NO;SI;NO;;;;NO;NASDAQ
CSAN;NO;SI;NO;;;;NO;NYSE
HTEC;NO;SI;NO;;;;NO;ARCA
HTCO;NO;SI;NO;;;;SI;NASDAQ
CTA.PRA;NO;SI;NO;;;;SI;NYSE
AIBD;NO;SI;NO;;;;NO;ARCA
CSAI;NO;SI;NO;;;;SI;NASDAQ
HTAX;NO;SI;NO;;;;NO;ARCA
ATPC;NO;SI;NO;;;;SI;NASDAQ
CRY;NO;SI;NO;;;;NO;NASDAQ
HTAB;NO;SI;NO;;;;NO;ARCA
KNGZ;NO;SI;NO;;;;NO;NASDAQ
CRWU;NO;SI;NO;;;;NO;BATS
ATMP;NO;SI;NO;;;;NO;BATS
ATLCZ;NO;SI;NO;;;;SI;NASDAQ
XDQQ;NO;SI;NO;;;;NO;BATS
IPCXU;NO;SI;NO;;;;SI;NASDAQ
XJR;NO;SI;NO;;;;NO;BATS
KOYNU;NO;SI;NO;;;;SI;NASDAQ
HSMV;NO;SI;NO;;;;NO;ARCA
CRWL;NO;SI;NO;;;;NO;NASDAQ
CRWC;NO;SI;NO;;;;NO;BATS
KITTW;NO;SI;NO;;;;SI;NASDAQ
AIB;NO;SI;NO;;;;NO;AMEX
ATLCP;NO;SI;NO;;;;SI;NASDAQ
CRVO;NO;SI;NO;;;;SI;NASDAQ
HSHCY;NO;SI;NO;;;;NO;OTC
XLVI;NO;SI;NO;;;;NO;ARCA
HSDT;NO;SI;NO;;;;NO;NASDAQ
HSCS;NO;SI;NO;;;;SI;NASDAQ
CRUC;NO;SI;NO;;;;NO;BATS
HSBH;NO;SI;NO;;;;NO;ARCA
XPAV;NO;SI;NO;;;;NO;BATS
XPAY;NO;SI;NO;;;;NO;ARCA
XPL;NO;SI;NO;;;;NO;AMEX
HRZN;NO;SI;NO;;;;NO;NASDAQ
HRTX;NO;SI;NO;;;;NO;NASDAQ
HRTS;NO;SI;NO;;;;NO;NASDAQ
KDKRW;NO;SI;NO;;;;SI;NASDAQ
CRTC;NO;SI;NO;;;;NO;ARCA
XRTX;NO;SI;NO;;;;SI;NASDAQ
XRXDW;NO;SI;NO;;;;SI;NASDAQ
XSD;NO;SI;NO;;;;NO;ARCA
HRSK;NO;SI;NO;;;;NO;ARCA
HQWWW;NO;SI;NO;;;;SI;NASDAQ
CRSH;NO;SI;NO;;;;NO;ARCA
XTRE;NO;SI;NO;;;;NO;ARCA
JHML;NO;SI;NO;;;;NO;ARCA
HQL;NO;SI;NO;;;;NO;NYSE
CRPJY;NO;SI;NO;;;;NO;OTC
HQH;NO;SI;NO;;;;NO;NYSE
HQGO;NO;SI;NO;;;;NO;NASDAQ
YBTC;NO;SI;NO;;;;NO;BATS
HQ;NO;SI;NO;;;;SI;NASDAQ
PEVC;NO;SI;NO;;;;NO;ARCA
CRMX;NO;SI;NO;;;;NO;BATS
CRMU;NO;SI;NO;;;;NO;NASDAQ
CRMT;NO;SI;NO;;;;SI;NASDAQ
CRMLW;NO;SI;NO;;;;SI;NASDAQ
ATLCL;NO;SI;NO;;;;SI;NASDAQ
ATIIW;NO;SI;NO;;;;SI;NASDAQ
ATII;NO;SI;NO;;;;SI;NASDAQ
ATHS;NO;SI;NO;;;;SI;NYSE
CSRA;NO;SI;NO;;;;NO;ARCA
CRML;NO;SI;NO;;;;NO;NASDAQ
AIAI;NO;SI;NO;;;;NO;NASDAQ
HPI;NO;SI;NO;;;;NO;NYSE
HPEL;NO;SI;NO;;;;NO;BATS
CRMG;NO;SI;NO;;;;NO;NASDAQ
AACOU;NO;SI;NO;;;;SI;NASDAQ
CRXP;NO;SI;NO;;;;NO;ARCA
CRIS;NO;SI;NO;;;;SI;NASDAQ
SOS;NO;SI;NO;;;;SI;NYSE
YSEP;NO;SI;NO;;;;NO;BATS
HOYY;NO;SI;NO;;;;NO;NASDAQ
HOVNP;NO;SI;NO;;;;SI;NASDAQ
VCOB;NO;SI;NO;;;;NO;ARCA
HOOZ;NO;SI;NO;;;;NO;ARCA
ATHR;NO;SI;NO;;;;SI;NASDAQ
CRIB;NO;SI;NO;;;;NO;ARCA
CRGOW;NO;SI;NO;;;;SI;NASDAQ
ZJAN;NO;SI;NO;;;;NO;BATS
CRGO;NO;SI;NO;;;;NO;NASDAQ
DOG;NO;SI;NO;;;;NO;ARCA
HOOX;NO;SI;NO;;;;NO;NASDAQ
HOOG;NO;SI;NO;;;;NO;NASDAQ
ATHE;NO;SI;NO;;;;SI;NASDAQ
ATH.PRD;NO;SI;NO;;;;SI;NYSE
HOMZ;NO;SI;NO;;;;NO;ARCA
FRTY;NO;SI;NO;;;;NO;ARCA
APURR;NO;SI;NO;;;;SI;NASDAQ
YARIY;NO;SI;NO;;;;NO;OTC
OXLCL;NO;SI;NO;;;;SI;NASDAQ
HOLD;NO;SI;NO;;;;NO;ARCA
PRFX;NO;SI;NO;;;;SI;NASDAQ
IMBBY;NO;SI;NO;;;;NO;OTC
HOLA;NO;SI;NO;;;;NO;ARCA
HODU;NO;SI;NO;;;;NO;NASDAQ
SCPQW;NO;SI;NO;;;;SI;NASDAQ
HODO;NO;SI;NO;;;;NO;NASDAQ
HNNA;NO;SI;NO;;;;SI;NASDAQ
ATH.PRB;NO;SI;NO;;;;SI;NYSE
CRF;NO;SI;NO;;;;NO;AMEX
AACIW;NO;SI;NO;;;;SI;NASDAQ
AACI;NO;SI;NO;;;;SI;NASDAQ
HMYY;NO;SI;NO;;;;NO;NASDAQ
JOBC;NO;SI;NO;;;;NO;BATS
BLUX;NO;SI;NO;;;;NO;ARCA
CLCV;NO;SI;NO;;;;NO;ARCA
IPCXR;NO;SI;NO;;;;SI;NASDAQ
ATH.PRA;NO;SI;NO;;;;SI;NYSE
ATGL;NO;SI;NO;;;;NO;NASDAQ
ATEYY;NO;SI;NO;;;;NO;OTC
ATER;NO;SI;NO;;;;SI;NASDAQ
HMR;NO;SI;NO;;;;NO;NASDAQ
HMOP;NO;SI;NO;;;;NO;ARCA
CRE;NO;SI;NO;;;;SI;NASDAQ
AHYB;NO;SI;NO;;;;NO;ARCA
CRDX;NO;SI;NO;;;;NO;BATS
HMAY;NO;SI;NO;;;;NO;BATS
HLXC;NO;SI;NO;;;;SI;NASDAQ
SKHSY;NO;SI;NO;;;;NO;OTC
BGLWW;NO;SI;NO;;;;SI;NASDAQ
LCAP;NO;SI;NO;;;;NO;BATS
ATCX;NO;SI;NO;;;;SI;NASDAQ
WTIU;NO;SI;NO;;;;NO;ARCA
KPLT;NO;SI;NO;;;;SI;NASDAQ
MMTM;NO;SI;NO;;;;NO;ARCA
CRDF;NO;SI;NO;;;;NO;NASDAQ
HLTH;NO;SI;NO;;;;NO;NASDAQ
HL.PRB;NO;SI;NO;;;;SI;NYSE
HKPD;NO;SI;NO;;;;SI;NASDAQ
CRDD;NO;SI;NO;;;;NO;BATS
ATCH;NO;SI;NO;;;;NO;AMEX
HKHHY;NO;SI;NO;;;;NO;OTC
HKD;NO;SI;NO;;;;NO;NYSE
HJUN;NO;SI;NO;;;;NO;BATS
MMTX;NO;SI;NO;;;;SI;NASDAQ
HJLY;NO;SI;NO;;;;NO;BATS
HIX;NO;SI;NO;;;;NO;NYSE
MODL;NO;SI;NO;;;;NO;NASDAQ
HIVE;NO;SI;NO;;;;NO;NASDAQ
HIT;NO;SI;NO;;;;NO;NASDAQ
HIPS;NO;SI;NO;;;;NO;ARCA
CRCO;NO;SI;NO;;;;NO;ARCA
MRCOU;NO;SI;NO;;;;SI;NASDAQ
MREO;NO;SI;NO;;;;NO;NASDAQ
ATC;NO;SI;NO;;;;NO;NASDAQ
MRLN;NO;SI;NO;;;;NO;NASDAQ
ASUP;NO;SI;NO;;;;NO;BATS
CRCG;NO;SI;NO;;;;NO;NASDAQ
HIO;NO;SI;NO;;;;NO;NYSE
HIMZ;NO;SI;NO;;;;NO;NASDAQ
ASTX;NO;SI;NO;;;;NO;BATS
AHT.PRD;NO;SI;NO;;;;SI;NYSE
HIMC;NO;SI;NO;;;;NO;BATS
ASTN;NO;SI;NO;;;;NO;BATS
ASTLW;NO;SI;NO;;;;SI;NASDAQ
CTS;NO;SI;SI;;;;NO;NYSE
AHRT.PRA;NO;SI;NO;;;;SI;NYSE
HIHO;NO;SI;NO;;;;SI;NASDAQ
CRCD;NO;SI;NO;;;;NO;BATS
HIGH;NO;SI;NO;;;;NO;ARCA
CRCA;NO;SI;NO;;;;NO;ARCA
HIG.PRG;NO;SI;NO;;;;SI;NYSE
AACG;NO;SI;NO;;;;SI;NASDAQ
AACBU;NO;SI;NO;;;;SI;NASDAQ
HIDV;NO;SI;NO;;;;NO;ARCA
HIDE;NO;SI;NO;;;;NO;NASDAQ
HIBS;NO;SI;NO;;;;NO;ARCA
GGTL;NO;SI;NO;;;;NO;ARCA
CRBN;NO;SI;NO;;;;NO;ARCA
COAG;NO;SI;NO;;;;SI;NASDAQ
HIBL;NO;SI;NO;;;;NO;ARCA
AHMA;NO;SI;NO;;;;SI;NASDAQ
HGRO;NO;SI;NO;;;;NO;ARCA
AHL.PRF;NO;SI;NO;;;;SI;NYSE
AHL.PRE;NO;SI;NO;;;;SI;NYSE
VKQ;NO;SI;NO;;;;NO;NYSE
HGER;NO;SI;NO;;;;NO;NYSE
CRAQU;NO;SI;NO;;;;SI;NASDAQ
ASTI;NO;SI;NO;;;;SI;NASDAQ
CRAQR;NO;SI;NO;;;;SI;NASDAQ
CRANU;NO;SI;NO;;;;SI;NASDAQ
CRANR;NO;SI;NO;;;;SI;NASDAQ
CRAN;NO;SI;NO;;;;SI;NASDAQ
ASTG;NO;SI;NO;;;;NO;BATS
ASTC;NO;SI;NO;;;;SI;NASDAQ
ASPSZ;NO;SI;NO;;;;SI;NASDAQ
SLND;NO;SI;NO;;;;NO;AMEX
CRAK;NO;SI;NO;;;;NO;ARCA
VWAVW;NO;SI;NO;;;;SI;NASDAQ
CRACW;NO;SI;NO;;;;SI;NASDAQ
HFXI;NO;SI;NO;;;;NO;ARCA
DLXY;NO;SI;NO;;;;SI;NASDAQ
CRACU;NO;SI;NO;;;;SI;NASDAQ
EDGX;NO;SI;NO;;;;NO;ARCA
CRACR;NO;SI;NO;;;;SI;NASDAQ
CRAC;NO;SI;NO;;;;SI;NASDAQ
CLPS;NO;SI;NO;;;;SI;NASDAQ
HFRO.PRB;NO;SI;NO;;;;SI;NYSE
SIHY;NO;SI;NO;;;;NO;ARCA
ASPSW;NO;SI;NO;;;;SI;NASDAQ
AHL.PRD;NO;SI;NO;;;;SI;NYSE
HFMF;NO;SI;NO;;;;NO;NYSE
CQTM;NO;SI;NO;;;;NO;BATS
HFGO;NO;SI;NO;;;;NO;BATS
HFGM;NO;SI;NO;;;;NO;NYSE
CQQQ;NO;SI;NO;;;;NO;ARCA
CPXR;NO;SI;NO;;;;NO;ARCA
ASPCR;NO;SI;NO;;;;SI;NASDAQ
AHD;NO;SI;NO;;;;NO;NASDAQ
HFEQ;NO;SI;NO;;;;NO;NYSE
HFBL;NO;SI;NO;;;;SI;NASDAQ
AACBR;NO;SI;NO;;;;SI;NASDAQ
CPTL;NO;SI;NO;;;;NO;NASDAQ
CPSY;NO;SI;NO;;;;NO;ARCA
CPSU;NO;SI;NO;;;;NO;ARCA
CPST;NO;SI;NO;;;;NO;ARCA
CPSO;NO;SI;NO;;;;NO;ARCA
CPSN;NO;SI;NO;;;;NO;ARCA
CPSM;NO;SI;NO;;;;NO;ARCA
ASPC;NO;SI;NO;;;;SI;NASDAQ
CPSL;NO;SI;NO;;;;NO;BATS
HERZ;NO;SI;NO;;;;NO;NASDAQ
HERO;NO;SI;NO;;;;NO;NASDAQ
ASMZ;NO;SI;NO;;;;NO;BATS
AGZD;NO;SI;NO;;;;NO;NASDAQ
CPRY;NO;SI;NO;;;;NO;ARCA
ASMH;NO;SI;NO;;;;NO;ARCA
HERE;NO;SI;NO;;;;SI;NASDAQ
AACB;NO;SI;NO;;;;SI;NASDAQ
HERD;NO;SI;NO;;;;NO;NASDAQ
CPRO;NO;SI;NO;;;;NO;ARCA
HEQQ;NO;SI;NO;;;;NO;NASDAQ
HENKY;NO;SI;NO;;;;NO;OTC
HEMI;NO;SI;NO;;;;NO;BATS
HELX;NO;SI;NO;;;;NO;BATS
HELS;NO;SI;NO;;;;NO;ARCA
HEI;NO;SI;SI;;;;NO;NYSE
ASMG;NO;SI;NO;;;;NO;NASDAQ
HEFT;NO;SI;NO;;;;NO;ARCA
HECO;NO;SI;NO;;;;NO;NASDAQ
ASMF;NO;SI;NO;;;;NO;ARCA
HECA;NO;SI;NO;;;;NO;ARCA
ASLV;NO;SI;NO;;;;NO;ARCA
HEAL;NO;SI;NO;;;;NO;NASDAQ
HDUS;NO;SI;NO;;;;NO;ARCA
XOP;NO;SI;NO;;;;NO;ARCA
AGZ;NO;SI;NO;;;;NO;ARCA
ASIA;NO;SI;NO;;;;NO;ARCA
HDMV;NO;SI;NO;;;;NO;ARCA
HDLB;NO;SI;NO;;;;NO;ARCA
ASHS;NO;SI;NO;;;;NO;ARCA
CPRJ;NO;SI;NO;;;;NO;ARCA
HDL;NO;SI;NO;;;;NO;NASDAQ
HDGE;NO;SI;NO;;;;NO;ARCA
CPRA;NO;SI;NO;;;;NO;ARCA
HDG;NO;SI;NO;;;;NO;ARCA
AGPU;NO;SI;NO;;;;SI;NASDAQ
CPOP;NO;SI;NO;;;;SI;NASDAQ
ATCL;NO;SI;NO;;;;NO;ARCA
ASHR;NO;SI;NO;;;;NO;ARCA
HCXY;NO;SI;NO;;;;SI;NYSE
HCWC;NO;SI;NO;;;;SI;AMEX
CPNX;NO;SI;NO;;;;NO;BATS
PSMMY;NO;SI;NO;;;;NO;OTC
ASGM;NO;SI;NO;;;;NO;ARCA
CPNS;NO;SI;NO;;;;NO;ARCA
HCWB;NO;SI;NO;;;;SI;NASDAQ
CPNQ;NO;SI;NO;;;;NO;ARCA
CPNM;NO;SI;NO;;;;NO;ARCA
HCTI;NO;SI;NO;;;;SI;NASDAQ
HCRB;NO;SI;NO;;;;NO;BATS
CPNJ;NO;SI;NO;;;;NO;ARCA
HCOW;NO;SI;NO;;;;NO;NASDAQ
ASGI;NO;SI;NO;;;;NO;NYSE
HCMT;NO;SI;NO;;;;NO;ARCA
CPLS;NO;SI;NO;;;;NO;NASDAQ
AGOX;NO;SI;NO;;;;NO;ARCA
HCMAW;NO;SI;NO;;;;SI;NASDAQ
HCMAU;NO;SI;NO;;;;SI;NASDAQ
IQHI;NO;SI;NO;;;;NO;ARCA
CPLB;NO;SI;NO;;;;NO;ARCA
HCMA;NO;SI;NO;;;;SI;NASDAQ
ASEC;NO;SI;NO;;;;NO;NASDAQ
CPII;NO;SI;NO;;;;NO;ARCA
ASD;NO;SI;NO;;;;NO;NASDAQ
HCM;NO;SI;NO;;;;NO;NASDAQ
HCICU;NO;SI;NO;;;;SI;NASDAQ
ASCE;NO;SI;NO;;;;NO;ARCA
CPHY;NO;SI;NO;;;;NO;NASDAQ
CPHC;NO;SI;NO;;;;SI;NASDAQ
CPAG;NO;SI;NO;;;;NO;NASDAQ
IPCX;NO;SI;NO;;;;SI;NASDAQ
HCICR;NO;SI;NO;;;;SI;NASDAQ
CORN;NO;SI;SI;;;;NO;ARCA
COZX;NO;SI;NO;;;;NO;BATS
AAC.U;NO;SI;NO;;;;SI;NYSE
COWS;NO;SI;NO;;;;NO;NASDAQ
ASBPW;NO;SI;NO;;;;SI;NASDAQ
MONDY;NO;SI;NO;;;;NO;OTC
COWG;NO;SI;NO;;;;NO;NASDAQ
COTG;NO;SI;NO;;;;NO;NASDAQ
ASBP;NO;SI;NO;;;;SI;NASDAQ
HCIC;NO;SI;NO;;;;SI;NASDAQ
HCAI;NO;SI;NO;;;;SI;NASDAQ
ASBA;NO;SI;NO;;;;SI;NYSE
HBTC;NO;SI;NO;;;;NO;BATS
DLMY;NO;SI;NO;;;;NO;BATS
HBR;NO;SI;NO;;;;NO;NASDAQ
HBNB;NO;SI;NO;;;;NO;NASDAQ
HBIL;NO;SI;NO;;;;NO;ARCA
COSW;NO;SI;NO;;;;NO;BATS
COSM;NO;SI;NO;;;;NO;NASDAQ
HBANZ;NO;SI;NO;;;;SI;NASDAQ
HBANP;NO;SI;NO;;;;SI;NASDAQ
CORZZ;NO;SI;NO;;;;SI;NASDAQ
AAAP;NO;SI;NO;;;;NO;NASDAQ
HBANM;NO;SI;NO;;;;SI;NASDAQ
HBANL;NO;SI;NO;;;;SI;NASDAQ
HAVAU;NO;SI;NO;;;;SI;NASDAQ
CORZW;NO;SI;NO;;;;SI;NASDAQ
ASB.PRF;NO;SI;NO;;;;SI;NYSE
CORP;NO;SI;NO;;;;NO;ARCA
CORO;NO;SI;NO;;;;NO;NASDAQ
HAVA;NO;SI;NO;;;;SI;NASDAQ
ASB.PRE;NO;SI;NO;;;;SI;NYSE
CORD;NO;SI;NO;;;;NO;BATS
ASAIY;NO;SI;NO;;;;NO;OTC
HAUG;NO;SI;NO;;;;NO;BATS
HARD;NO;SI;NO;;;;NO;ARCA
ARVR;NO;SI;NO;;;;NO;NASDAQ
HAPS;NO;SI;NO;;;;NO;ARCA
GRX;NO;SI;NO;;;;NO;NYSE
HAPI;NO;SI;NO;;;;NO;ARCA
ARTW;NO;SI;NO;;;;SI;NASDAQ
ARTNA;NO;SI;NO;;;;SI;NASDAQ
HAP;NO;SI;NO;;;;NO;ARCA
HAKY;NO;SI;NO;;;;NO;ARCA
HAIN;NO;SI;NO;;;;NO;NASDAQ
AAAD;NO;SI;NO;;;;NO;ARCA
COPZ;NO;SI;NO;;;;NO;ARCA
COPR.WS;NO;SI;NO;;;;SI;AMEX
COPR;NO;SI;NO;;;;SI;AMEX
AGNG;NO;SI;NO;;;;NO;NASDAQ
COPL.WS;NO;SI;NO;;;;SI;NYSE
ARTL;NO;SI;NO;;;;SI;NASDAQ
HAIL;NO;SI;NO;;;;NO;ARCA
AAA;NO;SI;NO;;;;NO;ARCA
HACQW;NO;SI;NO;;;;SI;NASDAQ
COPL.U;NO;SI;NO;;;;SI;NYSE
ARTCW;NO;SI;NO;;;;SI;NASDAQ
HACQU;NO;SI;NO;;;;SI;NASDAQ
HACQ;NO;SI;NO;;;;SI;NASDAQ
NUE;NO;SI;SI;;;;NO;NYSE
RH;NO;SI;SI;;;;NO;NYSE
GYRO;NO;SI;NO;;;;SI;NASDAQ
COPL;NO;SI;NO;;;;SI;NYSE
AGNCZ;NO;SI;NO;;;;SI;NASDAQ
GYLD;NO;SI;NO;;;;NO;NYSE
GXUS;NO;SI;NO;;;;NO;ARCA
COPA;NO;SI;NO;;;;NO;BATS
GXPT;NO;SI;NO;;;;NO;ARCA
GXPS;NO;SI;NO;;;;NO;ARCA
COOTW;NO;SI;NO;;;;SI;NASDAQ
ARTC;NO;SI;NO;;;;SI;NASDAQ
SLSN;NO;SI;SI;;;;NO;NASDAQ
ARR.PRC;NO;SI;NO;;;;SI;NYSE
GXPE;NO;SI;NO;;;;NO;ARCA
GXPD;NO;SI;NO;;;;NO;ARCA
GXPC;NO;SI;NO;;;;NO;ARCA
FOPC;NO;SI;NO;;;;NO;ARCA
DSS;NO;SI;NO;;;;SI;AMEX
ARQQW;NO;SI;NO;;;;SI;NASDAQ
ARQQ;NO;SI;NO;;;;SI;NASDAQ
GXIG;NO;SI;NO;;;;NO;ARCA
COOT;NO;SI;NO;;;;SI;NASDAQ
GXDW;NO;SI;NO;;;;NO;NASDAQ
GWH;NO;SI;NO;;;;SI;NYSE
GWAV;NO;SI;NO;;;;SI;NASDAQ
JOB;NO;SI;NO;;;;NO;AMEX
SABA;NO;SI;SI;;;;NO;NYSE
HUBS;NO;SI;SI;;;;NO;NYSE
GVLE;NO;SI;NO;;;;NO;NASDAQ
GVIP;NO;SI;NO;;;;NO;ARCA
COOL;NO;SI;NO;;;;NO;NASDAQ
COOK;NO;SI;NO;;;;SI;NYSE
EMN;NO;SI;SI;;;;NO;NYSE
GVH;NO;SI;NO;;;;SI;NASDAQ
AOMD;NO;SI;NO;;;;SI;NYSE
CONX;NO;SI;NO;;;;NO;NASDAQ
CONI;NO;SI;NO;;;;NO;NASDAQ
COHN;NO;SI;SI;;;;SI;AMEX
GUTS;NO;SI;NO;;;;NO;NASDAQ
GUT.PRC;NO;SI;NO;;;;SI;NYSE
COMT;NO;SI;NO;;;;NO;NASDAQ
AZTR;NO;SI;NO;;;;NO;AMEX
COMD;NO;SI;NO;;;;NO;BATS
COMB;NO;SI;NO;;;;NO;ARCA
GUT;NO;SI;NO;;;;NO;NYSE
BAFE;NO;SI;NO;;;;NO;NASDAQ
COLAU;NO;SI;NO;;;;SI;NASDAQ
GUSH;NO;SI;NO;;;;NO;ARCA
COLAR;NO;SI;NO;;;;SI;NASDAQ
GUSE;NO;SI;NO;;;;NO;NASDAQ
FDAT;NO;SI;NO;;;;NO;ARCA
FACTW;NO;SI;NO;;;;SI;NASDAQ
BNDI;NO;SI;NO;;;;NO;ARCA
ARP;NO;SI;NO;;;;NO;ARCA
GUSA;NO;SI;NO;;;;NO;ARCA
GURU;NO;SI;NO;;;;NO;ARCA
GURE;NO;SI;NO;;;;SI;NASDAQ
GUMI;NO;SI;NO;;;;NO;ARCA
AROW;NO;SI;NO;;;;NO;NASDAQ
GUG;NO;SI;NO;;;;NO;NYSE
ARMY;NO;SI;NO;;;;NO;NASDAQ
GUACW;NO;SI;NO;;;;SI;NASDAQ
GUACU;NO;SI;NO;;;;SI;NASDAQ
GUAC;NO;SI;NO;;;;SI;NASDAQ
AGNCP;NO;SI;NO;;;;SI;NASDAQ
DUTY;NO;SI;NO;;;;NO;ARCA
ARMW;NO;SI;NO;;;;NO;BATS
GTR;NO;SI;NO;;;;NO;NASDAQ
GTPE;NO;SI;NO;;;;NO;NASDAQ
GTOS;NO;SI;NO;;;;NO;BATS
GTOQ;NO;SI;NO;;;;NO;NASDAQ
AGNCO;NO;SI;NO;;;;SI;NASDAQ
ARMS;NO;SI;NO;;;;NO;ARCA
GTOP;NO;SI;NO;;;;NO;NASDAQ
COLA;NO;SI;NO;;;;SI;NASDAQ
GTOH;NO;SI;NO;;;;NO;BATS
COIW;NO;SI;NO;;;;NO;BATS
ARMG;NO;SI;NO;;;;NO;NASDAQ
ARLU;NO;SI;NO;;;;NO;BATS
COIG;NO;SI;NO;;;;NO;NASDAQ
ARLP;NO;SI;NO;;;;NO;NASDAQ
COHX;NO;SI;NO;;;;NO;BATS
GTN.A;NO;SI;NO;;;;SI;NYSE
EVHY;NO;SI;NO;;;;NO;ARCA
GTIP;NO;SI;NO;;;;NO;BATS
COHH;NO;SI;NO;;;;NO;BATS
COHC;NO;SI;NO;;;;NO;BATS
COF.PRN;NO;SI;NO;;;;SI;NYSE
GTIM;NO;SI;NO;;;;SI;NASDAQ
GTERU;NO;SI;NO;;;;SI;NASDAQ
GTERR;NO;SI;NO;;;;SI;NASDAQ
COF.PRL;NO;SI;NO;;;;SI;NYSE
AGNCN;NO;SI;NO;;;;SI;NASDAQ
GTERA;NO;SI;NO;;;;SI;NASDAQ
GTENW;NO;SI;NO;;;;SI;NASDAQ
COF.PRK;NO;SI;NO;;;;SI;NYSE
GTENU;NO;SI;NO;;;;SI;NASDAQ
GTEN;NO;SI;NO;;;;SI;NASDAQ
GTEC;NO;SI;NO;;;;SI;NASDAQ
GTBP;NO;SI;NO;;;;SI;NASDAQ
GSUS;NO;SI;NO;;;;NO;BATS
GSUN;NO;SI;NO;;;;SI;NASDAQ
GSSC;NO;SI;NO;;;;NO;ARCA
GSRVU;NO;SI;NO;;;;SI;NASDAQ
AKRE;NO;SI;SI;;;;NO;ARCA
AVUS;NO;SI;SI;;;;NO;ARCA
MNSX;NO;SI;NO;;;;NO;BATS
COF.PRJ;NO;SI;NO;;;;SI;NYSE
COF.PRI;NO;SI;NO;;;;SI;NYSE
COE;NO;SI;NO;;;;SI;AMEX
ASMIY;NO;SI;NO;;;;NO;OTC
MSBT;NO;SI;NO;;;;NO;ARCA
GSRVR;NO;SI;NO;;;;SI;NASDAQ
GSRV;NO;SI;NO;;;;SI;NASDAQ
GSRFU;NO;SI;NO;;;;SI;NASDAQ
GSRFR;NO;SI;NO;;;;SI;NASDAQ
GSRF;NO;SI;NO;;;;SI;NASDAQ
GSPY;NO;SI;NO;;;;NO;ARCA
APCB;NO;SI;NO;;;;NO;ARCA
CODX;NO;SI;NO;;;;SI;NASDAQ
GSOL;NO;SI;NO;;;;NO;ARCA
GSL.PRB;NO;SI;NO;;;;SI;NYSE
TPOR;NO;SI;NO;;;;NO;ARCA
CODI.PRC;NO;SI;NO;;;;SI;NYSE
CODI.PRB;NO;SI;NO;;;;SI;NYSE
ARLI;NO;SI;NO;;;;NO;BATS
GSJY;NO;SI;NO;;;;NO;ARCA
ARKI;NO;SI;NO;;;;NO;BATS
CODI.PRA;NO;SI;NO;;;;SI;NYSE
ARKG;NO;SI;NO;;;;NO;BATS
DEEF;NO;SI;NO;;;;NO;ARCA
GSIW;NO;SI;NO;;;;SI;NASDAQ
DINT;NO;SI;NO;;;;NO;BATS
DOJE;NO;SI;NO;;;;NO;BATS
CODA;NO;SI;NO;;;;SI;NASDAQ
GSID;NO;SI;NO;;;;NO;BATS
COCP;NO;SI;NO;;;;SI;NASDAQ
COCH;NO;SI;NO;;;;NO;NASDAQ
DTCX;NO;SI;NO;;;;SI;NASDAQ
CNYA;NO;SI;NO;;;;NO;BATS
ESLAW;NO;SI;NO;;;;SI;NASDAQ
IRAB;NO;SI;NO;;;;SI;NYSE
GSIB;NO;SI;NO;;;;NO;NASDAQ
HCI;NO;SI;SI;;;;NO;NYSE
CNXU;NO;SI;NO;;;;SI;NASDAQ
LEGO;NO;SI;NO;;;;SI;AMEX
GSHRW;NO;SI;NO;;;;SI;NASDAQ
EWJ;NO;SI;SI;;;;NO;ARCA
FSBC;NO;SI;SI;;;;NO;NASDAQ
GSHRU;NO;SI;NO;;;;SI;NASDAQ
GSHR;NO;SI;NO;;;;SI;NASDAQ
GSEP;NO;SI;NO;;;;NO;BATS
GSEE;NO;SI;NO;;;;NO;BATS
CNXT;NO;SI;NO;;;;NO;ARCA
GSBD;NO;SI;NO;;;;NO;NYSE
LYLD;NO;SI;NO;;;;NO;BATS
MCGAW;NO;SI;NO;;;;SI;NASDAQ
GS.PRC;NO;SI;NO;;;;SI;NYSE
CNTX;NO;SI;NO;;;;NO;NASDAQ
NCLO;NO;SI;NO;;;;NO;ARCA
GS.PRA;NO;SI;NO;;;;SI;NYSE
CNTN;NO;SI;NO;;;;NO;NASDAQ
GRVY;NO;SI;NO;;;;SI;NASDAQ
CNSY;NO;SI;NO;;;;SI;NASDAQ
DISK;NO;SI;NO;;;;NO;ARCA
GRRRW;NO;SI;NO;;;;SI;NASDAQ
GRRR;NO;SI;NO;;;;SI;NASDAQ
CNSP;NO;SI;NO;;;;SI;NASDAQ
CNRG;NO;SI;NO;;;;NO;ARCA
CNQQ;NO;SI;NO;;;;NO;NASDAQ
CNOBP;NO;SI;NO;;;;SI;NASDAQ
GRPZ;NO;SI;NO;;;;NO;ARCA
GROY.WS;NO;SI;NO;;;;SI;AMEX
GROV;NO;SI;NO;;;;SI;NYSE
UOVEY;NO;SI;NO;;;;NO;OTC
TEXX;NO;SI;NO;;;;NO;NASDAQ
GRNI;NO;SI;NO;;;;NO;ARCA
CVNY;NO;SI;NO;;;;NO;ARCA
CNO.PRA;NO;SI;NO;;;;SI;NYSE
CNL;NO;SI;NO;;;;NO;NASDAQ
GRMN;NO;SI;SI;;;;NO;NYSE
TRPA;NO;SI;NO;;;;NO;BATS
GRNB;NO;SI;NO;;;;NO;ARCA
GRN;NO;SI;NO;;;;NO;ARCA
WFC.PRY;NO;SI;NO;;;;SI;NYSE
CNF;NO;SI;NO;;;;SI;NYSE
UNOV;NO;SI;NO;;;;NO;BATS
GRMLW;NO;SI;NO;;;;SI;NASDAQ
PPLC;NO;SI;NO;;;;SI;NYSE
GRML;NO;SI;NO;;;;NO;NASDAQ
PTIN;NO;SI;NO;;;;NO;ARCA
GRIN;NO;SI;NO;;;;NO;NASDAQ
GRI;NO;SI;NO;;;;SI;NASDAQ
GRF;NO;SI;NO;;;;NO;AMEX
ARKD;NO;SI;NO;;;;NO;BATS
AREC;NO;SI;NO;;;;NO;NASDAQ
GREEL;NO;SI;NO;;;;SI;NASDAQ
GRDX;NO;SI;NO;;;;SI;NASDAQ
ARCP;NO;SI;NO;;;;NO;ARCA
CNEY;NO;SI;NO;;;;SI;NASDAQ
ARCM;NO;SI;NO;;;;NO;BATS
ARCLW;NO;SI;NO;;;;SI;NASDAQ
ARCLU;NO;SI;NO;;;;SI;NASDAQ
GRCE;NO;SI;NO;;;;SI;NASDAQ
DBEU;NO;SI;NO;;;;NO;ARCA
DHX;NO;SI;NO;;;;SI;NYSE
GRBK.PRA;NO;SI;NO;;;;SI;NYSE
COAL;NO;SI;NO;;;;NO;ARCA
CMS.PRB;NO;SI;NO;;;;SI;NYSE
CNET;NO;SI;NO;;;;SI;NASDAQ
AGNCM;NO;SI;NO;;;;SI;NASDAQ
GRAN;NO;SI;NO;;;;SI;NASDAQ
HPS;NO;SI;SI;;;;NO;NYSE
IEX;NO;SI;SI;;;;NO;NYSE
CNEQ;NO;SI;NO;;;;NO;ARCA
GQQQ;NO;SI;NO;;;;NO;NASDAQ
ARCL;NO;SI;NO;;;;SI;NASDAQ
ARCIW;NO;SI;NO;;;;SI;NASDAQ
ARCI;NO;SI;NO;;;;SI;NASDAQ
GPZ;NO;SI;NO;;;;NO;ARCA
CNCKW;NO;SI;NO;;;;SI;NASDAQ
LPTH;NO;SI;SI;;;;NO;NASDAQ
ARCC;NO;SI;NO;;;;NO;NASDAQ
GPUS;NO;SI;NO;;;;NO;AMEX
ARBK;NO;SI;NO;;;;SI;NASDAQ
FVAV;NO;SI;NO;;;;SI;NASDAQ
CMRE;NO;SI;SI;;;;NO;NYSE
GDL;NO;SI;NO;;;;NO;NYSE
IMPUY;NO;SI;NO;;;;NO;OTC
IMTB;NO;SI;NO;;;;NO;ARCA
THKLY;NO;SI;NO;;;;NO;OTC
ARBB;NO;SI;NO;;;;SI;NASDAQ
GPT;NO;SI;NO;;;;NO;NASDAQ
MZTI;NO;SI;SI;;;;NO;NASDAQ
GPMT.PRA;NO;SI;NO;;;;SI;NYSE
ARB;NO;SI;NO;;;;NO;ARCA
NOV;NO;SI;SI;;;;NO;NYSE
GPMT;NO;SI;NO;;;;NO;NYSE
GPJA;NO;SI;NO;;;;SI;NYSE
ARAI;NO;SI;NO;;;;NO;NASDAQ
CNCK;NO;SI;NO;;;;NO;NASDAQ
LTGRU;NO;SI;NO;;;;SI;NASDAQ
AGNCL;NO;SI;NO;;;;SI;NASDAQ
CNAV;NO;SI;NO;;;;NO;BATS
GPATW;NO;SI;NO;;;;SI;NASDAQ
CMWAY;NO;SI;NO;;;;NO;OTC
CMSD;NO;SI;NO;;;;SI;NYSE
GPAT;NO;SI;NO;;;;SI;NASDAQ
AQWA;NO;SI;NO;;;;NO;NASDAQ
CMSC;NO;SI;NO;;;;SI;NYSE
AQNB;NO;SI;NO;;;;SI;NYSE
GPACU;NO;SI;NO;;;;SI;NASDAQ
CMS.PRC;NO;SI;NO;;;;SI;NYSE
AQMS;NO;SI;NO;;;;SI;NASDAQ
GPAC;NO;SI;NO;;;;SI;NASDAQ
AQLT;NO;SI;NO;;;;NO;BATS
GP;NO;SI;NO;;;;SI;NASDAQ
AQLG;NO;SI;NO;;;;NO;NASDAQ
PSNL;NO;SI;SI;;;;NO;NASDAQ
GOVX;NO;SI;NO;;;;SI;NASDAQ
RNST;NO;SI;SI;;;;NO;NYSE
CMRE.PRD;NO;SI;NO;;;;SI;NYSE
AQEC;NO;SI;NO;;;;NO;BATS
AQB;NO;SI;NO;;;;SI;NASDAQ
GOVM;NO;SI;NO;;;;NO;BATS
GOVI;NO;SI;NO;;;;NO;NASDAQ
GOU;NO;SI;NO;;;;NO;NASDAQ
GOSS;NO;SI;NO;;;;NO;NASDAQ
GORO;NO;SI;NO;;;;NO;AMEX
SSUS;NO;SI;NO;;;;NO;ARCA
GOP;NO;SI;NO;;;;NO;BATS
GOOY;NO;SI;NO;;;;NO;ARCA
CMRE.PRC;NO;SI;NO;;;;SI;NYSE
CMRE.PRB;NO;SI;NO;;;;SI;NYSE
GOOW;NO;SI;NO;;;;NO;BATS
GOOP;NO;SI;NO;;;;NO;BATS
CMBT;NO;SI;SI;;;;NO;NYSE
APXTW;NO;SI;NO;;;;SI;NASDAQ
GOOGN;NO;SI;NO;;;;SI;NASDAQ
CMMB;NO;SI;NO;;;;SI;NASDAQ
GOODO;NO;SI;NO;;;;SI;NASDAQ
CMIIW;NO;SI;NO;;;;SI;NASDAQ
CMIIU;NO;SI;NO;;;;SI;NASDAQ
APXTU;NO;SI;NO;;;;SI;NASDAQ
GOODN;NO;SI;NO;;;;SI;NASDAQ
GOLS;NO;SI;NO;;;;NO;ARCA
GOLI;NO;SI;NO;;;;NO;NASDAQ
GOIB;NO;SI;NO;;;;NO;BATS
GOGL;NO;SI;NO;;;;NO;BATS
APXM;NO;SI;NO;;;;NO;BATS
CMII;NO;SI;NO;;;;SI;NASDAQ
GOCT;NO;SI;NO;;;;NO;BATS
GNT.PRA;NO;SI;NO;;;;SI;NYSE
CMF;NO;SI;NO;;;;NO;ARCA
GNT;NO;SI;NO;;;;NO;NYSE
GNOV;NO;SI;NO;;;;NO;BATS
APUS;NO;SI;NO;;;;SI;AMEX
CMDY;NO;SI;NO;;;;NO;ARCA
SHEN;NO;SI;SI;;;;NO;NASDAQ
GNOM;NO;SI;NO;;;;NO;NASDAQ
GNLN;NO;SI;NO;;;;SI;NASDAQ
MRGR;NO;SI;NO;;;;NO;BATS
APUR;NO;SI;NO;;;;SI;NASDAQ
GNL.PRE;NO;SI;NO;;;;SI;NYSE
GNL.PRD;NO;SI;NO;;;;SI;NYSE
NVA;NO;SI;NO;;;;SI;AMEX
CMDT;NO;SI;NO;;;;NO;ARCA
APUE;NO;SI;NO;;;;NO;ARCA
GNL.PRB;NO;SI;NO;;;;SI;NYSE
GNL.PRA;NO;SI;NO;;;;SI;NYSE
APRZ;NO;SI;NO;;;;NO;BATS
SLI;NO;SI;SI;;;;NO;AMEX
APRW;NO;SI;NO;;;;NO;BATS
TLN;NO;SI;SI;;;;NO;NASDAQ
APRT;NO;SI;NO;;;;NO;BATS
GMVHY;NO;SI;NO;;;;NO;OTC
GMTL;NO;SI;NO;;;;SI;AMEX
APRP;NO;SI;NO;;;;NO;BATS
CMCT;NO;SI;NO;;;;NO;NASDAQ
BEMD;NO;SI;NO;;;;NO;BATS
IEAGU;NO;SI;NO;;;;SI;NASDAQ
AGMH;NO;SI;NO;;;;SI;NASDAQ
GMOV;NO;SI;NO;;;;NO;ARCA
GMOI;NO;SI;NO;;;;NO;ARCA
GMOD;NO;SI;NO;;;;NO;ARCA
CMCM;NO;SI;NO;;;;SI;NYSE
GMOC;NO;SI;NO;;;;NO;ARCA
GMNY;NO;SI;NO;;;;NO;ARCA
CMCI;NO;SI;NO;;;;NO;BATS
GMMA;NO;SI;NO;;;;NO;ARCA
FLAO;NO;SI;NO;;;;NO;BATS
DRAY;NO;SI;NO;;;;NO;ARCA
GMM;NO;SI;NO;;;;SI;NASDAQ
CMBO;NO;SI;NO;;;;NO;NASDAQ
APRJ;NO;SI;NO;;;;NO;BATS
GMHS;NO;SI;NO;;;;SI;NASDAQ
CMAY;NO;SI;NO;;;;NO;BATS
GMEY;NO;SI;NO;;;;NO;ARCA
CLWT;NO;SI;NO;;;;SI;NASDAQ
APRH;NO;SI;NO;;;;NO;BATS
GMEX;NO;SI;NO;;;;SI;NASDAQ
GMEU;NO;SI;NO;;;;NO;BATS
SGHT;NO;SI;SI;;;;NO;NASDAQ
GMEC;NO;SI;NO;;;;NO;BATS
GME.WS;NO;SI;NO;;;;SI;NYSE
APRE;NO;SI;NO;;;;SI;NASDAQ
CLSX;NO;SI;NO;;;;NO;BATS
APRB;NO;SI;NO;;;;NO;BATS
APPC;NO;SI;NO;;;;NO;BATS
GMAY;NO;SI;NO;;;;NO;BATS
CLSM;NO;SI;NO;;;;NO;NASDAQ
GMAR;NO;SI;NO;;;;NO;BATS
APOS;NO;SI;NO;;;;SI;NYSE
GLXU;NO;SI;NO;;;;NO;BATS
CLSKW;NO;SI;NO;;;;SI;NASDAQ
CLRO;NO;SI;NO;;;;SI;NASDAQ
AGMB;NO;SI;NO;;;;SI;NASDAQ
UNP;NO;SI;SI;;;;NO;NYSE
GLXG;NO;SI;NO;;;;SI;NASDAQ
GLX;NO;SI;NO;;;;NO;BATS
GLWG;NO;SI;NO;;;;NO;NASDAQ
GLU;NO;SI;NO;;;;NO;AMEX
GLNG;NO;SI;SI;;;;NO;NASDAQ
CLRB;NO;SI;NO;;;;SI;NASDAQ
GLSI;NO;SI;NO;;;;SI;NASDAQ
AGM.PRI;NO;SI;NO;;;;SI;NYSE
CLH;NO;SI;SI;;;;NO;NYSE
APOC;NO;SI;NO;;;;NO;BATS
FDS;NO;SI;SI;;;;NO;NYSE
GLQ;NO;SI;NO;;;;NO;AMEX
GLOW;NO;SI;NO;;;;NO;NASDAQ
BARK;NO;SI;SI;;;;SI;NYSE
GLOP.PRB;NO;SI;NO;;;;SI;NYSE
CLOZ;NO;SI;NO;;;;NO;ARCA
CLOX;NO;SI;NO;;;;NO;ARCA
CLOU;NO;SI;NO;;;;NO;NASDAQ
APMU;NO;SI;NO;;;;NO;ARCA
BKKT;NO;SI;NO;;;;NO;NYSE
GLOP.PRA;NO;SI;NO;;;;SI;NYSE
GLOO;NO;SI;NO;;;;SI;NASDAQ
GLL;NO;SI;NO;;;;NO;ARCA
CLOO;NO;SI;NO;;;;NO;ARCA
GLIX;NO;SI;NO;;;;NO;ARCA
CLOD;NO;SI;NO;;;;NO;NASDAQ
GLIN;NO;SI;NO;;;;NO;ARCA
BIBL;NO;SI;NO;;;;NO;ARCA
CLOC;NO;SI;NO;;;;NO;ARCA
GVI;NO;SI;NO;;;;NO;BATS
BFIX;NO;SI;NO;;;;NO;ARCA
CLOB;NO;SI;NO;;;;NO;ARCA
GLGG;NO;SI;NO;;;;NO;NASDAQ
JDIV;NO;SI;NO;;;;NO;ARCA
GLED.U;NO;SI;NO;;;;SI;NYSE
MSS;NO;SI;NO;;;;SI;NASDAQ
GLED.RT;NO;SI;NO;;;;SI;NYSE
SOR;NO;SI;NO;;;;NO;NYSE
CLNN;NO;SI;NO;;;;SI;NASDAQ
APMI;NO;SI;NO;;;;NO;BATS
GLED;NO;SI;NO;;;;SI;NYSE
APMCU;NO;SI;NO;;;;SI;NASDAQ
GLE;NO;SI;NO;;;;SI;NASDAQ
GLDI;NO;SI;NO;;;;NO;NASDAQ
GLCR;NO;SI;NO;;;;NO;NASDAQ
CLMT;NO;SI;NO;;;;NO;NASDAQ
GLBS;NO;SI;NO;;;;SI;NASDAQ
APMCR;NO;SI;NO;;;;SI;NASDAQ
GLBL;NO;SI;NO;;;;NO;BATS
GLAM;NO;SI;NO;;;;NO;BATS
BABW;NO;SI;NO;;;;NO;BATS
EQR;NO;SI;SI;;;;SI;NYSE
APMC;NO;SI;NO;;;;SI;NASDAQ
GL.PRD;NO;SI;NO;;;;SI;NYSE
CLM;NO;SI;NO;;;;NO;AMEX
CLIM;NO;SI;NO;;;;NO;ARCA
CLIK;NO;SI;NO;;;;SI;NASDAQ
ICL;NO;SI;NO;;;;NO;NYSE
GIWWU;NO;SI;NO;;;;SI;NASDAQ
GKAT;NO;SI;NO;;;;NO;NASDAQ
GJUN;NO;SI;NO;;;;NO;BATS
GJT;NO;SI;NO;;;;SI;NYSE
GVUS;NO;SI;NO;;;;NO;ARCA
CLGN;NO;SI;NO;;;;SI;NASDAQ
AGM.PRF;NO;SI;NO;;;;SI;NYSE
APLZ;NO;SI;NO;;;;NO;BATS
EDPFY;NO;SI;NO;;;;NO;OTC
GJS;NO;SI;NO;;;;SI;NYSE
GJR;NO;SI;NO;;;;SI;NYSE
ZVOL;NO;SI;NO;;;;NO;BATS
CLDT.PRA;NO;SI;NO;;;;SI;NYSE
AGM.PRE;NO;SI;NO;;;;SI;NYSE
CLDI;NO;SI;NO;;;;SI;AMEX
CLCG;NO;SI;NO;;;;NO;ARCA
CLBR.WS;NO;SI;NO;;;;SI;NYSE
APLY;NO;SI;NO;;;;NO;ARCA
APLX;NO;SI;NO;;;;NO;BATS
GJP;NO;SI;NO;;;;SI;NYSE
CMAG;NO;SI;NO;;;;NO;BATS
GJO;NO;SI;NO;;;;SI;NYSE
GIXXU;NO;SI;NO;;;;SI;NASDAQ
GIXXR;NO;SI;NO;;;;SI;NASDAQ
JBFCY;NO;SI;NO;;;;NO;OTC
APLU;NO;SI;NO;;;;NO;ARCA
CLBR.U;NO;SI;NO;;;;SI;NYSE
AGM.PRD;NO;SI;NO;;;;SI;NYSE
APLMW;NO;SI;NO;;;;SI;NASDAQ
CLBR;NO;SI;NO;;;;SI;NYSE
XRPZ;NO;SI;NO;;;;NO;ARCA
GIX;NO;SI;NO;;;;SI;NASDAQ
CJUN;NO;SI;NO;;;;NO;BATS
CJUL;NO;SI;NO;;;;NO;BATS
BRNS;NO;SI;NO;;;;SI;NASDAQ
GIW;NO;SI;NO;;;;SI;NASDAQ
JUSA;NO;SI;NO;;;;NO;ARCA
KAPA;NO;SI;NO;;;;SI;AMEX
APLM;NO;SI;NO;;;;SI;NASDAQ
API;NO;SI;NO;;;;NO;NASDAQ
GITS;NO;SI;NO;;;;SI;NASDAQ
GIPR;NO;SI;NO;;;;SI;NASDAQ
ARBE;NO;SI;NO;;;;NO;NASDAQ
CJMB;NO;SI;NO;;;;SI;NASDAQ
GINN;NO;SI;NO;;;;NO;ARCA
GIND;NO;SI;NO;;;;NO;NASDAQ
AGM.A;NO;SI;NO;;;;SI;NYSE
APHU;NO;SI;NO;;;;NO;BATS
GINC;NO;SI;NO;;;;NO;ARCA
GIGM;NO;SI;NO;;;;SI;NASDAQ
GIGL;NO;SI;NO;;;;NO;ARCA
APDB;NO;SI;NO;;;;NO;BATS
GIGB;NO;SI;NO;;;;NO;ARCA
CJEWY;NO;SI;NO;;;;NO;OTC
HCHL;NO;SI;NO;;;;SI;NASDAQ
GIFT;NO;SI;NO;;;;SI;NASDAQ
GIEQ;NO;SI;NO;;;;NO;NASDAQ
GIBOW;NO;SI;NO;;;;SI;NASDAQ
GIBO;NO;SI;NO;;;;SI;NASDAQ
GIAX;NO;SI;NO;;;;NO;ARCA
GHYG;NO;SI;NO;;;;NO;BATS
CIVG;NO;SI;NO;;;;NO;BATS
BURL;NO;SI;SI;;;;NO;NYSE
GHXI;NO;SI;NO;;;;SI;NASDAQ
GHI;NO;SI;NO;;;;SI;NYSE
GHG;NO;SI;NO;;;;NO;NYSE
DKS;NO;SI;SI;;;;NO;NYSE
GGUS;NO;SI;NO;;;;NO;ARCA
CISO;NO;SI;NO;;;;SI;NASDAQ
GGT.PRG;NO;SI;NO;;;;SI;NYSE
GGT.PRE;NO;SI;NO;;;;SI;NYSE
GGRP;NO;SI;NO;;;;SI;NASDAQ
CIRC;NO;SI;NO;;;;NO;NASDAQ
GENC;NO;SI;NO;;;;SI;AMEX
GNS;NO;SI;NO;;;;NO;AMEX
CIR;NO;SI;NO;;;;NO;BATS
CINGW;NO;SI;NO;;;;SI;NASDAQ
CING;NO;SI;NO;;;;SI;NASDAQ
IYLD;NO;SI;NO;;;;NO;BATS
GGROW;NO;SI;NO;;;;SI;NASDAQ
FTIF;NO;SI;NO;;;;NO;ARCA
JFLI;NO;SI;NO;;;;NO;ARCA
JUCY;NO;SI;NO;;;;NO;BATS
CIMO;NO;SI;NO;;;;SI;NYSE
GGR;NO;SI;NO;;;;SI;NASDAQ
MRSH;NO;SI;SI;;;;NO;NYSE
SBXE;NO;SI;NO;;;;SI;NYSE
GGOV;NO;SI;NO;;;;NO;ARCA
REA;NO;SI;NO;;;;SI;AMEX
GGME;NO;SI;NO;;;;NO;ARCA
SGIOY;NO;SI;NO;;;;NO;OTC
APACU;NO;SI;NO;;;;SI;NASDAQ
GGM;NO;SI;NO;;;;NO;ARCA
GGLS;NO;SI;NO;;;;NO;NASDAQ
GGLL;NO;SI;NO;;;;NO;NASDAQ
PMAU;NO;SI;NO;;;;NO;BATS
QUBT;NO;SI;NO;;;;NO;NASDAQ
APACR;NO;SI;NO;;;;SI;NASDAQ
CIM.PRD;NO;SI;NO;;;;SI;NYSE
RIME;NO;SI;NO;;;;SI;NASDAQ
SATLW;NO;SI;NO;;;;SI;NASDAQ
GFUZW;NO;SI;NO;;;;SI;NASDAQ
GFUZ;NO;SI;NO;;;;NO;NASDAQ
GFLW;NO;SI;NO;;;;NO;NASDAQ
SITX;NO;SI;NO;;;;NO;BATS
GFGF;NO;SI;NO;;;;NO;NASDAQ
APAC;NO;SI;NO;;;;SI;NASDAQ
CIM.PRA;NO;SI;NO;;;;SI;NYSE
GFEB;NO;SI;NO;;;;NO;BATS
VALU;NO;SI;SI;;;;SI;NASDAQ
SPCL;NO;SI;NO;;;;NO;BATS
CIK;NO;SI;NO;;;;NO;AMEX
TOS;NO;SI;NO;;;;NO;BATS
HWO;NO;SI;NO;;;;NO;NASDAQ
USMF;NO;SI;NO;;;;NO;BATS
GFAIW;NO;SI;NO;;;;SI;NASDAQ
CIIT;NO;SI;NO;;;;SI;NASDAQ
CII;NO;SI;NO;;;;NO;NYSE
CIHKY;NO;SI;NO;;;;NO;OTC
VTC;NO;SI;SI;;;;NO;NASDAQ
GFAI;NO;SI;NO;;;;NO;NASDAQ
CIGL;NO;SI;NO;;;;NO;NASDAQ
TPUT;NO;SI;NO;;;;NO;ARCA
CIG.C;NO;SI;NO;;;;NO;NYSE
AOTS;NO;SI;NO;;;;NO;ARCA
CIFU;NO;SI;NO;;;;NO;BATS
GEW;NO;SI;NO;;;;NO;NASDAQ
AOTG;NO;SI;NO;;;;NO;NASDAQ
GEVX;NO;SI;NO;;;;NO;BATS
CIFG;NO;SI;NO;;;;NO;NASDAQ
GEVG;NO;SI;NO;;;;NO;NASDAQ
GEVC;NO;SI;NO;;;;NO;BATS
UMCU;NO;SI;NO;;;;NO;BATS
GEQ;NO;SI;NO;;;;NO;NASDAQ
GENZ;NO;SI;NO;;;;NO;NASDAQ
USEW;NO;SI;NO;;;;NO;BATS
GENVR;NO;SI;NO;;;;SI;NASDAQ
VACI;NO;SI;NO;;;;SI;NYSE
VIOT;NO;SI;NO;;;;SI;NASDAQ
CIEX;NO;SI;NO;;;;NO;BATS
GENT;NO;SI;NO;;;;NO;ARCA
GENM;NO;SI;NO;;;;NO;ARCA
GENB;NO;SI;NO;;;;NO;NASDAQ
MAYW;NO;SI;NO;;;;NO;BATS
DMAA;NO;SI;NO;;;;SI;NASDAQ
GEMG;NO;SI;NO;;;;NO;NASDAQ
GEME;NO;SI;NO;;;;NO;NASDAQ
CETY;NO;SI;NO;;;;SI;NASDAQ
TWN;NO;SI;NO;;;;NO;NYSE
GEMD;NO;SI;NO;;;;NO;BATS
CIEI;NO;SI;NO;;;;NO;BATS
GEM;NO;SI;NO;;;;NO;ARCA
GELS;NO;SI;NO;;;;SI;NASDAQ
YXI;NO;SI;NO;;;;NO;ARCA
GEL;NO;SI;NO;;;;SI;NYSE
GEHDY;NO;SI;NO;;;;NO;OTC
GEGGL;NO;SI;NO;;;;SI;NASDAQ
CIEG;NO;SI;NO;;;;NO;BATS
AOK;NO;SI;NO;;;;NO;ARCA
AOHY;NO;SI;NO;;;;NO;NASDAQ
GEG;NO;SI;NO;;;;SI;NASDAQ
AGIG;NO;SI;NO;;;;SI;AMEX
CICC;NO;SI;NO;;;;SI;NYSE
GEF.B;NO;SI;NO;;;;NO;NYSE
AGGY;NO;SI;NO;;;;NO;ARCA
CICB;NO;SI;NO;;;;SI;NYSE
GECCG;NO;SI;NO;;;;SI;NASDAQ
CIA;NO;SI;NO;;;;NO;NYSE
GDXY;NO;SI;NO;;;;NO;ARCA
CHYG;NO;SI;NO;;;;NO;BATS
INAB;NO;SI;NO;;;;SI;NASDAQ
GDXW;NO;SI;NO;;;;NO;BATS
BSEP;NO;SI;NO;;;;NO;BATS
GDXU;NO;SI;NO;;;;NO;ARCA
GXRP;NO;SI;NO;;;;NO;ARCA
CANE;NO;SI;NO;;;;NO;ARCA
CHSCO;NO;SI;NO;;;;SI;NASDAQ
GDXD;NO;SI;NO;;;;NO;ARCA
GDV.PRK;NO;SI;NO;;;;SI;NYSE
GDV.PRH;NO;SI;NO;;;;SI;NYSE
CHSCL;NO;SI;NO;;;;SI;NASDAQ
AOD;NO;SI;NO;;;;NO;NYSE
GDV;NO;SI;NO;;;;NO;NYSE
CHRN;NO;SI;NO;;;;NO;NASDAQ
BAMY;NO;SI;NO;;;;NO;BATS
CHRI;NO;SI;NO;;;;NO;NASDAQ
GDTC;NO;SI;NO;;;;SI;NASDAQ
CHR;NO;SI;NO;;;;SI;NASDAQ
ANY;NO;SI;NO;;;;SI;NASDAQ
GDT;NO;SI;NO;;;;NO;BATS
CHPT;NO;SI;NO;;;;NO;NYSE
ANV;NO;SI;NO;;;;NO;NASDAQ
PED;NO;SI;NO;;;;SI;AMEX
AGGS;NO;SI;NO;;;;NO;ARCA
CHPS;NO;SI;NO;;;;NO;NASDAQ
GDOG;NO;SI;NO;;;;NO;ARCA
PHGE;NO;SI;NO;;;;SI;AMEX
GDOC;NO;SI;NO;;;;NO;ARCA
CHPGU;NO;SI;NO;;;;SI;NASDAQ
GDMA;NO;SI;NO;;;;NO;BATS
GDIV;NO;SI;NO;;;;NO;NYSE
GDHG;NO;SI;NO;;;;SI;NASDAQ
CHPGR;NO;SI;NO;;;;SI;NASDAQ
ANTW;NO;SI;NO;;;;NO;ARCA
GDEV;NO;SI;NO;;;;SI;NASDAQ
GDEC;NO;SI;NO;;;;NO;BATS
ANNA;NO;SI;NO;;;;SI;NASDAQ
AGGA;NO;SI;NO;;;;NO;NASDAQ
BYSI;NO;SI;NO;;;;SI;NASDAQ
ANTA;NO;SI;NO;;;;SI;NASDAQ
MLECW;NO;SI;NO;;;;SI;NASDAQ
AESPU;NO;SI;NO;;;;SI;NASDAQ
AERTW;NO;SI;NO;;;;SI;NASDAQ
CHOW;NO;SI;NO;;;;SI;AMEX
ACGCW;NO;SI;NO;;;;SI;NASDAQ
AFRI;NO;SI;NO;;;;NO;NASDAQ
CHNR;NO;SI;NO;;;;SI;NASDAQ
GCV;NO;SI;NO;;;;NO;NYSE
ABLV;NO;SI;NO;;;;SI;NASDAQ
ABTS;NO;SI;NO;;;;SI;NASDAQ
GCTS.WS;NO;SI;NO;;;;SI;NYSE
GCTK;NO;SI;NO;;;;SI;NASDAQ
ANL;NO;SI;NO;;;;NO;NASDAQ
ABEQ;NO;SI;NO;;;;NO;ARCA
BIDWR;NO;SI;NO;;;;SI;NASDAQ
AACIU;NO;SI;NO;;;;SI;NASDAQ
AAAC;NO;SI;NO;;;;NO;ARCA
ANGU;NO;SI;NO;;;;NO;NASDAQ
GCSH;NO;SI;NO;;;;NO;ARCA
QCMU;NO;SI;NO;;;;NO;NASDAQ
JUNT;NO;SI;NO;;;;NO;BATS
ELCV;NO;SI;NO;;;;NO;ARCA
YQ;NO;SI;NO;;;;SI;NASDAQ
YHC;NO;SI;NO;;;;SI;NASDAQ
GCPB;NO;SI;NO;;;;NO;NYSE
ZTRE;NO;SI;NO;;;;NO;NASDAQ
QCJL;NO;SI;NO;;;;NO;BATS
LQTI;NO;SI;NO;;;;NO;ARCA
GCOW;NO;SI;NO;;;;NO;BATS
XLFX;NO;SI;NO;;;;NO;BATS
WSTNU;NO;SI;NO;;;;SI;NASDAQ
AGEM;NO;SI;NO;;;;NO;NASDAQ
GCOR;NO;SI;NO;;;;NO;ARCA
ANGPY;NO;SI;NO;;;;NO;OTC
XCH;NO;SI;NO;;;;NO;NASDAQ
VNRX;NO;SI;NO;;;;SI;AMEX
WALDW;NO;SI;NO;;;;SI;NASDAQ
WCEO;NO;SI;NO;;;;NO;ARCA
WBUY;NO;SI;NO;;;;NO;NASDAQ
VECA;NO;SI;NO;;;;SI;NYSE
UYM;NO;SI;NO;;;;NO;ARCA
UFOD;NO;SI;NO;;;;NO;BATS
QBUL;NO;SI;NO;;;;NO;BATS
AGCC;NO;SI;NO;;;;SI;NASDAQ
QBTZ;NO;SI;NO;;;;NO;NASDAQ
BCHT;NO;SI;NO;;;;SI;AMEX
GCLWW;NO;SI;NO;;;;SI;NASDAQ
TOPP;NO;SI;NO;;;;SI;AMEX
CUBWU;NO;SI;NO;;;;SI;NASDAQ
ANGHW;NO;SI;NO;;;;SI;NASDAQ
CTM;NO;SI;NO;;;;NO;AMEX
DWM;NO;SI;NO;;;;NO;ARCA
TPZ;NO;SI;NO;;;;NO;NYSE
CHNL;NO;SI;NO;;;;NO;BATS
TPTS;NO;SI;NO;;;;SI;NYSE
TONT;NO;SI;NO;;;;SI;AMEX
TACU;NO;SI;NO;;;;NO;ARCA
SVRN;NO;SI;NO;;;;SI;NASDAQ
GCL;NO;SI;NO;;;;NO;NASDAQ
SQFTW;NO;SI;NO;;;;SI;NASDAQ
CHMI.PRB;NO;SI;NO;;;;SI;NYSE
SOLT;NO;SI;NO;;;;NO;NASDAQ
SOLM;NO;SI;NO;;;;NO;BATS
GCGRW;NO;SI;NO;;;;SI;NASDAQ
SLGB;NO;SI;NO;;;;SI;NASDAQ
SIXF;NO;SI;NO;;;;NO;BATS
SHPU;NO;SI;NO;;;;NO;NASDAQ
ABLVW;NO;SI;NO;;;;SI;NASDAQ
SECR;NO;SI;NO;;;;NO;ARCA
QBTX;NO;SI;NO;;;;NO;BATS
SCIO;NO;SI;NO;;;;NO;ARCA
RFIX;NO;SI;NO;;;;NO;ARCA
GCGRU;NO;SI;NO;;;;SI;NASDAQ
PTRB;NO;SI;NO;;;;NO;ARCA
RVP;NO;SI;NO;;;;SI;AMEX
JIII;NO;SI;NO;;;;NO;ARCA
RIET;NO;SI;NO;;;;NO;ARCA
QBQV;NO;SI;NO;;;;NO;BATS
QBKV;NO;SI;NO;;;;NO;BATS
RACK;NO;SI;NO;;;;NO;BATS
QBIG;NO;SI;NO;;;;NO;NASDAQ
CHMI.PRA;NO;SI;NO;;;;SI;NYSE
QSPT;NO;SI;NO;;;;NO;BATS
CHI;NO;SI;NO;;;;NO;NASDAQ
BOLD;NO;SI;NO;;;;SI;NASDAQ
PRAY;NO;SI;NO;;;;NO;ARCA
PQOC;NO;SI;NO;;;;NO;NASDAQ
ONCH;NO;SI;NO;;;;SI;NASDAQ
OFAL;NO;SI;NO;;;;SI;NASDAQ
GCGR;NO;SI;NO;;;;SI;NASDAQ
NRES;NO;SI;NO;;;;NO;NASDAQ
NZF;NO;SI;NO;;;;NO;NYSE
GCDT;NO;SI;NO;;;;SI;AMEX
NYYY;NO;SI;NO;;;;NO;ARCA
NVDS;NO;SI;NO;;;;NO;NASDAQ
NUBD;NO;SI;NO;;;;NO;ARCA
GLOP.PRC;NO;SI;NO;;;;SI;NYSE
NMS;NO;SI;NO;;;;NO;NYSE
LOT;NO;SI;NO;;;;NO;NASDAQ
NAMM;NO;SI;NO;;;;NO;NASDAQ
IACOW;NO;SI;NO;;;;SI;NASDAQ
MUND;NO;SI;NO;;;;NO;ARCA
FIEE;NO;SI;NO;;;;SI;NASDAQ
GNMX;NO;SI;NO;;;;NO;BATS
FTRK;NO;SI;NO;;;;SI;NASDAQ
BSCQ;NO;SI;NO;;;;NO;NASDAQ
MBSX;NO;SI;NO;;;;NO;ARCA
LPCV;NO;SI;NO;;;;SI;NASDAQ
CHGX;NO;SI;NO;;;;NO;NASDAQ
KVLE;NO;SI;NO;;;;NO;ARCA
KPRO;NO;SI;NO;;;;NO;ARCA
JUNZ;NO;SI;NO;;;;NO;BATS
GCAL;NO;SI;NO;;;;NO;ARCA
GXAI;NO;SI;NO;;;;SI;NASDAQ
IVVW;NO;SI;NO;;;;NO;BATS
IVVM;NO;SI;NO;;;;NO;BATS
IQRA;NO;SI;NO;;;;NO;ARCA
IOPP;NO;SI;NO;;;;NO;ARCA
CHGG;NO;SI;NO;;;;NO;NYSE
CHGCY;NO;SI;NO;;;;NO;OTC
IBO;NO;SI;NO;;;;NO;AMEX
HYD;NO;SI;NO;;;;NO;BATS
HSCZ;NO;SI;NO;;;;NO;ARCA
GEND;NO;SI;NO;;;;NO;ARCA
EVCM;NO;SI;NO;;;;NO;NASDAQ
GISC;NO;SI;NO;;;;NO;ARCA
AWAY;NO;SI;NO;;;;NO;ARCA
IACQU;NO;SI;NO;;;;SI;NASDAQ
GIPRW;NO;SI;NO;;;;SI;NASDAQ
GGRW;NO;SI;NO;;;;NO;ARCA
ANGH;NO;SI;NO;;;;SI;NASDAQ
EHLD;NO;SI;NO;;;;SI;NASDAQ
GAVA;NO;SI;NO;;;;NO;NASDAQ
GCAD;NO;SI;NO;;;;NO;ARCA
FXO;NO;SI;NO;;;;NO;ARCA
FPRO;NO;SI;NO;;;;NO;BATS
ANEW;NO;SI;NO;;;;NO;ARCA
FHDG;NO;SI;NO;;;;NO;BATS
ANEL;NO;SI;NO;;;;NO;NASDAQ
EVOXW;NO;SI;NO;;;;SI;NASDAQ
EEV;NO;SI;NO;;;;NO;ARCA
DXF;NO;SI;NO;;;;SI;AMEX
CMND;NO;SI;NO;;;;SI;NASDAQ
DFE;NO;SI;NO;;;;NO;ARCA
GBR;NO;SI;NO;;;;SI;AMEX
CHGA;NO;SI;NO;;;;SI;NASDAQ
CTHH;NO;SI;NO;;;;SI;NYSE
COIA;NO;SI;NO;;;;NO;ARCA
GBND;NO;SI;NO;;;;NO;ARCA
AVMC;NO;SI;NO;;;;NO;ARCA
CGTL;NO;SI;NO;;;;SI;NASDAQ
BTAI;NO;SI;NO;;;;SI;NASDAQ
BSP;NO;SI;NO;;;;NO;NASDAQ
BRK.A;NO;SI;NO;;;;SI;NYSE
BOEG;NO;SI;NO;;;;NO;NASDAQ
BMM;NO;SI;NO;;;;NO;NASDAQ
BITA;NO;SI;NO;;;;NO;NASDAQ
ARMH;NO;SI;NO;;;;NO;ARCA
BIS;NO;SI;NO;;;;NO;NASDAQ
GBIL;NO;SI;NO;;;;NO;ARCA
BBAG;NO;SI;NO;;;;NO;BATS
AUSF;NO;SI;NO;;;;NO;ARCA
BLIN;NO;SI;NO;;;;SI;NASDAQ
AMUB;NO;SI;NO;;;;NO;ARCA
CHECW;NO;SI;NO;;;;SI;NASDAQ
AFGD;NO;SI;NO;;;;SI;NYSE
KARD;NO;SI;NO;;;;NO;NASDAQ
VABS;NO;SI;NO;;;;NO;ARCA
GBHI;NO;SI;NO;;;;NO;ARCA
QAT;NO;SI;NO;;;;NO;NASDAQ
HSCSW;NO;SI;NO;;;;SI;NASDAQ
HBDC;NO;SI;NO;;;;NO;NASDAQ
GSKH;NO;SI;NO;;;;NO;ARCA
GXLC;NO;SI;NO;;;;NO;ARCA
FCBD;NO;SI;NO;;;;NO;ARCA
FVNNR;NO;SI;NO;;;;SI;NASDAQ
ETCO;NO;SI;NO;;;;NO;ARCA
GBDC;NO;SI;NO;;;;NO;NASDAQ
CHECU;NO;SI;NO;;;;SI;NASDAQ
CTEF;NO;SI;NO;;;;NO;BATS
TAIL;NO;SI;NO;;;;NO;BATS
ASPCU;NO;SI;NO;;;;SI;NASDAQ
CHEC;NO;SI;NO;;;;SI;NASDAQ
AIA;NO;SI;NO;;;;NO;NASDAQ
CHDG;NO;SI;NO;;;;NO;BATS
OHACR;NO;SI;NO;;;;SI;NASDAQ
SOJD;NO;SI;NO;;;;SI;NYSE
BSMU;NO;SI;NO;;;;NO;NASDAQ
GAUZ;NO;SI;NO;;;;SI;NASDAQ
ALTG;NO;SI;NO;;;;NO;NYSE
FATN;NO;SI;NO;;;;SI;NASDAQ
AMAA;NO;SI;NO;;;;NO;BATS
CHAU;NO;SI;NO;;;;NO;ARCA
SGLC;NO;SI;NO;;;;NO;ARCA
ATTR;NO;SI;NO;;;;NO;BATS
DMBS;NO;SI;NO;;;;NO;ARCA
CHARU;NO;SI;NO;;;;SI;NASDAQ
GAUG;NO;SI;NO;;;;NO;BATS
EDOG;NO;SI;NO;;;;NO;ARCA
BCV;NO;SI;NO;;;;NO;AMEX
UNCRY;NO;SI;NO;;;;NO;OTC
EXYN;NO;SI;NO;;;;SI;NASDAQ
CHARR;NO;SI;NO;;;;SI;NASDAQ
FPFD;NO;SI;NO;;;;NO;BATS
BC.PRC;NO;SI;NO;;;;SI;NYSE
GQGU;NO;SI;NO;;;;NO;ARCA
DDEC;NO;SI;NO;;;;NO;BATS
CHNU;NO;SI;NO;;;;NO;BATS
FFND;NO;SI;NO;;;;NO;ARCA
TOTDY;NO;SI;NO;;;;NO;OTC
AMZZ;NO;SI;NO;;;;NO;NASDAQ
SCMWY;NO;SI;NO;;;;NO;OTC
AMZY;NO;SI;NO;;;;NO;ARCA
GAU;NO;SI;NO;;;;NO;AMEX
GASS;NO;SI;NO;;;;SI;NASDAQ
GTOC;NO;SI;NO;;;;NO;BATS
FMCX;NO;SI;NO;;;;NO;ARCA
CDRO;NO;SI;NO;;;;SI;NASDAQ
SPVM;NO;SI;NO;;;;NO;ARCA
GARY;NO;SI;NO;;;;NO;NASDAQ
CHAR;NO;SI;NO;;;;SI;NASDAQ
AGBK;NO;SI;SI;;;;NO;NYSE
ARMK;NO;SI;SI;;;;NO;NYSE
CGXU;NO;SI;NO;;;;NO;ARCA
GARA;NO;SI;NO;;;;NO;ARCA
GWRE;NO;SI;SI;;;;NO;NYSE
GAPR;NO;SI;NO;;;;NO;BATS
GLDG;NO;SI;SI;;;;NO;AMEX
FUJHY;NO;SI;NO;;;;NO;OTC
REPX;NO;SI;SI;;;;NO;AMEX
ESRT;NO;SI;SI;;;;NO;NYSE
CCLD;NO;SI;SI;;;;SI;NASDAQ
CPNG;NO;SI;SI;;;;NO;NYSE
GAMR;NO;SI;NO;;;;NO;ARCA
AZN;NO;SI;SI;;;;NO;NYSE
BRT;NO;SI;SI;;;;NO;NYSE
SBR;NO;SI;SI;;;;SI;NYSE
SOBKY;NO;SI;NO;;;;NO;OTC
BANC;NO;SI;SI;;;;NO;NYSE
AFL;NO;SI;SI;;;;NO;NYSE
SHZHY;NO;SI;NO;;;;NO;OTC
BLX;NO;SI;SI;;;;NO;NYSE
FRO;NO;SI;NO;;;;NO;NYSE
ZINC;NO;SI;NO;;;;NO;ARCA
NYSX;NO;SI;NO;;;;NO;ARCA
BLIV;NO;SI;NO;;;;SI;NASDAQ
TSRYY;NO;SI;NO;;;;NO;OTC
CGV;NO;SI;NO;;;;NO;NYSE
AFSM;NO;SI;NO;;;;NO;ARCA
BDRFY;NO;SI;NO;;;;NO;OTC
BUYB;NO;SI;NO;;;;NO;ARCA
MTR;NO;SI;NO;;;;SI;NYSE
CRDT;NO;SI;NO;;;;NO;ARCA
SLWS;NO;SI;NO;;;;NO;ARCA
FRTT;NO;SI;NO;;;;SI;NASDAQ
ZURVY;NO;SI;NO;;;;NO;OTC
GAME;NO;SI;NO;;;;NO;NASDAQ
GAM.PRB;NO;SI;NO;;;;SI;NYSE
GAM;NO;SI;NO;;;;NO;NYSE
QSEA;NO;SI;NO;;;;SI;NASDAQ
CGUS;NO;SI;NO;;;;NO;ARCA
IFJPY;NO;SI;NO;;;;NO;OTC
GALT;NO;SI;NO;;;;NO;NASDAQ
AMZU;NO;SI;NO;;;;NO;NASDAQ
ELUXY;NO;SI;NO;;;;NO;OTC
TINY;NO;SI;NO;;;;NO;ARCA
GAL;NO;SI;NO;;;;NO;ARCA
SGBLY;NO;SI;NO;;;;NO;OTC
CGUI;NO;SI;NO;;;;NO;ARCA
AFSC;NO;SI;NO;;;;NO;NASDAQ
GAIQ;NO;SI;NO;;;;NO;ARCA
AMZP;NO;SI;NO;;;;NO;BATS
CGSM;NO;SI;NO;;;;NO;ARCA
GABF;NO;SI;NO;;;;NO;ARCA
AMZO;NO;SI;NO;;;;NO;BATS
QEFA;NO;SI;NO;;;;NO;ARCA
AHKSY;NO;SI;NO;;;;NO;OTC
GAB.PRK;NO;SI;NO;;;;SI;NYSE
GAB.PRH;NO;SI;NO;;;;SI;NYSE
CGSD;NO;SI;NO;;;;NO;ARCA
SSACU;NO;SI;NO;;;;SI;NASDAQ
CGRO;NO;SI;NO;;;;NO;ARCA
SAC;NO;SI;NO;;;;SI;NYSE
AIPUY;NO;SI;NO;;;;NO;OTC
EZPZ;NO;SI;NO;;;;NO;BATS
AMZG;NO;SI;NO;;;;NO;BATS
ADRNY;NO;SI;NO;;;;NO;OTC
GNPX;NO;SI;NO;;;;SI;NASDAQ
UUUC;NO;SI;NO;;;;NO;BATS
GAB.PRG;NO;SI;NO;;;;SI;NYSE
GAA;NO;SI;NO;;;;NO;BATS
TACN;NO;SI;NO;;;;NO;ARCA
SSEAU;NO;SI;NO;;;;SI;NASDAQ
AMZE;NO;SI;NO;;;;SI;AMEX
SCD;NO;SI;NO;;;;NO;NYSE
FYX;NO;SI;NO;;;;NO;NASDAQ
CGPT;NO;SI;NO;;;;NO;NASDAQ
SDSTW;NO;SI;NO;;;;SI;NASDAQ
QQEW;NO;SI;NO;;;;NO;NASDAQ
FYT;NO;SI;NO;;;;NO;NASDAQ
CGOV;NO;SI;NO;;;;NO;BATS
CGMM;NO;SI;NO;;;;NO;ARCA
PMA;NO;SI;NO;;;;SI;NASDAQ
BPHLY;NO;SI;NO;;;;NO;OTC
NXPG;NO;SI;NO;;;;NO;BATS
NXL;NO;SI;NO;;;;SI;NASDAQ
NXGL;NO;SI;NO;;;;SI;NASDAQ
NXDT.PRA;NO;SI;NO;;;;SI;NYSE
FYEE;NO;SI;NO;;;;NO;BATS
KBR;NO;SI;SI;;;;NO;NYSE
FYC;NO;SI;NO;;;;NO;NASDAQ
FXZ;NO;SI;NO;;;;NO;ARCA
FXY;NO;SI;NO;;;;NO;ARCA
QETA;NO;SI;NO;;;;SI;NASDAQ
BLSH;NO;SI;SI;;;;NO;NYSE
ATLKY;NO;SI;NO;;;;NO;OTC
NCMGY;NO;SI;NO;;;;NO;OTC
AMZD;NO;SI;NO;;;;NO;NASDAQ
MNILY;NO;SI;NO;;;;NO;OTC
NNGRY;NO;SI;NO;;;;NO;OTC
NGLOY;NO;SI;NO;;;;NO;OTC
FXU;NO;SI;NO;;;;NO;ARCA
ZTOP;NO;SI;NO;;;;NO;NASDAQ
NWGL;NO;SI;NO;;;;SI;NASDAQ
BANXR;NO;SI;NO;;;;NO;NASDAQ
AXG;NO;SI;NO;;;;NO;NASDAQ
FXR;NO;SI;NO;;;;NO;ARCA
FANUY;NO;SI;NO;;;;NO;OTC
SKHHY;NO;SI;NO;;;;NO;OTC
FXP;NO;SI;NO;;;;NO;ARCA
NWAX.WS;NO;SI;NO;;;;SI;NYSE
CGIE;NO;SI;NO;;;;NO;ARCA
CGIC;NO;SI;NO;;;;NO;ARCA
CGIB;NO;SI;NO;;;;NO;ARCA
FXN;NO;SI;NO;;;;NO;ARCA
ZTG;NO;SI;NO;;;;SI;NASDAQ
ZTEN;NO;SI;NO;;;;NO;NASDAQ
FXL;NO;SI;NO;;;;NO;ARCA
ZTEK;NO;SI;NO;;;;NO;NASDAQ
ZTAX;NO;SI;NO;;;;NO;ARCA
AFRU;NO;SI;NO;;;;NO;BATS
ZSTK;NO;SI;NO;;;;SI;NASDAQ
ZSQR;NO;SI;NO;;;;NO;NASDAQ
CGHY;NO;SI;NO;;;;NO;ARCA
ZSL;NO;SI;NO;;;;SI;ARCA
FXHO;NO;SI;NO;;;;SI;NASDAQ
FXH;NO;SI;NO;;;;NO;ARCA
ZSEP;NO;SI;NO;;;;NO;BATS
ZSC;NO;SI;NO;;;;NO;ARCA
ZSB;NO;SI;NO;;;;NO;ARCA
ZOOZW;NO;SI;NO;;;;SI;NASDAQ
AVB;NO;SI;SI;;;;SI;NYSE
ZOOZ;NO;SI;NO;;;;SI;NASDAQ
ZONE;NO;SI;NO;;;;NO;AMEX
ZOCT;NO;SI;NO;;;;NO;BATS
CGHM;NO;SI;NO;;;;NO;ARCA
FXG;NO;SI;NO;;;;NO;ARCA
ZNB;NO;SI;NO;;;;SI;NASDAQ
ZMUN;NO;SI;NO;;;;NO;NASDAQ
ZMAY;NO;SI;NO;;;;NO;BATS
ZMAR;NO;SI;NO;;;;NO;BATS
ZLNDY;NO;SI;NO;;;;NO;OTC
CGGG;NO;SI;NO;;;;NO;ARCA
FXED;NO;SI;NO;;;;NO;NYSE
ZLAB;NO;SI;NO;;;;NO;NASDAQ
ZKPW;NO;SI;NO;;;;SI;NASDAQ
ZKPU;NO;SI;NO;;;;SI;NASDAQ
ZKP;NO;SI;NO;;;;SI;NASDAQ
ZKIN;NO;SI;NO;;;;NO;NASDAQ
ZKH;NO;SI;NO;;;;NO;NYSE
ZJUN;NO;SI;NO;;;;NO;BATS
ZJUL;NO;SI;NO;;;;NO;BATS
ZIVO;NO;SI;NO;;;;NO;OTC
ZIONP;NO;SI;NO;;;;SI;NASDAQ
ZHOG;NO;SI;NO;;;;NO;NASDAQ
ZHDG;NO;SI;NO;;;;NO;ARCA
ZFEB;NO;SI;NO;;;;NO;BATS
ZETX;NO;SI;NO;;;;NO;ARCA
ZEOWW;NO;SI;NO;;;;SI;NASDAQ
ZEO;NO;SI;NO;;;;SI;NASDAQ
ZENA;NO;SI;NO;;;;NO;NASDAQ
CGGE;NO;SI;NO;;;;NO;ARCA
ZECP;NO;SI;NO;;;;NO;BATS
FXE;NO;SI;NO;;;;NO;ARCA
ZDEK;NO;SI;NO;;;;NO;BATS
FXD;NO;SI;NO;;;;NO;ARCA
ZCMD;NO;SI;NO;;;;SI;NASDAQ
FXC;NO;SI;NO;;;;NO;ARCA
ZCBG;NO;SI;NO;;;;NO;ARCA
AFLG;NO;SI;NO;;;;NO;ARCA
ZCBF;NO;SI;NO;;;;NO;ARCA
FXB;NO;SI;NO;;;;NO;ARCA
ZCBE;NO;SI;NO;;;;NO;ARCA
FXACW;NO;SI;NO;;;;SI;NASDAQ
ZCBB;NO;SI;NO;;;;NO;ARCA
ZCBA;NO;SI;NO;;;;NO;ARCA
ZBAO;NO;SI;NO;;;;SI;NASDAQ
ZAUG;NO;SI;NO;;;;NO;BATS
ZAPR;NO;SI;NO;;;;NO;BATS
YZCAY;NO;SI;NO;;;;NO;OTC
YYYM;NO;SI;NO;;;;NO;ARCA
YYGH;NO;SI;NO;;;;SI;NASDAQ
FXACU;NO;SI;NO;;;;SI;NASDAQ
YOU;NO;SI;SI;;;;NO;NYSE
YXT;NO;SI;NO;;;;SI;NASDAQ
YTRA;NO;SI;NO;;;;NO;NASDAQ
YSXT;NO;SI;NO;;;;SI;NASDAQ
YSS;NO;SI;NO;;;;NO;NYSE
AMYY;NO;SI;NO;;;;NO;NASDAQ
MPRO;NO;SI;NO;;;;NO;BATS
AMVOY;NO;SI;NO;;;;NO;OTC
YSPY;NO;SI;NO;;;;NO;NASDAQ
YSPC;NO;SI;NO;;;;NO;ARCA
YSAU;NO;SI;NO;;;;NO;NASDAQ
YSAG;NO;SI;NO;;;;NO;NASDAQ
YOUL;NO;SI;NO;;;;NO;NASDAQ
CGDG;NO;SI;NO;;;;NO;ARCA
YNOT;NO;SI;NO;;;;NO;NASDAQ
YMT;NO;SI;NO;;;;SI;NASDAQ
AFJKU;NO;SI;NO;;;;SI;NASDAQ
DMAAR;NO;SI;NO;;;;SI;NASDAQ
PFSA;NO;SI;NO;;;;SI;NASDAQ
YINN;NO;SI;SI;;;;NO;ARCA
BLUI;NO;SI;NO;;;;NO;ARCA
CGCV;NO;SI;NO;;;;NO;ARCA
YMAX;NO;SI;NO;;;;NO;ARCA
YMAT;NO;SI;NO;;;;SI;NASDAQ
YMAR;NO;SI;NO;;;;NO;BATS
YMAG;NO;SI;NO;;;;NO;ARCA
YLDY;NO;SI;NO;;;;NO;BATS
YLDW;NO;SI;NO;;;;NO;ARCA
YLDE;NO;SI;NO;;;;NO;NASDAQ
YLD;NO;SI;NO;;;;NO;ARCA
YJUN;NO;SI;NO;;;;NO;BATS
YJ;NO;SI;NO;;;;SI;NASDAQ
YICCW;NO;SI;NO;;;;SI;NASDAQ
YICCU;NO;SI;NO;;;;SI;NASDAQ
YICC;NO;SI;NO;;;;SI;NASDAQ
YIBO;NO;SI;NO;;;;SI;NASDAQ
YI;NO;SI;NO;;;;SI;NASDAQ
AMUN;NO;SI;NO;;;;NO;NASDAQ
YHNAU;NO;SI;NO;;;;SI;NASDAQ
YHNAR;NO;SI;NO;;;;SI;NASDAQ
YHNA;NO;SI;NO;;;;SI;NASDAQ
YHGJ;NO;SI;NO;;;;SI;NASDAQ
YGLD;NO;SI;NO;;;;NO;ARCA
YFYA;NO;SI;NO;;;;NO;ARCA
YFFI;NO;SI;NO;;;;NO;ARCA
YETH;NO;SI;NO;;;;NO;BATS
YDKG;NO;SI;NO;;;;SI;NASDAQ
FWD;NO;SI;NO;;;;NO;ARCA
YDESW;NO;SI;NO;;;;SI;NASDAQ
YDES;NO;SI;NO;;;;NO;NASDAQ
YDEC;NO;SI;NO;;;;NO;BATS
YDDL;NO;SI;NO;;;;SI;NASDAQ
YCY.WS;NO;SI;NO;;;;SI;NYSE
YCY.U;NO;SI;NO;;;;SI;NYSE
FTXH;NO;SI;NO;;;;NO;NASDAQ
YCY;NO;SI;NO;;;;SI;NYSE
CGCFU;NO;SI;NO;;;;SI;NASDAQ
YCS;NO;SI;NO;;;;NO;ARCA
YCLO;NO;SI;NO;;;;NO;ARCA
AMS;NO;SI;NO;;;;SI;AMEX
AMTD;NO;SI;NO;;;;SI;NYSE
YCBD;NO;SI;NO;;;;SI;AMEX
CGCB;NO;SI;NO;;;;NO;ARCA
FWACW;NO;SI;NO;;;;SI;NASDAQ
AMST;NO;SI;NO;;;;SI;NASDAQ
YBTY;NO;SI;NO;;;;NO;NASDAQ
FWACU;NO;SI;NO;;;;SI;NASDAQ
FWACR;NO;SI;NO;;;;SI;NASDAQ
FVNNU;NO;SI;NO;;;;SI;NASDAQ
SVIX;NO;SI;NO;;;;NO;BATS
CGC;NO;SI;NO;;;;NO;NASDAQ
YBST;NO;SI;NO;;;;NO;NASDAQ
YBMN;NO;SI;NO;;;;NO;NASDAQ
YBIT;NO;SI;NO;;;;NO;ARCA
YB;NO;SI;NO;;;;SI;NASDAQ
YARW;NO;SI;NO;;;;SI;NASDAQ
YANG;NO;SI;NO;;;;SI;ARCA
YALL;NO;SI;NO;;;;NO;ARCA
YAAS;NO;SI;NO;;;;SI;NASDAQ
XYZY;NO;SI;NO;;;;NO;ARCA
XYZG;NO;SI;NO;;;;NO;NASDAQ
XXX;NO;SI;NO;;;;NO;NASDAQ
XXV;NO;SI;NO;;;;NO;ARCA
XXRP;NO;SI;NO;;;;NO;ARCA
XXII;NO;SI;NO;;;;NO;NASDAQ
XWEL;NO;SI;NO;;;;SI;NASDAQ
XVV;NO;SI;NO;;;;NO;BATS
XVUG;NO;SI;NO;;;;NO;BATS
XVO;NO;SI;NO;;;;NO;BATS
XUSP;NO;SI;NO;;;;NO;BATS
XUDV;NO;SI;NO;;;;NO;ARCA
ARCLR;NO;SI;NO;;;;SI;NASDAQ
XFLH;NO;SI;NO;;;;SI;NYSE
XTWY;NO;SI;NO;;;;NO;ARCA
XTWO;NO;SI;NO;;;;NO;ARCA
FVN;NO;SI;NO;;;;SI;NASDAQ
FVD;NO;SI;NO;;;;NO;ARCA
XTR;NO;SI;NO;;;;NO;ARCA
XTOC;NO;SI;NO;;;;NO;BATS
XTNT;NO;SI;NO;;;;NO;AMEX
XTLB;NO;SI;NO;;;;SI;NASDAQ
FVC;NO;SI;NO;;;;NO;NASDAQ
XTL;NO;SI;NO;;;;NO;ARCA
XTJL;NO;SI;NO;;;;NO;BATS
AMSS;NO;SI;NO;;;;SI;NASDAQ
XTJA;NO;SI;NO;;;;NO;BATS
XTIA;NO;SI;NO;;;;NO;NASDAQ
XTEN;NO;SI;NO;;;;NO;ARCA
FUTG;NO;SI;NO;;;;SI;NASDAQ
XTAP;NO;SI;NO;;;;NO;BATS
CGABL;NO;SI;NO;;;;SI;NASDAQ
XTAI;NO;SI;NO;;;;NO;BATS
XSW;NO;SI;NO;;;;NO;ARCA
XSVN;NO;SI;NO;;;;NO;ARCA
XSPI;NO;SI;NO;;;;NO;NASDAQ
XSPC;NO;SI;NO;;;;NO;NASDAQ
FUSI;NO;SI;NO;;;;NO;ARCA
XSMO;NO;SI;NO;;;;NO;ARCA
XSLLW;NO;SI;NO;;;;SI;NASDAQ
XSLL;NO;SI;NO;;;;SI;NASDAQ
XSHQ;NO;SI;NO;;;;NO;BATS
XSEM;NO;SI;NO;;;;NO;BATS
XRT;NO;SI;NO;;;;NO;ARCA
AFJKR;NO;SI;NO;;;;SI;NASDAQ
XRPR;NO;SI;NO;;;;NO;BATS
FUFU;NO;SI;NO;;;;SI;NASDAQ
XRPNW;NO;SI;NO;;;;SI;NASDAQ
XRPNU;NO;SI;NO;;;;SI;NASDAQ
XRPN;NO;SI;NO;;;;SI;NASDAQ
XRPM;NO;SI;NO;;;;NO;BATS
FUSEW;NO;SI;NO;;;;SI;NASDAQ
XRPI;NO;SI;NO;;;;NO;NASDAQ
XP;NO;SI;SI;;;;NO;NASDAQ
XRP;NO;SI;NO;;;;NO;ARCA
XRN.PRB;NO;SI;NO;;;;SI;NYSE
FUSE;NO;SI;NO;;;;SI;NASDAQ
XRN.PRA;NO;SI;NO;;;;SI;NYSE
FUSB;NO;SI;NO;;;;SI;NASDAQ
CFR.PRB;NO;SI;NO;;;;SI;NYSE
XRLX;NO;SI;NO;;;;NO;ARCA
XQTM;NO;SI;NO;;;;NO;BATS
XQQI;NO;SI;NO;;;;NO;NASDAQ
CFO;NO;SI;NO;;;;NO;NASDAQ
VNTG;NO;SI;NO;;;;SI;AMEX
XPP;NO;SI;NO;;;;NO;ARCA
XPON;NO;SI;NO;;;;NO;NASDAQ
XPND;NO;SI;NO;;;;NO;ARCA
XPH;NO;SI;NO;;;;NO;ARCA
XPEG;NO;SI;NO;;;;SI;NASDAQ
XOSWW;NO;SI;NO;;;;SI;NASDAQ
XOS;NO;SI;NO;;;;SI;NASDAQ
AMPX.WS;NO;SI;NO;;;;SI;NYSE
XONE;NO;SI;NO;;;;NO;ARCA
XOMX;NO;SI;NO;;;;NO;NASDAQ
XOMO;NO;SI;NO;;;;NO;ARCA
XOEF;NO;SI;NO;;;;NO;ARCA
XOCT;NO;SI;NO;;;;NO;BATS
RCG;NO;SI;NO;;;;NO;AMEX
XNTK;NO;SI;NO;;;;NO;ARCA
XNOV;NO;SI;NO;;;;NO;BATS
XNDX;NO;SI;NO;;;;NO;BATS
CFIT;NO;SI;NO;;;;NO;BATS
XNDU;NO;SI;NO;;;;NO;NASDAQ
XNAV;NO;SI;NO;;;;NO;ARCA
XMPT;NO;SI;NO;;;;NO;BATS
XMAY;NO;SI;NO;;;;NO;BATS
XMAX;NO;SI;NO;;;;NO;NASDAQ
XMAR;NO;SI;NO;;;;NO;BATS
XMAG;NO;SI;NO;;;;NO;NASDAQ
XLYX;NO;SI;NO;;;;NO;BATS
XLYI;NO;SI;NO;;;;NO;ARCA
FUPBY;NO;SI;NO;;;;NO;OTC
XLVX;NO;SI;NO;;;;NO;BATS
XLUX;NO;SI;NO;;;;NO;BATS
XLUI;NO;SI;NO;;;;NO;ARCA
FUJIY;NO;SI;NO;;;;NO;OTC
HYFM;NO;SI;NO;;;;SI;NASDAQ
FCRS;NO;SI;NO;;;;SI;NYSE
XLSR;NO;SI;NO;;;;NO;ARCA
XLSI;NO;SI;NO;;;;NO;ARCA
XLRI;NO;SI;NO;;;;NO;ARCA
KGFHY;NO;SI;NO;;;;NO;OTC
CFG.PRH;NO;SI;NO;;;;SI;NYSE
XLPX;NO;SI;NO;;;;NO;BATS
XLO;NO;SI;NO;;;;SI;NASDAQ
XLKX;NO;SI;NO;;;;NO;BATS
BTCC;NO;SI;NO;;;;NO;ARCA
XLKI;NO;SI;NO;;;;NO;ARCA
AFJK;NO;SI;NO;;;;SI;NASDAQ
XLIX;NO;SI;NO;;;;NO;BATS
XLII;NO;SI;NO;;;;NO;ARCA
XLFI;NO;SI;NO;;;;NO;ARCA
XLEI;NO;SI;NO;;;;NO;ARCA
XLCI;NO;SI;NO;;;;NO;ARCA
XLBI;NO;SI;NO;;;;NO;ARCA
XKRE;NO;SI;NO;;;;NO;BATS
XJUN;NO;SI;NO;;;;NO;BATS
XJUL;NO;SI;NO;;;;NO;BATS
XJAN;NO;SI;NO;;;;NO;BATS
FTXO;NO;SI;NO;;;;NO;NASDAQ
XIWC;NO;SI;NO;;;;NO;BATS
XITK;NO;SI;NO;;;;NO;ARCA
XIJN;NO;SI;NO;;;;NO;BATS
XIIIU;NO;SI;NO;;;;SI;NASDAQ
XIGV;NO;SI;NO;;;;NO;BATS
XIDV;NO;SI;NO;;;;NO;ARCA
XIDE;NO;SI;NO;;;;NO;BATS
XHS;NO;SI;NO;;;;NO;ARCA
XHOA;NO;SI;NO;;;;NO;BATS
XHLD;NO;SI;NO;;;;SI;NASDAQ
XHG;NO;SI;NO;;;;SI;NASDAQ
XHE;NO;SI;NO;;;;NO;ARCA
CFG.PRE;NO;SI;NO;;;;SI;NYSE
XFLH.U;NO;SI;NO;;;;SI;NYSE
XFLH.RT;NO;SI;NO;;;;SI;NYSE
CET;NO;SI;SI;;;;NO;AMEX
BATL;NO;SI;NO;;;;SI;AMEX
XFIV;NO;SI;NO;;;;NO;ARCA
XFEB;NO;SI;NO;;;;NO;BATS
AMPU;NO;SI;NO;;;;NO;BATS
XEY;NO;SI;NO;;;;NO;NASDAQ
XEUR;NO;SI;NO;;;;NO;BATS
XES;NO;SI;NO;;;;NO;ARCA
XELB;NO;SI;NO;;;;SI;NASDAQ
TRFM;NO;SI;NO;;;;NO;ARCA
ACLC;NO;SI;NO;;;;NO;ARCA
CFA;NO;SI;NO;;;;NO;NASDAQ
FTXG;NO;SI;NO;;;;NO;NASDAQ
CEW;NO;SI;NO;;;;NO;ARCA
XE;NO;SI;NO;;;;NO;NASDAQ
XDSQ;NO;SI;NO;;;;NO;BATS
XDIV;NO;SI;NO;;;;NO;BATS
XDEF;NO;SI;NO;;;;NO;NASDAQ
XDEC;NO;SI;NO;;;;NO;BATS
XDAT;NO;SI;NO;;;;NO;BATS
AMPGZ;NO;SI;NO;;;;SI;NASDAQ
FTW.WS;NO;SI;NO;;;;SI;NYSE
XCUR;NO;SI;NO;;;;SI;NASDAQ
XCOR;NO;SI;NO;;;;NO;ARCA
XCOM;NO;SI;NO;;;;NO;BATS
CEV;NO;SI;NO;;;;NO;AMEX
XCLR;NO;SI;NO;;;;NO;ARCA
XCHG;NO;SI;NO;;;;NO;ARCA
XCEM;NO;SI;NO;;;;NO;ARCA
CETX;NO;SI;NO;;;;SI;NASDAQ
XCBEU;NO;SI;NO;;;;SI;NASDAQ
XCBE;NO;SI;NO;;;;SI;NASDAQ
XBTY;NO;SI;NO;;;;NO;NASDAQ
XBPEW;NO;SI;NO;;;;SI;NASDAQ
XBP;NO;SI;NO;;;;SI;NASDAQ
XBOX;NO;SI;NO;;;;NO;BATS
XBOC;NO;SI;NO;;;;NO;BATS
XBNB;NO;SI;NO;;;;NO;ARCA
XBJL;NO;SI;NO;;;;NO;BATS
ACKY;NO;SI;NO;;;;NO;ARCA
XBJA;NO;SI;NO;;;;NO;BATS
CERY;NO;SI;NO;;;;NO;ARCA
XBIX;NO;SI;NO;;;;NO;BATS
XBIO;NO;SI;NO;;;;SI;NASDAQ
XBFR;NO;SI;NO;;;;NO;ARCA
XBB;NO;SI;NO;;;;NO;ARCA
AMPG;NO;SI;NO;;;;SI;NASDAQ
XBAP;NO;SI;NO;;;;NO;BATS
XB;NO;SI;NO;;;;NO;ARCA
XAUG;NO;SI;NO;;;;NO;BATS
XAPR;NO;SI;NO;;;;NO;BATS
XAIX;NO;SI;NO;;;;NO;NASDAQ
DLCU;NO;SI;NO;;;;NO;NASDAQ
CEPV;NO;SI;NO;;;;SI;NASDAQ
CEPU;NO;SI;NO;;;;NO;NYSE
ACKAY;NO;SI;NO;;;;NO;OTC
XAIW;NO;SI;NO;;;;NO;ARCA
XAGI;NO;SI;NO;;;;NO;BATS
XAGG;NO;SI;NO;;;;NO;ARCA
XA;NO;SI;NO;;;;NO;BATS
WZRD;NO;SI;NO;;;;NO;BATS
WYHG;NO;SI;NO;;;;SI;NASDAQ
WYFL;NO;SI;NO;;;;NO;BATS
WYFI;NO;SI;NO;;;;NO;NASDAQ
WXM;NO;SI;NO;;;;SI;NASDAQ
WXET;NO;SI;NO;;;;NO;ARCA
WX;NO;SI;NO;;;;NO;BATS
WVVIP;NO;SI;NO;;;;SI;NASDAQ
CEPS;NO;SI;NO;;;;SI;NASDAQ
WVVI;NO;SI;NO;;;;SI;NASDAQ
WULX;NO;SI;NO;;;;NO;BATS
WUGI;NO;SI;NO;;;;NO;BATS
WTRE;NO;SI;NO;;;;NO;ARCA
QETAU;NO;SI;NO;;;;SI;NASDAQ
WTPI;NO;SI;NO;;;;NO;ARCA
WTMY;NO;SI;NO;;;;NO;NASDAQ
WTMU;NO;SI;NO;;;;NO;NASDAQ
WTMF;NO;SI;NO;;;;NO;ARCA
WTLS;NO;SI;NO;;;;NO;BATS
AENTW;NO;SI;NO;;;;SI;NASDAQ
AFMC;NO;SI;NO;;;;NO;ARCA
CEPO;NO;SI;NO;;;;SI;NASDAQ
WTIP;NO;SI;NO;;;;NO;NASDAQ
WTID;NO;SI;NO;;;;NO;ARCA
WTIB;NO;SI;NO;;;;NO;ARCA
WTGUU;NO;SI;NO;;;;SI;NASDAQ
WTGUR;NO;SI;NO;;;;SI;NASDAQ
WTG;NO;SI;NO;;;;SI;NASDAQ
ACII;NO;SI;NO;;;;NO;ARCA
WTFCN;NO;SI;NO;;;;SI;NASDAQ
WTBN;NO;SI;NO;;;;NO;NASDAQ
WSO.B;NO;SI;NO;;;;SI;NYSE
WSML;NO;SI;NO;;;;NO;NASDAQ
WSMD;NO;SI;NO;;;;NO;ARCA
FTW;NO;SI;NO;;;;SI;NYSE
WSHP;NO;SI;NO;;;;NO;NASDAQ
WSGE;NO;SI;NO;;;;NO;NASDAQ
WSDB;NO;SI;NO;;;;NO;ARCA
WSBK;NO;SI;NO;;;;SI;NASDAQ
WSBCO;NO;SI;NO;;;;SI;NASDAQ
WRTH;NO;SI;NO;;;;NO;NASDAQ
WRB.PRH;NO;SI;NO;;;;SI;NYSE
WRB.PRG;NO;SI;NO;;;;SI;NYSE
WRB.PRF;NO;SI;NO;;;;SI;NYSE
WRB.PRE;NO;SI;NO;;;;SI;NYSE
WNC;NO;SI;SI;;;;NO;NYSE
WR;NO;SI;NO;;;;NO;BATS
WQTM;NO;SI;NO;;;;NO;BATS
WPRT;NO;SI;NO;;;;SI;NASDAQ
WPAC.U;NO;SI;NO;;;;SI;NYSE
FTSM;NO;SI;NO;;;;NO;NASDAQ
WPAC.RT;NO;SI;NO;;;;SI;NYSE
CEPI;NO;SI;NO;;;;NO;NASDAQ
WPAC;NO;SI;NO;;;;SI;NYSE
WOOD;NO;SI;NO;;;;NO;NASDAQ
WOMN;NO;SI;NO;;;;NO;ARCA
WOLF;NO;SI;NO;;;;NO;NYSE
ARMA;NO;SI;NO;;;;NO;BATS
WOK;NO;SI;NO;;;;SI;NASDAQ
WNW;NO;SI;NO;;;;SI;NASDAQ
WNTR;NO;SI;NO;;;;NO;ARCA
WNEB;NO;SI;NO;;;;SI;NASDAQ
WNDR;NO;SI;NO;;;;NO;BATS
WMTI;NO;SI;NO;;;;NO;BATS
WMSB;NO;SI;NO;;;;NO;ARCA
FTSL;NO;SI;NO;;;;NO;NASDAQ
WMMVY;NO;SI;NO;;;;NO;OTC
WLTG;NO;SI;NO;;;;NO;NYSE
WLKP;NO;SI;NO;;;;SI;NYSE
CEPF;NO;SI;NO;;;;SI;NASDAQ
WLIIW;NO;SI;NO;;;;SI;NASDAQ
WLIIU;NO;SI;NO;;;;SI;NASDAQ
WLII;NO;SI;NO;;;;SI;NASDAQ
WLDSW;NO;SI;NO;;;;SI;NASDAQ
WLDS;NO;SI;NO;;;;SI;NASDAQ
WLDR;NO;SI;NO;;;;NO;BATS
WLCOW;NO;SI;NO;;;;SI;NASDAQ
FTSD;NO;SI;NO;;;;NO;ARCA
WLCO;NO;SI;NO;;;;SI;NASDAQ
WKSP;NO;SI;NO;;;;SI;NASDAQ
WKHS;NO;SI;NO;;;;SI;NASDAQ
WKEY;NO;SI;NO;;;;SI;NASDAQ
AMOM;NO;SI;NO;;;;NO;ARCA
WIW;NO;SI;NO;;;;NO;NYSE
WISE;NO;SI;NO;;;;NO;NASDAQ
WINN;NO;SI;NO;;;;NO;NYSE
FTRI;NO;SI;NO;;;;NO;NASDAQ
WIMA;NO;SI;NO;;;;NO;NASDAQ
WILC;NO;SI;NO;;;;SI;NASDAQ
FTRB;NO;SI;NO;;;;NO;ARCA
WIA;NO;SI;NO;;;;NO;NYSE
WHD;NO;SI;SI;;;;NO;NYSE
FULTP;NO;SI;NO;;;;SI;NASDAQ
WHR.PRA;NO;SI;NO;;;;SI;NYSE
FTRA.WS;NO;SI;NO;;;;SI;NYSE
WHLRP;NO;SI;NO;;;;SI;NASDAQ
CEMB;NO;SI;NO;;;;NO;BATS
WHLRL;NO;SI;NO;;;;SI;NASDAQ
WHLRD;NO;SI;NO;;;;SI;NASDAQ
WHLR;NO;SI;NO;;;;NO;NASDAQ
EWU;NO;SI;NO;;;;NO;ARCA
WHGLY;NO;SI;NO;;;;NO;OTC
CELZ;NO;SI;NO;;;;SI;NASDAQ
CELU;NO;SI;NO;;;;SI;NASDAQ
WHFCL;NO;SI;NO;;;;SI;NASDAQ
WGMI;NO;SI;NO;;;;NO;NASDAQ
WFF;NO;SI;NO;;;;SI;NASDAQ
AFGE;NO;SI;NO;;;;SI;NYSE
WFC.PRZ;NO;SI;NO;;;;SI;NYSE
CELG.RT;NO;SI;NO;;;;SI;NYSE
FTRA.U;NO;SI;NO;;;;SI;NYSE
WERN;NO;SI;SI;;;;NO;NASDAQ
WFC.PRD;NO;SI;NO;;;;SI;NYSE
WFC.PRC;NO;SI;NO;;;;SI;NYSE
WFC.PRA;NO;SI;NO;;;;SI;NYSE
WFAFY;NO;SI;NO;;;;NO;OTC
WETO;NO;SI;NO;;;;SI;NASDAQ
WETH;NO;SI;NO;;;;SI;NASDAQ
FTRA;NO;SI;NO;;;;SI;NYSE
WEPN;NO;SI;NO;;;;NO;ARCA
WENNW;NO;SI;NO;;;;SI;NASDAQ
CEFZ;NO;SI;NO;;;;NO;BATS
FTQI;NO;SI;NO;;;;NO;NASDAQ
CEFD;NO;SI;NO;;;;NO;ARCA
WENNU;NO;SI;NO;;;;SI;NASDAQ
FTPA;NO;SI;NO;;;;NO;ARCA
FTOH;NO;SI;NO;;;;NO;ARCA
WENN;NO;SI;NO;;;;SI;NASDAQ
WENC.U;NO;SI;NO;;;;SI;NYSE
WDS;NO;SI;SI;;;;NO;NYSE
CEFA;NO;SI;NO;;;;NO;NASDAQ
WENC.RT;NO;SI;NO;;;;SI;NYSE
WEN;NO;SI;NO;;;;NO;NASDAQ
WELD;NO;SI;NO;;;;NO;ARCA
WEGRY;NO;SI;NO;;;;NO;OTC
WEEL;NO;SI;NO;;;;NO;ARCA
FTNJ;NO;SI;NO;;;;NO;ARCA
WEEK;NO;SI;NO;;;;NO;BATS
WEEI;NO;SI;NO;;;;NO;NASDAQ
WEBX;NO;SI;NO;;;;NO;BATS
WEBS;NO;SI;NO;;;;NO;ARCA
TECK;NO;SI;NO;;;;NO;NYSE
WEA;NO;SI;NO;;;;NO;NYSE
WDTE;NO;SI;NO;;;;NO;ARCA
WDRN;NO;SI;NO;;;;NO;BATS
CTMA;NO;SI;NO;;;;NO;BATS
WDNA;NO;SI;NO;;;;NO;BATS
WDIV;NO;SI;NO;;;;NO;ARCA
WDIG;NO;SI;NO;;;;NO;BATS
CZA;NO;SI;NO;;;;NO;ARCA
WDH;NO;SI;NO;;;;NO;NYSE
FURY;NO;SI;NO;;;;NO;AMEX
WDGF;NO;SI;NO;;;;NO;NASDAQ
WDEF;NO;SI;NO;;;;NO;ARCA
WDE;NO;SI;NO;;;;NO;BATS
WDCC;NO;SI;NO;;;;NO;BATS
MXC;NO;SI;NO;;;;SI;AMEX
WDAI;NO;SI;NO;;;;NO;BATS
FTMU;NO;SI;NO;;;;NO;ARCA
WDAF;NO;SI;NO;;;;NO;NASDAQ
FTMS;NO;SI;NO;;;;NO;ARCA
WCT;NO;SI;NO;;;;NO;NASDAQ
WCPB;NO;SI;NO;;;;NO;ARCA
WCMG;NO;SI;NO;;;;NO;ARCA
TRTY;NO;SI;NO;;;;NO;BATS
WCME;NO;SI;NO;;;;NO;ARCA
CDZIP;NO;SI;NO;;;;SI;NASDAQ
WCLD;NO;SI;NO;;;;NO;NASDAQ
WCBR;NO;SI;NO;;;;NO;NASDAQ
WCAP;NO;SI;NO;;;;NO;ARCA
PWS;NO;SI;NO;;;;NO;BATS
ACHR.WS;NO;SI;NO;;;;SI;NYSE
WBTN;NO;SI;NO;;;;NO;NASDAQ
AMODW;NO;SI;NO;;;;SI;NASDAQ
AMOD;NO;SI;NO;;;;SI;NASDAQ
WBS.PRG;NO;SI;NO;;;;SI;NYSE
WBS.PRF;NO;SI;NO;;;;SI;NYSE
WBS;NO;SI;NO;;;;NO;NYSE
WBIY;NO;SI;NO;;;;NO;NYSE
WBIL;NO;SI;NO;;;;NO;ARCA
AMMO;NO;SI;NO;;;;NO;ARCA
WBIG;NO;SI;NO;;;;NO;ARCA
WBIF;NO;SI;NO;;;;NO;ARCA
FTMN;NO;SI;NO;;;;NO;ARCA
WATT;NO;SI;NO;;;;SI;NASDAQ
WATS;NO;SI;NO;;;;NO;BATS
WALD;NO;SI;NO;;;;NO;NASDAQ
WAL.PRA;NO;SI;NO;;;;SI;NYSE
AMKX;NO;SI;NO;;;;NO;BATS
MYLD;NO;SI;NO;;;;NO;BATS
CDTTW;NO;SI;NO;;;;SI;NASDAQ
CDTG;NO;SI;NO;;;;SI;NASDAQ
WAGN;NO;SI;NO;;;;NO;ARCA
WAFU;NO;SI;NO;;;;SI;NASDAQ
WAFDP;NO;SI;NO;;;;SI;NASDAQ
WABF;NO;SI;NO;;;;NO;NASDAQ
FTMH;NO;SI;NO;;;;NO;ARCA
FTHM;NO;SI;NO;;;;SI;NASDAQ
FTHI;NO;SI;NO;;;;NO;NASDAQ
VYLD;NO;SI;NO;;;;NO;ARCA
F.PRC;NO;SI;NO;;;;SI;NYSE
FEMV;NO;SI;NO;;;;NO;ARCA
VXZ;NO;SI;NO;;;;NO;BATS
VXX;NO;SI;NO;;;;NO;BATS
GIWWR;NO;SI;NO;;;;SI;NASDAQ
VWAV;NO;SI;NO;;;;SI;NASDAQ
VWAPY;NO;SI;NO;;;;NO;OTC
VVOS;NO;SI;NO;;;;SI;NASDAQ
BHAVU;NO;SI;NO;;;;SI;NASDAQ
VUZI;NO;SI;NO;;;;NO;NASDAQ
VUSV;NO;SI;NO;;;;NO;BATS
VUSI;NO;SI;NO;;;;NO;ARCA
VUSG;NO;SI;NO;;;;NO;BATS
VUSE;NO;SI;NO;;;;NO;ARCA
AMKL;NO;SI;NO;;;;NO;BATS
VTVT;NO;SI;NO;;;;SI;NASDAQ
VTP;NO;SI;NO;;;;NO;ARCA
VTN;NO;SI;NO;;;;NO;NYSE
VTIX;NO;SI;NO;;;;SI;NASDAQ
CDT;NO;SI;NO;;;;SI;NASDAQ
VTGN;NO;SI;NO;;;;SI;NASDAQ
VTG;NO;SI;NO;;;;NO;ARCA
VTES;NO;SI;NO;;;;NO;ARCA
VTEL;NO;SI;NO;;;;NO;BATS
CDROW;NO;SI;NO;;;;SI;NASDAQ
VTEI;NO;SI;NO;;;;NO;BATS
VTEB;NO;SI;NO;;;;NO;ARCA
VSAT;NO;SI;SI;;;;NO;NASDAQ
VSTL;NO;SI;NO;;;;NO;NASDAQ
CDPI;NO;SI;NO;;;;NO;ARCA
HEDJ;NO;SI;NO;;;;NO;ARCA
VSOL;NO;SI;NO;;;;NO;NASDAQ
VSMV;NO;SI;NO;;;;NO;NASDAQ
VSME;NO;SI;NO;;;;SI;NASDAQ
HEEM;NO;SI;NO;;;;NO;BATS
VSLU;NO;SI;NO;;;;NO;ARCA
VSHY;NO;SI;NO;;;;NO;ARCA
CDL;NO;SI;NO;;;;NO;NASDAQ
VSECU;NO;SI;NO;;;;SI;NASDAQ
VSDM;NO;SI;NO;;;;NO;BATS
VSDB;NO;SI;NO;;;;NO;BATS
VSDA;NO;SI;NO;;;;NO;NASDAQ
VSA;NO;SI;NO;;;;SI;NASDAQ
FTHF;NO;SI;NO;;;;NO;ARCA
FTHB;NO;SI;NO;;;;NO;ARCA
VRXAW;NO;SI;NO;;;;SI;NASDAQ
CDIOW;NO;SI;NO;;;;SI;NASDAQ
FTHAW;NO;SI;NO;;;;SI;NASDAQ
VRXA;NO;SI;NO;;;;NO;NASDAQ
VRTL;NO;SI;NO;;;;NO;NASDAQ
VRP;NO;SI;NO;;;;NO;ARCA
FTHA;NO;SI;NO;;;;SI;NASDAQ
DLPN;NO;SI;NO;;;;SI;NASDAQ
VRM;NO;SI;NO;;;;SI;NASDAQ
FTH;NO;SI;NO;;;;SI;NASDAQ
VRIG;NO;SI;NO;;;;NO;NASDAQ
VRC;NO;SI;NO;;;;NO;BATS
VRAX;NO;SI;NO;;;;SI;NASDAQ
FTGS;NO;SI;NO;;;;NO;NASDAQ
CDIO;NO;SI;NO;;;;SI;NASDAQ
CDIG;NO;SI;NO;;;;NO;NASDAQ
VPX;NO;SI;NO;;;;NO;ARCA
VPV;NO;SI;NO;;;;NO;NYSE
VPLS;NO;SI;NO;;;;NO;NASDAQ
JETU;NO;SI;NO;;;;NO;ARCA
VPFF;NO;SI;NO;;;;NO;ARCA
VPC;NO;SI;NO;;;;NO;ARCA
VOYA.PRB;NO;SI;NO;;;;SI;NYSE
INRO;NO;SI;NO;;;;NO;NASDAQ
VOXP;NO;SI;NO;;;;NO;BATS
CDEI;NO;SI;NO;;;;NO;ARCA
VOTE;NO;SI;NO;;;;NO;NASDAQ
VOOX;NO;SI;NO;;;;NO;BATS
VOGX;NO;SI;NO;;;;SI;NASDAQ
VNSE;NO;SI;NO;;;;NO;ARCA
VNO.PRO;NO;SI;NO;;;;SI;NYSE
VNO.PRN;NO;SI;NO;;;;SI;NYSE
VNO.PRM;NO;SI;NO;;;;SI;NYSE
VNO.PRL;NO;SI;NO;;;;SI;NYSE
VNMEW;NO;SI;NO;;;;SI;NASDAQ
VNMEU;NO;SI;NO;;;;SI;NASDAQ
VNME;NO;SI;NO;;;;SI;NASDAQ
VNIE;NO;SI;NO;;;;NO;ARCA
AMKBY;NO;SI;NO;;;;NO;OTC
VNCE;NO;SI;NO;;;;SI;NASDAQ
VNAM;NO;SI;NO;;;;NO;ARCA
VMSB;NO;SI;NO;;;;NO;ARCA
VMO;NO;SI;NO;;;;NO;NYSE
VMET;NO;SI;NO;;;;NO;NASDAQ
VMAX;NO;SI;NO;;;;NO;BATS
VMAR;NO;SI;NO;;;;SI;NASDAQ
VLYPP;NO;SI;NO;;;;SI;NASDAQ
FTFT;NO;SI;NO;;;;SI;NASDAQ
VLO;NO;SI;SI;;;;NO;NYSE
VLYPO;NO;SI;NO;;;;SI;NASDAQ
FTF;NO;SI;NO;;;;NO;AMEX
VLYPN;NO;SI;NO;;;;SI;NASDAQ
VLVLY;NO;SI;NO;;;;NO;OTC
VLU;NO;SI;NO;;;;NO;ARCA
VLOSU;NO;SI;NO;;;;SI;NASDAQ
VLOS;NO;SI;NO;;;;SI;NASDAQ
JXX;NO;SI;NO;;;;NO;BATS
VLLU;NO;SI;NO;;;;NO;ARCA
CD;NO;SI;NO;;;;NO;NASDAQ
VIXM;NO;SI;NO;;;;NO;BATS
VIVS;NO;SI;NO;;;;SI;NASDAQ
VIVO;NO;SI;NO;;;;SI;NASDAQ
VIVK;NO;SI;NO;;;;SI;NASDAQ
VIS;NO;SI;NO;;;;NO;ARCA
VINP;NO;SI;NO;;;;NO;NASDAQ
VII.WS;NO;SI;NO;;;;SI;NYSE
VII.U;NO;SI;NO;;;;SI;NYSE
VGUS;NO;SI;SI;;;;NO;NASDAQ
VIDI;NO;SI;NO;;;;NO;ARCA
VIDA;NO;SI;NO;;;;SI;AMEX
VICE;NO;SI;NO;;;;NO;ARCA
VHUB;NO;SI;NO;;;;NO;NASDAQ
FTEK;NO;SI;NO;;;;SI;NASDAQ
VHCPW;NO;SI;NO;;;;SI;NASDAQ
AMJB;NO;SI;NO;;;;NO;ARCA
VHCPU;NO;SI;NO;;;;SI;NASDAQ
AMIX;NO;SI;NO;;;;SI;NASDAQ
VHCP;NO;SI;NO;;;;SI;NASDAQ
LIAE;NO;SI;NO;;;;NO;BATS
LIME;NO;SI;NO;;;;NO;NASDAQ
VGZ;NO;SI;NO;;;;NO;AMEX
VGVT;NO;SI;NO;;;;NO;ARCA
VFH;NO;SI;SI;;;;NO;ARCA
VGRO;NO;SI;NO;;;;NO;ARCA
VGMS;NO;SI;NO;;;;NO;BATS
VGM;NO;SI;NO;;;;NO;NYSE
VGI;NO;SI;NO;;;;NO;NYSE
FTDS;NO;SI;NO;;;;NO;NASDAQ
VGHY;NO;SI;NO;;;;NO;BATS
VGASW;NO;SI;NO;;;;SI;NASDAQ
VFSWW;NO;SI;NO;;;;SI;NASDAQ
VFS;NO;SI;NO;;;;NO;NASDAQ
VFQY;NO;SI;NO;;;;NO;BATS
VFMV;NO;SI;NO;;;;NO;BATS
VFMO;NO;SI;NO;;;;NO;BATS
FTCE;NO;SI;NO;;;;NO;ARCA
VEEV;NO;SI;SI;;;;NO;NYSE
VEXC;NO;SI;NO;;;;NO;ARCA
VETZ;NO;SI;NO;;;;NO;ARCA
VERS;NO;SI;NO;;;;NO;ARCA
FTCB;NO;SI;NO;;;;NO;ARCA
VEMY;NO;SI;NO;;;;NO;ARCA
VEM;NO;SI;NO;;;;NO;ARCA
ECML;NO;SI;NO;;;;NO;ARCA
VELO;NO;SI;NO;;;;SI;NASDAQ
VELL;NO;SI;NO;;;;NO;BATS
VEGA;NO;SI;NO;;;;NO;ARCA
VEFA;NO;SI;NO;;;;NO;NASDAQ
FLRG;NO;SI;NO;;;;NO;ARCA
VEEE;NO;SI;NO;;;;SI;NASDAQ
VDE;NO;SI;SI;;;;NO;ARCA
MESHU;NO;SI;NO;;;;SI;NASDAQ
MESHW;NO;SI;NO;;;;SI;NASDAQ
VEEAW;NO;SI;NO;;;;SI;NASDAQ
VEEA;NO;SI;NO;;;;NO;NASDAQ
VECA.U;NO;SI;NO;;;;SI;NYSE
VECA.RT;NO;SI;NO;;;;SI;NYSE
VDIG;NO;SI;NO;;;;NO;BATS
VDG;NO;SI;NO;;;;NO;BATS
VCX;NO;SI;NO;;;;NO;NYSE
VCV;NO;SI;NO;;;;NO;NYSE
VCRE;NO;SI;NO;;;;SI;NASDAQ
VCLN;NO;SI;NO;;;;NO;ARCA
VCIG;NO;SI;NO;;;;SI;NASDAQ
VCHY;NO;SI;NO;;;;NO;BATS
FTCA;NO;SI;NO;;;;NO;ARCA
VBX;NO;SI;NO;;;;NO;BATS
VBND;NO;SI;NO;;;;NO;ARCA
VBNB;NO;SI;NO;;;;NO;NASDAQ
VBIO;NO;SI;NO;;;;SI;NASDAQ
VBCJ;NO;SI;NO;;;;NO;NASDAQ
VBCI;NO;SI;NO;;;;NO;NASDAQ
FTC;NO;SI;NO;;;;NO;NASDAQ
FWAC;NO;SI;NO;;;;SI;NASDAQ
VBCH;NO;SI;NO;;;;NO;NASDAQ
VBCG;NO;SI;NO;;;;NO;NASDAQ
VAL;NO;SI;SI;;;;NO;NYSE
VBCF;NO;SI;NO;;;;NO;NASDAQ
VBCE;NO;SI;NO;;;;NO;NASDAQ
VBCD;NO;SI;NO;;;;NO;NASDAQ
VBCC;NO;SI;NO;;;;NO;NASDAQ
VBCB;NO;SI;NO;;;;NO;NASDAQ
VBCA;NO;SI;NO;;;;NO;NASDAQ
VAMO;NO;SI;NO;;;;NO;BATS
VALQ;NO;SI;NO;;;;NO;ARCA
VALN;NO;SI;NO;;;;NO;NASDAQ
FTBI;NO;SI;NO;;;;NO;ARCA
VALG;NO;SI;NO;;;;NO;NASDAQ
CCZ;NO;SI;NO;;;;SI;NYSE
VALE;NO;SI;NO;;;;NO;NYSE
VAL.WS;NO;SI;NO;;;;SI;NYSE
GGN;NO;SI;NO;;;;NO;AMEX
VAIE;NO;SI;NO;;;;NO;ARCA
VACI.WS;NO;SI;NO;;;;SI;NYSE
MTNE.WS;NO;SI;NO;;;;SI;NYSE
VACI.U;NO;SI;NO;;;;SI;NYSE
CCXIW;NO;SI;NO;;;;SI;NASDAQ
UZX;NO;SI;NO;;;;NO;NASDAQ
UZF;NO;SI;NO;;;;SI;NYSE
UZE;NO;SI;NO;;;;SI;NYSE
UZD;NO;SI;NO;;;;SI;NYSE
FTAIM;NO;SI;NO;;;;SI;NASDAQ
UYSCU;NO;SI;NO;;;;SI;NASDAQ
UYSCR;NO;SI;NO;;;;SI;NASDAQ
UYSC;NO;SI;NO;;;;SI;NASDAQ
FTAG;NO;SI;NO;;;;NO;NASDAQ
UYG;NO;SI;NO;;;;NO;ARCA
UXRP;NO;SI;NO;;;;NO;ARCA
AGMI;NO;SI;NO;;;;NO;NASDAQ
UXOC;NO;SI;NO;;;;NO;BATS
UXJL;NO;SI;NO;;;;NO;BATS
UXJA;NO;SI;NO;;;;NO;BATS
UXI;NO;SI;NO;;;;NO;ARCA
FTA;NO;SI;NO;;;;NO;NASDAQ
UTL;NO;SI;SI;;;;NO;NYSE
CCXIU;NO;SI;NO;;;;SI;NASDAQ
CCXI;NO;SI;NO;;;;SI;NASDAQ
UXAP;NO;SI;NO;;;;NO;BATS
CCUP;NO;SI;NO;;;;NO;BATS
UX;NO;SI;NO;;;;NO;BATS
UWMC;NO;SI;NO;;;;NO;NYSE
UWM;NO;SI;NO;;;;NO;ARCA
UVRBY;NO;SI;NO;;;;NO;OTC
UTWY;NO;SI;NO;;;;NO;NASDAQ
UTWO;NO;SI;NO;;;;NO;NASDAQ
UTSL;NO;SI;NO;;;;NO;ARCA
CCTG;NO;SI;NO;;;;SI;NASDAQ
UTRE;NO;SI;NO;;;;NO;NASDAQ
CCSO;NO;SI;NO;;;;NO;NASDAQ
USX;NO;SI;NO;;;;NO;BATS
USVN;NO;SI;NO;;;;NO;NASDAQ
USVM;NO;SI;NO;;;;NO;NASDAQ
UST;NO;SI;NO;;;;NO;ARCA
USSH;NO;SI;NO;;;;NO;NASDAQ
USSG;NO;SI;NO;;;;NO;ARCA
USSE;NO;SI;NO;;;;NO;ARCA
USPX;NO;SI;NO;;;;NO;ARCA
USNG;NO;SI;NO;;;;NO;ARCA
USML;NO;SI;NO;;;;NO;ARCA
FT;NO;SI;NO;;;;NO;NYSE
USMD;NO;SI;NO;;;;NO;ARCA
ACH;NO;SI;NO;;;;NO;NYSE
FSZ;NO;SI;NO;;;;NO;NASDAQ
CCSB;NO;SI;NO;;;;NO;NASDAQ
FSYD;NO;SI;NO;;;;NO;ARCA
USMC;NO;SI;NO;;;;NO;NASDAQ
USLV;NO;SI;NO;;;;NO;ARCA
CCRP;NO;SI;NO;;;;NO;ARCA
USLN;NO;SI;NO;;;;NO;BATS
USIN;NO;SI;NO;;;;NO;NASDAQ
USGO;NO;SI;NO;;;;NO;NASDAQ
USGG;NO;SI;NO;;;;NO;NASDAQ
USG;NO;SI;NO;;;;NO;ARCA
USFI;NO;SI;NO;;;;NO;NASDAQ
USEP;NO;SI;NO;;;;NO;BATS
USEA;NO;SI;NO;;;;SI;NASDAQ
PQAP;NO;SI;NO;;;;NO;NASDAQ
CCPX;NO;SI;NO;;;;NO;BATS
USE;NO;SI;NO;;;;NO;ARCA
USDX;NO;SI;NO;;;;NO;NASDAQ
USDU;NO;SI;NO;;;;NO;ARCA
USDEW;NO;SI;NO;;;;SI;NASDAQ
USCL;NO;SI;NO;;;;NO;NASDAQ
USCB;NO;SI;NO;;;;SI;NASDAQ
USCA;NO;SI;NO;;;;NO;ARCA
CCOR;NO;SI;NO;;;;NO;ARCA
USBC;NO;SI;NO;;;;NO;AMEX
USB.PRQ;NO;SI;NO;;;;SI;NYSE
USB.PRP;NO;SI;NO;;;;SI;NYSE
USB.PRA;NO;SI;NO;;;;SI;NYSE
USAX;NO;SI;NO;;;;NO;BATS
USAI;NO;SI;NO;;;;NO;ARCA
USAF;NO;SI;NO;;;;NO;NASDAQ
CCNEP;NO;SI;NO;;;;SI;NASDAQ
URE;NO;SI;NO;;;;NO;ARCA
UPXI;NO;SI;NO;;;;NO;NASDAQ
UPW;NO;SI;NO;;;;NO;ARCA
UPV;NO;SI;NO;;;;NO;ARCA
UPSX;NO;SI;NO;;;;NO;BATS
FSTB;NO;SI;NO;;;;NO;NASDAQ
UPSD;NO;SI;NO;;;;NO;BATS
UPSC;NO;SI;NO;;;;NO;BATS
UPMMY;NO;SI;NO;;;;NO;OTC
ALVOW;NO;SI;NO;;;;SI;NASDAQ
LITG;NO;SI;NO;;;;NO;BATS
UPGR;NO;SI;NO;;;;NO;NASDAQ
UPGD;NO;SI;NO;;;;NO;ARCA
CCM;NO;SI;NO;;;;SI;NYSE
UPB;NO;SI;NO;;;;NO;NASDAQ
UPAL;NO;SI;NO;;;;NO;ARCA
CCID;NO;SI;NO;;;;SI;NYSE
UP;NO;SI;NO;;;;SI;NYSE
UONEK;NO;SI;NO;;;;SI;NASDAQ
CCHH;NO;SI;NO;;;;SI;NASDAQ
UOCT;NO;SI;NO;;;;NO;BATS
UNX;NO;SI;NO;;;;NO;BATS
UNMA;NO;SI;NO;;;;SI;NYSE
FSRCY;NO;SI;NO;;;;NO;OTC
CCG;NO;SI;NO;;;;NO;NASDAQ
UNIY;NO;SI;NO;;;;NO;NASDAQ
CCFE;NO;SI;NO;;;;NO;NASDAQ
UNHW;NO;SI;NO;;;;NO;BATS
UNHU;NO;SI;NO;;;;NO;ARCA
UNHG;NO;SI;NO;;;;NO;NASDAQ
FSPC;NO;SI;NO;;;;NO;ARCA
UN;NO;SI;NO;;;;NO;BATS
UMI;NO;SI;NO;;;;NO;ARCA
UMH.PRD;NO;SI;NO;;;;SI;NYSE
FSP;NO;SI;NO;;;;NO;AMEX
SBFM;NO;SI;NO;;;;SI;NASDAQ
SBFMW;NO;SI;NO;;;;SI;NASDAQ
UMDD;NO;SI;NO;;;;NO;ARCA
UMCX;NO;SI;NO;;;;NO;BATS
UMBFO;NO;SI;NO;;;;SI;NASDAQ
UIS;NO;SI;SI;;;;NO;NYSE
UMAY;NO;SI;NO;;;;NO;BATS
MEVOW;NO;SI;NO;;;;SI;NASDAQ
FSMD;NO;SI;NO;;;;NO;ARCA
UMAR;NO;SI;NO;;;;NO;BATS
UMAL;NO;SI;NO;;;;NO;BATS
CCEF;NO;SI;NO;;;;NO;ARCA
ULVM;NO;SI;NO;;;;NO;NASDAQ
FSMB;NO;SI;NO;;;;NO;ARCA
ULTY;NO;SI;NO;;;;NO;ARCA
CCCTW;NO;SI;NO;;;;SI;NASDAQ
ULTI;NO;SI;NO;;;;NO;NASDAQ
ULST;NO;SI;NO;;;;NO;ARCA
ULBI;NO;SI;NO;;;;SI;NASDAQ
AMBP;NO;SI;NO;;;;NO;NYSE
UK;NO;SI;NO;;;;SI;NASDAQ
UJUN;NO;SI;NO;;;;NO;BATS
SID;NO;SI;NO;;;;NO;NYSE
UJUL;NO;SI;NO;;;;NO;BATS
UJB;NO;SI;NO;;;;NO;ARCA
UJAN;NO;SI;NO;;;;NO;BATS
UGLD;NO;SI;NO;;;;NO;ARCA
CCCTU;NO;SI;NO;;;;SI;NASDAQ
UGE;NO;SI;NO;;;;NO;ARCA
UGA;NO;SI;NO;;;;NO;ARCA
UFG;NO;SI;NO;;;;SI;NASDAQ
UFEB;NO;SI;NO;;;;NO;BATS
UEVM;NO;SI;NO;;;;NO;NASDAQ
UECG;NO;SI;NO;;;;NO;NASDAQ
UDN;NO;SI;NO;;;;NO;ARCA
UDIV;NO;SI;NO;;;;NO;ARCA
UDEC;NO;SI;NO;;;;NO;BATS
UCYB;NO;SI;NO;;;;NO;NASDAQ
UCTX;NO;SI;NO;;;;NO;BATS
FSIG;NO;SI;NO;;;;NO;ARCA
UCO;NO;SI;NO;;;;NO;ARCA
UCL;NO;SI;NO;;;;SI;NASDAQ
UCIB;NO;SI;NO;;;;NO;ARCA
UCFIW;NO;SI;NO;;;;SI;NASDAQ
UCFI;NO;SI;NO;;;;SI;NASDAQ
UBSFY;NO;SI;NO;;;;NO;OTC
UBRL;NO;SI;NO;;;;NO;NASDAQ
UBOT;NO;SI;NO;;;;NO;ARCA
CCCT;NO;SI;NO;;;;SI;NASDAQ
AFGC;NO;SI;NO;;;;SI;NYSE
UBND;NO;SI;NO;;;;NO;NASDAQ
UBEW;NO;SI;NO;;;;NO;BATS
UBCP;NO;SI;NO;;;;SI;NASDAQ
CCAQW;NO;SI;NO;;;;SI;NASDAQ
UAUG;NO;SI;NO;;;;NO;BATS
SWVL;NO;SI;NO;;;;SI;NASDAQ
UAPR;NO;SI;NO;;;;NO;BATS
UAE;NO;SI;NO;;;;NO;NASDAQ
SWVLW;NO;SI;NO;;;;SI;NASDAQ
UAC.WS;NO;SI;NO;;;;SI;AMEX
UAC.U;NO;SI;NO;;;;SI;AMEX
UAC;NO;SI;NO;;;;SI;AMEX
TZA;NO;SI;NO;;;;NO;ARCA
TACHW;NO;SI;NO;;;;SI;NASDAQ
AMIGY;NO;SI;NO;;;;NO;OTC
TXNM;NO;SI;SI;;;;NO;NYSE
TYLD;NO;SI;NO;;;;NO;BATS
FSHPU;NO;SI;NO;;;;SI;NASDAQ
TYG;NO;SI;NO;;;;NO;NYSE
TY.PR;NO;SI;NO;;;;SI;NYSE
TXXS;NO;SI;NO;;;;NO;NASDAQ
TXXI;NO;SI;NO;;;;NO;ARCA
TXXH;NO;SI;NO;;;;NO;NASDAQ
TXXD;NO;SI;NO;;;;NO;NASDAQ
TXUG;NO;SI;NO;;;;NO;NASDAQ
ACGR;NO;SI;NO;;;;NO;ARCA
TXUE;NO;SI;NO;;;;NO;NASDAQ
BTCT;NO;SI;NO;;;;SI;NASDAQ
TXS;NO;SI;NO;;;;NO;ARCA
AMHI;NO;SI;NO;;;;NO;ARCA
TXMD;NO;SI;NO;;;;SI;NASDAQ
CCAQU;NO;SI;NO;;;;SI;NASDAQ
TXBC;NO;SI;NO;;;;NO;ARCA
TWSC;NO;SI;NO;;;;NO;BATS
TWOX;NO;SI;NO;;;;NO;BATS
AMH.PRH;NO;SI;NO;;;;SI;NYSE
ACGO;NO;SI;NO;;;;NO;BATS
TWOD;NO;SI;NO;;;;SI;NYSE
TWO.PRC;NO;SI;NO;;;;SI;NYSE
TWO.PRB;NO;SI;NO;;;;SI;NYSE
TWO.PRA;NO;SI;NO;;;;SI;NYSE
TWM;NO;SI;NO;;;;NO;ARCA
TWLVU;NO;SI;NO;;;;SI;NASDAQ
TWLV;NO;SI;NO;;;;SI;NASDAQ
TWAV;NO;SI;NO;;;;SI;NASDAQ
TVRD;NO;SI;NO;;;;SI;NASDAQ
TVIVW;NO;SI;NO;;;;SI;NASDAQ
AFGB;NO;SI;NO;;;;SI;NYSE
TVIVU;NO;SI;NO;;;;SI;NASDAQ
TVIV;NO;SI;NO;;;;SI;NASDAQ
FSHP;NO;SI;NO;;;;SI;NASDAQ
DMAAU;NO;SI;NO;;;;SI;NASDAQ
TVGNW;NO;SI;NO;;;;SI;NASDAQ
TVGN;NO;SI;NO;;;;SI;NASDAQ
TVE;NO;SI;NO;;;;SI;NYSE
TVAL;NO;SI;NO;;;;NO;ARCA
EFO;NO;SI;NO;;;;NO;ARCA
FSEV;NO;SI;NO;;;;NO;ARCA
TVAIU;NO;SI;NO;;;;SI;NASDAQ
TVAIR;NO;SI;NO;;;;SI;NASDAQ
CCAQ;NO;SI;NO;;;;SI;NASDAQ
TVAI;NO;SI;NO;;;;SI;NASDAQ
TVACW;NO;SI;NO;;;;SI;NASDAQ
TVACU;NO;SI;NO;;;;SI;NASDAQ
ACGLO;NO;SI;NO;;;;SI;NASDAQ
TVA;NO;SI;NO;;;;SI;NASDAQ
AMH.PRG;NO;SI;NO;;;;SI;NYSE
TUSI;NO;SI;NO;;;;NO;BATS
TUSB;NO;SI;NO;;;;NO;ARCA
TURF;NO;SI;NO;;;;NO;NASDAQ
TURB;NO;SI;NO;;;;SI;NASDAQ
TUR;NO;SI;NO;;;;NO;NASDAQ
TULP;NO;SI;NO;;;;SI;NASDAQ
TUGN;NO;SI;NO;;;;NO;NASDAQ
TUG;NO;SI;NO;;;;NO;NASDAQ
AMGR;NO;SI;NO;;;;NO;NASDAQ
TTXU;NO;SI;NO;;;;NO;ARCA
TTT;NO;SI;NO;;;;NO;ARCA
BGI;NO;SI;NO;;;;SI;AMEX
TTOP;NO;SI;NO;;;;NO;ARCA
CBXY;NO;SI;NO;;;;NO;BATS
TTMX;NO;SI;NO;;;;NO;BATS
TTEQ;NO;SI;NO;;;;NO;NASDAQ
TTDU;NO;SI;NO;;;;NO;BATS
TSN;NO;SI;SI;;;;NO;NYSE
TSYY;NO;SI;NO;;;;NO;NASDAQ
FSEP;NO;SI;NO;;;;NO;BATS
TSYX;NO;SI;NO;;;;NO;NASDAQ
TSYW;NO;SI;NO;;;;NO;BATS
TSXU;NO;SI;NO;;;;NO;ARCA
TSXD;NO;SI;NO;;;;NO;ARCA
CBXO;NO;SI;NO;;;;NO;BATS
TSUI;NO;SI;NO;;;;NO;NASDAQ
TSSD;NO;SI;NO;;;;NO;ARCA
TSRS;NO;SI;NO;;;;NO;ARCA
TSPX;NO;SI;NO;;;;NO;BATS
AMEM;NO;SI;NO;;;;NO;NASDAQ
TSOL;NO;SI;NO;;;;NO;BATS
TSNF;NO;SI;NO;;;;NO;ARCA
CABGY;NO;SI;NO;;;;NO;OTC
TSMZ;NO;SI;NO;;;;NO;NASDAQ
TSMY;NO;SI;NO;;;;NO;ARCA
TSMU;NO;SI;NO;;;;NO;NASDAQ
FSEG;NO;SI;NO;;;;NO;ARCA
TSMG;NO;SI;NO;;;;NO;NASDAQ
TSME;NO;SI;NO;;;;NO;ARCA
CBXL;NO;SI;NO;;;;NO;BATS
TSLZ;NO;SI;NO;;;;NO;BATS
TSLY;NO;SI;NO;;;;NO;ARCA
TSLX;NO;SI;NO;;;;NO;NYSE
TSLW;NO;SI;NO;;;;NO;BATS
FSEA;NO;SI;NO;;;;SI;NASDAQ
TSLT;NO;SI;NO;;;;NO;BATS
TSLS;NO;SI;NO;;;;NO;NASDAQ
TSLR;NO;SI;NO;;;;NO;NASDAQ
TSLQ;NO;SI;NO;;;;NO;NASDAQ
CBXJ;NO;SI;NO;;;;NO;BATS
TSLP;NO;SI;NO;;;;NO;BATS
TSLL;NO;SI;NO;;;;NO;NASDAQ
TSLI;NO;SI;NO;;;;NO;ARCA
TSLG;NO;SI;NO;;;;NO;NASDAQ
CBXA;NO;SI;NO;;;;NO;BATS
TSL;NO;SI;NO;;;;NO;NASDAQ
TSII;NO;SI;NO;;;;NO;BATS
TSIC;NO;SI;NO;;;;NO;ARCA
TSI;NO;SI;NO;;;;NO;NYSE
TSEU;NO;SI;NO;;;;NO;BATS
TSES;NO;SI;NO;;;;NO;ARCA
TSEP;NO;SI;NO;;;;NO;BATS
TSEL;NO;SI;NO;;;;NO;NASDAQ
TSEG;NO;SI;NO;;;;NO;BATS
TSEC;NO;SI;NO;;;;NO;ARCA
TSDD;NO;SI;NO;;;;NO;NASDAQ
FSCS;NO;SI;NO;;;;NO;NASDAQ
TSCV;NO;SI;NO;;;;NO;ARCA
TSCM;NO;SI;NO;;;;NO;NASDAQ
FSCC;NO;SI;NO;;;;NO;ARCA
TRVG;NO;SI;NO;;;;SI;NASDAQ
TRUT;NO;SI;NO;;;;NO;NASDAQ
TRUR;NO;SI;NO;;;;NO;NASDAQ
FRWD;NO;SI;NO;;;;NO;NASDAQ
AMEI;NO;SI;NO;;;;NO;NASDAQ
TRUO;NO;SI;NO;;;;NO;NASDAQ
TRUN;NO;SI;NO;;;;NO;NASDAQ
AMDY;NO;SI;NO;;;;NO;ARCA
TRUM;NO;SI;NO;;;;NO;NASDAQ
TRUI;NO;SI;NO;;;;NO;NASDAQ
TRUH;NO;SI;NO;;;;NO;NASDAQ
TRUG;NO;SI;NO;;;;SI;NASDAQ
TRUF;NO;SI;NO;;;;NO;NASDAQ
AMDW;NO;SI;NO;;;;NO;BATS
TRUD;NO;SI;NO;;;;NO;NASDAQ
TRUC;NO;SI;NO;;;;NO;NASDAQ
TRTX.PRC;NO;SI;NO;;;;SI;NYSE
ACGCU;NO;SI;NO;;;;SI;NASDAQ
TRTN.PRG;NO;SI;NO;;;;SI;NYSE
TRTN.PRF;NO;SI;NO;;;;SI;NYSE
TRTN.PRE;NO;SI;NO;;;;SI;NYSE
TRN;NO;SI;SI;;;;NO;NYSE
TRTN.PRC;NO;SI;NO;;;;SI;NYSE
TRTN.PRB;NO;SI;NO;;;;SI;NYSE
FRT.PRC;NO;SI;NO;;;;SI;NYSE
FRSX;NO;SI;NO;;;;SI;NASDAQ
TRTN.PRA;NO;SI;NO;;;;SI;NYSE
TRSY;NO;SI;NO;;;;NO;BATS
TRSG;NO;SI;NO;;;;SI;NASDAQ
TROT;NO;SI;NO;;;;NO;ARCA
HPAI;NO;SI;NO;;;;SI;NASDAQ
AMDL;NO;SI;NO;;;;NO;NASDAQ
TROO;NO;SI;NO;;;;NO;NASDAQ
TRON;NO;SI;NO;;;;NO;NASDAQ
TRNZ;NO;SI;NO;;;;SI;NYSE
FRNW;NO;SI;NO;;;;NO;BATS
TRNR;NO;SI;NO;;;;SI;NASDAQ
TRNI;NO;SI;NO;;;;SI;NYSE
CBTY;NO;SI;NO;;;;NO;BATS
TRND;NO;SI;NO;;;;NO;ARCA
ACGC;NO;SI;NO;;;;SI;NASDAQ
CBTO;NO;SI;NO;;;;NO;BATS
TRMD;NO;SI;NO;;;;NO;NASDAQ
AMDD;NO;SI;NO;;;;NO;NASDAQ
DJUL;NO;SI;NO;;;;NO;BATS
TRIN;NO;SI;NO;;;;NO;NYSE
TRIB;NO;SI;NO;;;;SI;NASDAQ
TRGSU;NO;SI;NO;;;;SI;NASDAQ
TRGSR;NO;SI;NO;;;;SI;NASDAQ
CBTL;NO;SI;NO;;;;NO;BATS
TRGS;NO;SI;NO;;;;SI;NASDAQ
TRFK;NO;SI;NO;;;;NO;ARCA
TRBF;NO;SI;NO;;;;NO;NASDAQ
TRAW;NO;SI;NO;;;;SI;NASDAQ
TRAD.U;NO;SI;NO;;;;SI;NYSE
TPG;NO;SI;SI;;;;NO;NASDAQ
TRAD.RT;NO;SI;NO;;;;SI;NYSE
TQQY;NO;SI;NO;;;;NO;NASDAQ
TPST;NO;SI;NO;;;;SI;NASDAQ
FXAC;NO;SI;NO;;;;SI;NASDAQ
FRMM;NO;SI;NO;;;;SI;NASDAQ
FRI;NO;SI;NO;;;;NO;ARCA
TPSC;NO;SI;NO;;;;NO;ARCA
TPRY;NO;SI;NO;;;;NO;ARCA
TPLX;NO;SI;NO;;;;NO;BATS
TPLS;NO;SI;NO;;;;NO;NASDAQ
CBTA;NO;SI;NO;;;;NO;BATS
TPLC;NO;SI;NO;;;;NO;ARCA
CBRZ;NO;SI;NO;;;;NO;BATS
TPIF;NO;SI;NO;;;;NO;ARCA
FRHC;NO;SI;NO;;;;NO;NASDAQ
TPHD;NO;SI;NO;;;;NO;ARCA
TPGXL;NO;SI;NO;;;;SI;NASDAQ
CBRX;NO;SI;NO;;;;NO;BATS
TPFI;NO;SI;NO;;;;NO;ARCA
TPFG;NO;SI;NO;;;;NO;ARCA
TPFC;NO;SI;NO;;;;NO;ARCA
TPET;NO;SI;NO;;;;SI;AMEX
CBRG;NO;SI;NO;;;;NO;BATS
TPCS;NO;SI;NO;;;;SI;NASDAQ
TPAY;NO;SI;NO;;;;NO;BATS
TP;NO;SI;NO;;;;SI;AMEX
FRGT;NO;SI;NO;;;;SI;NASDAQ
TOYO;NO;SI;NO;;;;SI;NASDAQ
FRGN;NO;SI;NO;;;;NO;ARCA
TOXR;NO;SI;NO;;;;NO;BATS
TOV;NO;SI;NO;;;;NO;ARCA
FREI;NO;SI;NO;;;;NO;NASDAQ
TOUS;NO;SI;NO;;;;NO;ARCA
TOUR;NO;SI;NO;;;;SI;NASDAQ
TOT;NO;SI;NO;;;;NO;ARCA
TORO;NO;SI;NO;;;;SI;NASDAQ
TOPW;NO;SI;NO;;;;NO;BATS
TOPC;NO;SI;NO;;;;NO;ARCA
GPACW;NO;SI;NO;;;;SI;NASDAQ
GPATU;NO;SI;NO;;;;SI;NASDAQ
TOON;NO;SI;NO;;;;NO;AMEX
TONT.WS;NO;SI;NO;;;;SI;AMEX
TONT.U;NO;SI;NO;;;;SI;AMEX
TOMZ;NO;SI;NO;;;;SI;NASDAQ
IIPR.PRA;NO;SI;NO;;;;SI;NYSE
TOLL;NO;SI;NO;;;;NO;BATS
TOK;NO;SI;NO;;;;NO;ARCA
TOCT;NO;SI;NO;;;;NO;BATS
TOAK;NO;SI;NO;;;;NO;ARCA
TNYA;NO;SI;NO;;;;NO;NASDAQ
IJAN;NO;SI;NO;;;;NO;ARCA
TNXT;NO;SI;NO;;;;NO;NASDAQ
TNUK;NO;SI;NO;;;;NO;ARCA
TNONW;NO;SI;NO;;;;SI;NASDAQ
CGCP;NO;SI;NO;;;;NO;ARCA
TNON;NO;SI;NO;;;;SI;NASDAQ
FDEC;NO;SI;NO;;;;NO;BATS
TNMG;NO;SI;NO;;;;SI;NASDAQ
NVBU;NO;SI;NO;;;;NO;BATS
TNA;NO;SI;NO;;;;NO;ARCA
TMYY;NO;SI;NO;;;;NO;NASDAQ
TMVE;NO;SI;NO;;;;NO;ARCA
TMV;NO;SI;NO;;;;NO;ARCA
TMUSZ;NO;SI;NO;;;;SI;NASDAQ
TMUSL;NO;SI;NO;;;;SI;NASDAQ
TMUSI;NO;SI;NO;;;;SI;NASDAQ
TMTSW;NO;SI;NO;;;;SI;NASDAQ
FNWD;NO;SI;NO;;;;SI;NASDAQ
TMTS;NO;SI;NO;;;;SI;NASDAQ
FRBT;NO;SI;NO;;;;SI;NASDAQ
TMSWW;NO;SI;NO;;;;SI;NASDAQ
JENA;NO;SI;NO;;;;SI;NYSE
TMSL;NO;SI;NO;;;;NO;ARCA
SDP;NO;SI;NO;;;;NO;ARCA
TMSF;NO;SI;NO;;;;NO;NASDAQ
TMS;NO;SI;NO;;;;NO;NASDAQ
TMNS;NO;SI;NO;;;;NO;NASDAQ
TMNL;NO;SI;NO;;;;NO;NASDAQ
TMH;NO;SI;NO;;;;NO;ARCA
TMGN;NO;SI;NO;;;;NO;BATS
TMFX;NO;SI;NO;;;;NO;BATS
TMFS;NO;SI;NO;;;;NO;BATS
TMFM;NO;SI;NO;;;;NO;BATS
UVSP;NO;SI;NO;;;;NO;NASDAQ
TMFG;NO;SI;NO;;;;NO;BATS
CHAI;NO;SI;NO;;;;SI;NASDAQ
TMFE;NO;SI;NO;;;;NO;BATS
TMED;NO;SI;NO;;;;NO;NASDAQ
CBOY;NO;SI;NO;;;;NO;BATS
TMDV;NO;SI;NO;;;;NO;BATS
TMCWW;NO;SI;NO;;;;SI;NASDAQ
TMAT;NO;SI;NO;;;;NO;BATS
TMAR;NO;SI;NO;;;;NO;BATS
CBOX;NO;SI;NO;;;;NO;BATS
TLX;NO;SI;NO;;;;NO;NASDAQ
CBOT;NO;SI;NO;;;;NO;BATS
TLTX;NO;SI;NO;;;;NO;BATS
TLTP;NO;SI;NO;;;;NO;BATS
TLTE;NO;SI;NO;;;;NO;ARCA
TLTD;NO;SI;NO;;;;NO;ARCA
TLSIW;NO;SI;NO;;;;SI;NASDAQ
TLRY;NO;SI;NO;;;;NO;NASDAQ
NREF.PRA;NO;SI;NO;;;;SI;NYSE
CBON;NO;SI;NO;;;;NO;ARCA
TLNCW;NO;SI;NO;;;;SI;NASDAQ
HOOC;NO;SI;NO;;;;NO;BATS
TLNCU;NO;SI;NO;;;;SI;NASDAQ
FPXI;NO;SI;NO;;;;NO;NASDAQ
TLNC;NO;SI;NO;;;;SI;NASDAQ
TLIH;NO;SI;NO;;;;SI;NASDAQ
TLG;NO;SI;NO;;;;NO;NASDAQ
THNR;NO;SI;NO;;;;NO;ARCA
TLF;NO;SI;NO;;;;SI;NASDAQ
TLDR;NO;SI;NO;;;;NO;BATS
TLCI;NO;SI;NO;;;;NO;ARCA
TLA;NO;SI;NO;;;;NO;NASDAQ
TKNS;NO;SI;NO;;;;NO;NASDAQ
WWJD;NO;SI;NO;;;;NO;ARCA
TKNQ;NO;SI;NO;;;;NO;ARCA
SCIIR;NO;SI;NO;;;;SI;NASDAQ
TEAD;NO;SI;NO;;;;NO;NASDAQ
CBOJ;NO;SI;NO;;;;NO;BATS
FPXE;NO;SI;NO;;;;NO;NASDAQ
TKLF;NO;SI;NO;;;;SI;NASDAQ
NLY.PRJ;NO;SI;NO;;;;SI;NYSE
TKHVY;NO;SI;NO;;;;NO;OTC
TJUN;NO;SI;NO;;;;NO;BATS
TJUL;NO;SI;NO;;;;NO;BATS
TJGC;NO;SI;NO;;;;SI;NASDAQ
CBOA;NO;SI;NO;;;;NO;BATS
TJAN;NO;SI;NO;;;;NO;BATS
TISC;NO;SI;NO;;;;NO;NASDAQ
AMDC;NO;SI;NO;;;;NO;BATS
TIPZ;NO;SI;NO;;;;NO;ARCA
TIPX;NO;SI;NO;;;;NO;ARCA
TIPD;NO;SI;NO;;;;NO;ARCA
ACES;NO;SI;NO;;;;NO;ARCA
TIPC;NO;SI;NO;;;;NO;ARCA
TIPA;NO;SI;NO;;;;NO;ARCA
TINT;NO;SI;NO;;;;NO;ARCA
TINS;NO;SI;NO;;;;NO;ARCA
TIME;NO;SI;NO;;;;NO;ARCA
NHPBP;NO;SI;NO;;;;SI;NASDAQ
TILT;NO;SI;NO;;;;NO;BATS
ACEP;NO;SI;NO;;;;NO;NASDAQ
TILC;NO;SI;NO;;;;NO;NASDAQ
TIIV;NO;SI;NO;;;;NO;ARCA
TIER;NO;SI;NO;;;;NO;ARCA
THYP;NO;SI;NO;;;;NO;NASDAQ
THYM;NO;SI;NO;;;;NO;NASDAQ
THYF;NO;SI;NO;;;;NO;ARCA
THY;NO;SI;NO;;;;NO;ARCA
CBLS;NO;SI;NO;;;;NO;ARCA
THTA;NO;SI;NO;;;;NO;ARCA
AMCI;NO;SI;NO;;;;SI;NASDAQ
THRV;NO;SI;NO;;;;NO;NASDAQ
BETH;NO;SI;NO;;;;NO;ARCA
THOR;NO;SI;NO;;;;NO;ARCA
THMZ;NO;SI;NO;;;;NO;NASDAQ
DHLGY;NO;SI;NO;;;;NO;OTC
THMR;NO;SI;NO;;;;NO;NYSE
THLV;NO;SI;NO;;;;NO;NYSE
FPWR;NO;SI;NO;;;;NO;ARCA
DAAQ;NO;SI;NO;;;;SI;NASDAQ
THIR;NO;SI;NO;;;;NO;NYSE
THH;NO;SI;NO;;;;SI;NASDAQ
THEQ;NO;SI;NO;;;;NO;ARCA
FPSX;NO;SI;NO;;;;NO;BATS
THEOU;NO;SI;NO;;;;SI;NASDAQ
CBLL;NO;SI;NO;;;;NO;NASDAQ
CBIL;NO;SI;NO;;;;NO;BATS
THCH;NO;SI;NO;;;;SI;NASDAQ
ACEI;NO;SI;NO;;;;NO;ARCA
TGRW;NO;SI;NO;;;;NO;ARCA
TGRT;NO;SI;NO;;;;NO;ARCA
ACCS;NO;SI;NO;;;;SI;AMEX
FPEI;NO;SI;NO;;;;NO;ARCA
TGE.WS;NO;SI;NO;;;;SI;AMEX
TGE;NO;SI;NO;;;;SI;NYSE
AMBR;NO;SI;NO;;;;NO;NASDAQ
TG;NO;SI;NO;;;;NO;NYSE
TFPN;NO;SI;NO;;;;NO;ARCA
PCRHY;NO;SI;NO;;;;NO;OTC
AMBO;NO;SI;NO;;;;SI;AMEX
TFJL;NO;SI;NO;;;;NO;BATS
TFIN.PR;NO;SI;NO;;;;SI;NYSE
TFI;NO;SI;NO;;;;NO;ARCA
TFFI;NO;SI;NO;;;;NO;ARCA
FPE;NO;SI;NO;;;;NO;ARCA
TFC.PRO;NO;SI;NO;;;;SI;NYSE
CBAT;NO;SI;NO;;;;NO;NASDAQ
TFC.PRI;NO;SI;NO;;;;SI;NYSE
TEXU;NO;SI;NO;;;;NO;ARCA
TEXN;NO;SI;NO;;;;NO;NASDAQ
TETH;NO;SI;NO;;;;NO;BATS
TEST;NO;SI;NO;;;;NO;BATS
TESL;NO;SI;NO;;;;NO;ARCA
TESC;NO;SI;NO;;;;NO;BATS
TERC;NO;SI;NO;;;;NO;BATS
TENM;NO;SI;NO;;;;NO;BATS
TEND;NO;SI;NO;;;;NO;BATS
FPAS;NO;SI;NO;;;;NO;BATS
NA;NO;SI;NO;;;;SI;NASDAQ
TEN.PRF;NO;SI;NO;;;;SI;NYSE
TEN.PRE;NO;SI;NO;;;;SI;NYSE
TEMX;NO;SI;NO;;;;NO;BATS
TEMT;NO;SI;NO;;;;NO;BATS
TEMR;NO;SI;NO;;;;NO;ARCA
TEMD;NO;SI;NO;;;;NO;ARCA
TELNY;NO;SI;NO;;;;NO;OTC
AEXA;NO;SI;NO;;;;SI;NYSE
TELG;NO;SI;NO;;;;NO;BATS
TELA;NO;SI;NO;;;;SI;NASDAQ
TEKY;NO;SI;NO;;;;NO;NASDAQ
TEKX;NO;SI;NO;;;;NO;NASDAQ
TEK;NO;SI;NO;;;;NO;ARCA
AETH;NO;SI;NO;;;;NO;ARCA
TECY;NO;SI;NO;;;;NO;NASDAQ
TECS;NO;SI;NO;;;;NO;ARCA
MUSE;NO;SI;NO;;;;NO;NYSE
ELME;NO;SI;NO;;;;NO;NYSE
TEC;NO;SI;NO;;;;NO;ARCA
TDWDU;NO;SI;NO;;;;SI;NASDAQ
TDWDR;NO;SI;NO;;;;SI;NASDAQ
TDWD;NO;SI;NO;;;;SI;NASDAQ
TDVI;NO;SI;NO;;;;NO;BATS
TDV;NO;SI;NO;;;;NO;BATS
FPAG;NO;SI;NO;;;;NO;BATS
EPS;NO;SI;NO;;;;NO;ARCA
TDTT;NO;SI;NO;;;;NO;ARCA
TDTH;NO;SI;NO;;;;SI;NASDAQ
TDSC;NO;SI;NO;;;;NO;NASDAQ
TDS.PRV;NO;SI;NO;;;;SI;NYSE
TDS.PRU;NO;SI;NO;;;;SI;NYSE
TDOT;NO;SI;NO;;;;NO;NASDAQ
KMDA;NO;SI;NO;;;;NO;NASDAQ
TDOG;NO;SI;NO;;;;NO;NASDAQ
TDIV;NO;SI;NO;;;;NO;NASDAQ
TDIC;NO;SI;NO;;;;SI;NASDAQ
IMA;NO;SI;NO;;;;SI;NASDAQ
TDI;NO;SI;NO;;;;NO;NASDAQ
TDEC;NO;SI;NO;;;;NO;BATS
AACO;NO;SI;NO;;;;SI;NASDAQ
QVMM;NO;SI;NO;;;;NO;ARCA
GMF;NO;SI;NO;;;;NO;ARCA
FPAA;NO;SI;NO;;;;NO;BATS
KKR.PRD;NO;SI;NO;;;;SI;NYSE
TDCL;NO;SI;NO;;;;NO;NASDAQ
TDAX;NO;SI;NO;;;;NO;BATS
TDACW;NO;SI;NO;;;;SI;NASDAQ
TDACU;NO;SI;NO;;;;SI;NASDAQ
FPA;NO;SI;NO;;;;NO;NASDAQ
TDAC;NO;SI;NO;;;;SI;NASDAQ
TCV;NO;SI;NO;;;;NO;ARCA
FOXXW;NO;SI;NO;;;;SI;NASDAQ
PBCRY;NO;SI;NO;;;;NO;OTC
TCRX;NO;SI;NO;;;;NO;NASDAQ
FOXX;NO;SI;NO;;;;SI;NASDAQ
FOWF;NO;SI;NO;;;;NO;BATS
TCRT;NO;SI;NO;;;;SI;NASDAQ
FOUR.PRA;NO;SI;NO;;;;SI;NYSE
TCPC;NO;SI;NO;;;;NO;NASDAQ
TCPA;NO;SI;NO;;;;SI;NYSE
TCGX;NO;SI;NO;;;;SI;NASDAQ
TCBIO;NO;SI;NO;;;;SI;NASDAQ
TCAL;NO;SI;NO;;;;NO;ARCA
TCAI;NO;SI;NO;;;;NO;NYSE
TC;NO;SI;NO;;;;SI;NASDAQ
TBX;NO;SI;NO;;;;NO;ARCA
TBT;NO;SI;NO;;;;NO;ARCA
TBN;NO;SI;NO;;;;SI;NYSE
TBLU;NO;SI;NO;;;;NO;NYSE
TBLD;NO;SI;NO;;;;NO;NASDAQ
FOTO;NO;SI;NO;;;;NO;BATS
CAUG;NO;SI;NO;;;;NO;BATS
WRN;NO;SI;NO;;;;NO;AMEX
TBJL;NO;SI;NO;;;;NO;BATS
TBG;NO;SI;NO;;;;NO;ARCA
TBFG;NO;SI;NO;;;;NO;ARCA
XBIL;NO;SI;NO;;;;NO;NASDAQ
TBFC;NO;SI;NO;;;;NO;ARCA
TBF;NO;SI;NO;;;;NO;ARCA
SYPR;NO;SI;NO;;;;SI;NASDAQ
TBCVU;NO;SI;NO;;;;SI;NASDAQ
TBB;NO;SI;NO;;;;SI;NYSE
TAXX;NO;SI;NO;;;;NO;ARCA
TAXT;NO;SI;NO;;;;NO;NASDAQ
TAXS;NO;SI;NO;;;;NO;NASDAQ
WFC.PRL;NO;SI;NO;;;;SI;NYSE
TAXM;NO;SI;NO;;;;NO;ARCA
TAXI;NO;SI;NO;;;;NO;NASDAQ
TAXF;NO;SI;NO;;;;NO;ARCA
OVB;NO;SI;NO;;;;NO;BATS
TAXE;NO;SI;NO;;;;NO;NASDAQ
TAX;NO;SI;NO;;;;NO;NASDAQ
FOMG;NO;SI;NO;;;;NO;BATS
CATLU;NO;SI;NO;;;;SI;NASDAQ
TAVIR;NO;SI;NO;;;;SI;NASDAQ
TAVI;NO;SI;NO;;;;SI;NASDAQ
TATYY;NO;SI;NO;;;;NO;OTC
TARK;NO;SI;NO;;;;NO;NASDAQ
TAPR;NO;SI;NO;;;;NO;BATS
FOIL;NO;SI;NO;;;;NO;NYSE
TAP.A;NO;SI;NO;;;;SI;NYSE
AEHL;NO;SI;NO;;;;SI;NASDAQ
TAOZ;NO;SI;NO;;;;NO;NASDAQ
TAOX;NO;SI;NO;;;;SI;NASDAQ
TANH;NO;SI;NO;;;;SI;NASDAQ
TAN;NO;SI;NO;;;;NO;ARCA
TAJX;NO;SI;NO;;;;NO;BATS
TAGS;NO;SI;NO;;;;NO;ARCA
TAGG;NO;SI;NO;;;;NO;ARCA
TAFM;NO;SI;NO;;;;NO;ARCA
BRNX;NO;SI;NO;;;;NO;NASDAQ
FOFO;NO;SI;NO;;;;NO;NASDAQ
TAFL;NO;SI;NO;;;;NO;ARCA
VVX;NO;SI;SI;;;;NO;NYSE
TAFI;NO;SI;NO;;;;NO;ARCA
TACT;NO;SI;NO;;;;SI;NASDAQ
TACOW;NO;SI;NO;;;;SI;NASDAQ
TACOU;NO;SI;NO;;;;SI;NASDAQ
TACO;NO;SI;NO;;;;SI;NASDAQ
TACK;NO;SI;NO;;;;NO;ARCA
TACHU;NO;SI;NO;;;;SI;NASDAQ
CATG;NO;SI;NO;;;;NO;BATS
FOF;NO;SI;NO;;;;NO;NYSE
MOBBW;NO;SI;NO;;;;SI;NASDAQ
TACH;NO;SI;NO;;;;SI;NASDAQ
TABD;NO;SI;NO;;;;NO;ARCA
AMAX;NO;SI;NO;;;;NO;ARCA
RIG;NO;SI;SI;;;;NO;NYSE
T.PRA;NO;SI;NO;;;;SI;NYSE
AMAN;NO;SI;NO;;;;SI;NASDAQ
SZZLU;NO;SI;NO;;;;SI;NASDAQ
CATF;NO;SI;NO;;;;NO;ARCA
GDLC;NO;SI;SI;;;;NO;ARCA
SZZL;NO;SI;NO;;;;SI;NASDAQ
PLBC;NO;SI;SI;;;;SI;NASDAQ
SZK;NO;SI;NO;;;;NO;ARCA
SYZ;NO;SI;NO;;;;NO;NASDAQ
EIG;NO;SI;SI;;;;NO;NYSE
SYIEY;NO;SI;NO;;;;NO;OTC
SYFI;NO;SI;NO;;;;NO;ARCA
SYF.PRB;NO;SI;NO;;;;SI;NYSE
SYF.PRA;NO;SI;NO;;;;SI;NYSE
SXYAY;NO;SI;NO;;;;NO;OTC
FNX;NO;SI;NO;;;;NO;NASDAQ
SXTPW;NO;SI;NO;;;;SI;NASDAQ
FNWB;NO;SI;NO;;;;SI;NASDAQ
SXTP;NO;SI;NO;;;;SI;NASDAQ
SXTC;NO;SI;NO;;;;SI;NASDAQ
SXQG;NO;SI;NO;;;;NO;ARCA
SWKHL;NO;SI;NO;;;;SI;NASDAQ
MHF;NO;SI;NO;;;;NO;NYSE
SWAN;NO;SI;NO;;;;NO;ARCA
SWAGW;NO;SI;NO;;;;SI;NASDAQ
SWAG;NO;SI;NO;;;;SI;NASDAQ
SVXY;NO;SI;NO;;;;NO;BATS
FNUC;NO;SI;NO;;;;SI;NASDAQ
SVREW;NO;SI;NO;;;;SI;NASDAQ
SVIVW;NO;SI;NO;;;;SI;NASDAQ
SVIVU;NO;SI;NO;;;;SI;NASDAQ
AESPR;NO;SI;NO;;;;SI;NASDAQ
SVIV;NO;SI;NO;;;;SI;NASDAQ
CAST;NO;SI;NO;;;;SI;NASDAQ
SVCCW;NO;SI;NO;;;;SI;NASDAQ
SVCCU;NO;SI;NO;;;;SI;NASDAQ
SVCC;NO;SI;NO;;;;SI;NASDAQ
CAS;NO;SI;NO;;;;NO;ARCA
SUPN;NO;SI;SI;;;;NO;NASDAQ
MFSG;NO;SI;NO;;;;NO;NYSE
CPF;NO;SI;SI;;;;NO;NYSE
SVAQW;NO;SI;NO;;;;SI;NASDAQ
SVAQU;NO;SI;NO;;;;SI;NASDAQ
FNK;NO;SI;NO;;;;NO;NASDAQ
SVAQ;NO;SI;NO;;;;SI;NASDAQ
SVAL;NO;SI;NO;;;;NO;BATS
FNGU;NO;SI;NO;;;;NO;ARCA
CARZ;NO;SI;NO;;;;NO;NASDAQ
SVA;NO;SI;NO;;;;SI;NASDAQ
SUTNY;NO;SI;NO;;;;NO;OTC
SUSC;NO;SI;NO;;;;NO;NASDAQ
CARX;NO;SI;NO;;;;NO;BATS
SUSB;NO;SI;NO;;;;NO;NASDAQ
SURI;NO;SI;NO;;;;NO;ARCA
SURG;NO;SI;NO;;;;SI;NASDAQ
SURE;NO;SI;NO;;;;NO;ARCA
CARU;NO;SI;NO;;;;NO;ARCA
SUPX;NO;SI;NO;;;;SI;NASDAQ
SUPP;NO;SI;NO;;;;NO;NASDAQ
SUPL;NO;SI;NO;;;;NO;ARCA
SUNS;NO;SI;NO;;;;NO;NASDAQ
SUNE;NO;SI;NO;;;;SI;NASDAQ
SUMAU;NO;SI;NO;;;;SI;NASDAQ
FNGS;NO;SI;NO;;;;NO;ARCA
CARK;NO;SI;NO;;;;NO;ARCA
SUMAR;NO;SI;NO;;;;SI;NASDAQ
FNGR;NO;SI;NO;;;;NO;NASDAQ
SUMA;NO;SI;NO;;;;SI;NASDAQ
SUIS;NO;SI;NO;;;;NO;NASDAQ
SUIG;NO;SI;NO;;;;NO;NASDAQ
SUBCY;NO;SI;NO;;;;NO;OTC
SUB;NO;SI;NO;;;;NO;ARCA
STYL;NO;SI;NO;;;;NO;BATS
STXX;NO;SI;NO;;;;NO;BATS
STXV;NO;SI;NO;;;;NO;NYSE
STXU;NO;SI;NO;;;;NO;BATS
STXT;NO;SI;NO;;;;NO;NYSE
STXL;NO;SI;NO;;;;NO;BATS
STXK;NO;SI;NO;;;;NO;NYSE
STXE;NO;SI;NO;;;;NO;NYSE
FNGO;NO;SI;NO;;;;NO;ARCA
STXD;NO;SI;NO;;;;NO;NYSE
STTSY;NO;SI;NO;;;;NO;OTC
STT.PRG;NO;SI;NO;;;;SI;NYSE
STSM;NO;SI;NO;;;;NO;ARCA
CARD;NO;SI;NO;;;;NO;ARCA
CAQUW;NO;SI;NO;;;;SI;NASDAQ
CAQUU;NO;SI;NO;;;;SI;NASDAQ
FNGG;NO;SI;NO;;;;NO;ARCA
STRRP;NO;SI;NO;;;;SI;NASDAQ
STRR;NO;SI;NO;;;;SI;NASDAQ
STRN;NO;SI;NO;;;;NO;ARCA
CAQ;NO;SI;NO;;;;SI;NASDAQ
STRK;NO;SI;NO;;;;NO;NASDAQ
STRF;NO;SI;NO;;;;NO;NASDAQ
CAPS;NO;SI;NO;;;;SI;NASDAQ
FNGD;NO;SI;NO;;;;NO;ARCA
STPZ;NO;SI;NO;;;;NO;ARCA
STOX;NO;SI;NO;;;;NO;BATS
CAPNR;NO;SI;NO;;;;SI;NASDAQ
STOT;NO;SI;NO;;;;NO;BATS
STNC;NO;SI;NO;;;;NO;NASDAQ
STLU;NO;SI;NO;;;;NO;BATS
STLR;NO;SI;NO;;;;NO;BATS
CAPN;NO;SI;NO;;;;SI;NASDAQ
STLNW;NO;SI;NO;;;;SI;NASDAQ
STLL;NO;SI;NO;;;;NO;BATS
STKH;NO;SI;NO;;;;SI;NASDAQ
STKE;NO;SI;NO;;;;SI;NASDAQ
STI;NO;SI;NO;;;;SI;NASDAQ
STHO;NO;SI;NO;;;;SI;NASDAQ
STG;NO;SI;NO;;;;SI;NYSE
STFS;NO;SI;NO;;;;SI;NASDAQ
CAPE;NO;SI;NO;;;;NO;ARCA
STEX;NO;SI;NO;;;;NO;NASDAQ
STEW;NO;SI;NO;;;;NO;NYSE
STEN;NO;SI;NO;;;;NO;BATS
STBQ;NO;SI;NO;;;;NO;ARCA
STBF;NO;SI;NO;;;;NO;BATS
STAX;NO;SI;NO;;;;NO;ARCA
STAK;NO;SI;NO;;;;SI;NASDAQ
SSXU;NO;SI;NO;;;;NO;ARCA
FNG;NO;SI;NO;;;;NO;BATS
SST;NO;SI;NO;;;;SI;NYSE
SSS;NO;SI;NO;;;;NO;NASDAQ
SSREY;NO;SI;NO;;;;NO;OTC
SSPY;NO;SI;NO;;;;NO;ARCA
SSPC;NO;SI;NO;;;;NO;BATS
SSMR;NO;SI;NO;;;;NO;NYSE
SSMG;NO;SI;NO;;;;NO;ARCA
SSK;NO;SI;NO;;;;NO;BATS
SSII;NO;SI;NO;;;;NO;NASDAQ
CANQ;NO;SI;NO;;;;NO;NASDAQ
FMY;NO;SI;NO;;;;NO;NYSE
SSG;NO;SI;NO;;;;NO;ARCA
SSFI;NO;SI;NO;;;;NO;ARCA
SSEAR;NO;SI;NO;;;;SI;NASDAQ
SSEA;NO;SI;NO;;;;SI;NASDAQ
FMUB;NO;SI;NO;;;;NO;NASDAQ
SSDOY;NO;SI;NO;;;;NO;OTC
SSACW;NO;SI;NO;;;;SI;NASDAQ
SSACR;NO;SI;NO;;;;SI;NASDAQ
CANF;NO;SI;NO;;;;SI;AMEX
FMTM;NO;SI;NO;;;;NO;NASDAQ
CRAI;NO;SI;SI;;;;NO;NASDAQ
SSAC;NO;SI;NO;;;;SI;NASDAQ
SRXH;NO;SI;NO;;;;SI;AMEX
FMTL;NO;SI;NO;;;;NO;ARCA
SRVR;NO;SI;NO;;;;NO;ARCA
SRE;NO;SI;SI;;;;NO;NYSE
SRTY;NO;SI;NO;;;;NO;ARCA
SRS;NO;SI;NO;;;;NO;ARCA
SROI;NO;SI;NO;;;;NO;ARCA
SRL;NO;SI;NO;;;;SI;NYSE
FMSTW;NO;SI;NO;;;;SI;NASDAQ
SRJN;NO;SI;NO;;;;SI;NYSE
RPM;NO;SI;SI;;;;NO;NYSE
SRHR;NO;SI;NO;;;;NO;ARCA
SRHBY;NO;SI;NO;;;;NO;OTC
SRG.PRA;NO;SI;NO;;;;SI;NYSE
SRFM;NO;SI;NO;;;;NO;NYSE
SREA;NO;SI;NO;;;;SI;NYSE
SQS;NO;SI;NO;;;;NO;NASDAQ
SQQQ;NO;SI;NO;;;;NO;NASDAQ
SQNS;NO;SI;NO;;;;SI;NYSE
FMS;NO;SI;NO;;;;NO;NYSE
SQMX;NO;SI;NO;;;;NO;BATS
SQLV;NO;SI;NO;;;;NO;NASDAQ
SQLT;NO;SI;NO;;;;NO;BATS
FMNY;NO;SI;NO;;;;NO;ARCA
SQFTP;NO;SI;NO;;;;SI;NASDAQ
SQFT;NO;SI;NO;;;;SI;NASDAQ
SPYU;NO;SI;NO;;;;NO;ARCA
SPYQ;NO;SI;NO;;;;NO;NASDAQ
SPYH;NO;SI;NO;;;;NO;BATS
SPYC;NO;SI;NO;;;;NO;ARCA
FMN;NO;SI;NO;;;;NO;NYSE
SPXV;NO;SI;NO;;;;NO;ARCA
CANC;NO;SI;NO;;;;NO;NASDAQ
SPXU;NO;SI;NO;;;;NO;ARCA
SPXT;NO;SI;NO;;;;NO;ARCA
SPXS;NO;SI;NO;;;;NO;ARCA
SPXN;NO;SI;NO;;;;NO;ARCA
SPXE;NO;SI;NO;;;;NO;ARCA
CAMT;NO;SI;NO;;;;NO;NASDAQ
SIND;NO;SI;NO;;;;NO;NYSE
SPXD;NO;SI;NO;;;;NO;NASDAQ
FMKT;NO;SI;NO;;;;NO;ARCA
CAMP;NO;SI;NO;;;;NO;NASDAQ
SPWRW;NO;SI;NO;;;;SI;NASDAQ
CAMC;NO;SI;NO;;;;NO;BATS
SPWR;NO;SI;NO;;;;NO;NASDAQ
SPWH;NO;SI;NO;;;;SI;NASDAQ
SPUT;NO;SI;NO;;;;NO;ARCA
SPUC;NO;SI;NO;;;;NO;ARCA
SPTX;NO;SI;NO;;;;NO;NASDAQ
CAM;NO;SI;NO;;;;NO;ARCA
SPTE;NO;SI;NO;;;;NO;ARCA
SPSK;NO;SI;NO;;;;NO;ARCA
SPRB;NO;SI;NO;;;;SI;NASDAQ
SPPL;NO;SI;NO;;;;SI;NASDAQ
SPOG;NO;SI;NO;;;;NO;NASDAQ
SPME;NO;SI;NO;;;;SI;NYSE
SPMC;NO;SI;NO;;;;NO;NYSE
SPMA;NO;SI;NO;;;;SI;NYSE
FMHI;NO;SI;NO;;;;NO;NASDAQ
SPLV;NO;SI;NO;;;;NO;ARCA
SPLS;NO;SI;NO;;;;NO;BATS
SPKLW;NO;SI;NO;;;;SI;NASDAQ
SPKLU;NO;SI;NO;;;;SI;NASDAQ
CALC;NO;SI;NO;;;;SI;NASDAQ
SPKL;NO;SI;NO;;;;SI;NASDAQ
SPKKY;NO;SI;NO;;;;NO;OTC
SPIT;NO;SI;NO;;;;NO;NASDAQ
SPIN;NO;SI;NO;;;;NO;BATS
FMFC;NO;SI;NO;;;;SI;NASDAQ
CAIQ;NO;SI;NO;;;;NO;NASDAQ
KPDD;NO;SI;NO;;;;NO;NASDAQ
CAIIW;NO;SI;NO;;;;SI;NASDAQ
SPE;NO;SI;SI;;;;NO;NYSE
SPHL;NO;SI;NO;;;;SI;NASDAQ
SPHB;NO;SI;NO;;;;NO;ARCA
SPG.PRJ;NO;SI;NO;;;;SI;NYSE
CAIIU;NO;SI;NO;;;;SI;NASDAQ
SPFF;NO;SI;NO;;;;NO;ARCA
SPEU;NO;SI;NO;;;;NO;ARCA
SPEGU;NO;SI;NO;;;;SI;NASDAQ
FMF;NO;SI;NO;;;;NO;ARCA
SPEG;NO;SI;NO;;;;SI;NASDAQ
SPE.PRC;NO;SI;NO;;;;SI;NYSE
SPDV;NO;SI;NO;;;;NO;ARCA
FMET;NO;SI;NO;;;;NO;NASDAQ
FMED;NO;SI;NO;;;;NO;NASDAQ
SPDN;NO;SI;NO;;;;NO;ARCA
SPDG;NO;SI;NO;;;;NO;ARCA
SPCU;NO;SI;NO;;;;NO;BATS
SPCQ;NO;SI;NO;;;;NO;BATS
SPCM;NO;SI;NO;;;;NO;BATS
SPCK;NO;SI;NO;;;;NO;NASDAQ
SPCI;NO;SI;NO;;;;NO;BATS
SPCH;NO;SI;NO;;;;NO;BATS
SPCG;NO;SI;NO;;;;NO;BATS
SPCE;NO;SI;NO;;;;NO;NYSE
SPCB;NO;SI;NO;;;;SI;NASDAQ
SPBX;NO;SI;NO;;;;NO;BATS
SPBU;NO;SI;NO;;;;NO;BATS
SPBC;NO;SI;NO;;;;NO;NASDAQ
FMDE;NO;SI;NO;;;;NO;ARCA
CAII;NO;SI;NO;;;;SI;NASDAQ
SPAX;NO;SI;NO;;;;NO;ARCA
SPAQ;NO;SI;NO;;;;NO;NASDAQ
SPAM;NO;SI;NO;;;;NO;NASDAQ
SPAL;NO;SI;NO;;;;NO;BATS
SOYB;NO;SI;SI;;;;NO;ARCA
SOXY;NO;SI;NO;;;;NO;ARCA
SOXS;NO;SI;NO;;;;NO;ARCA
CAIE;NO;SI;NO;;;;NO;ARCA
CAGE;NO;SI;NO;;;;NO;ARCA
CAFX;NO;SI;NO;;;;NO;ARCA
SOXL;NO;SI;NO;;;;NO;ARCA
SOWG;NO;SI;NO;;;;SI;NASDAQ
SOVF;NO;SI;NO;;;;NO;ARCA
SOUX;NO;SI;NO;;;;NO;NASDAQ
FMCE;NO;SI;NO;;;;NO;ARCA
SOUNW;NO;SI;NO;;;;SI;NASDAQ
CAFG;NO;SI;NO;;;;NO;NASDAQ
SOUL.U;NO;SI;NO;;;;SI;NYSE
CAF;NO;SI;NO;;;;NO;NYSE
SZKMY;NO;SI;NO;;;;NO;OTC
CAES;NO;SI;NO;;;;SI;NASDAQ
SOUL.RT;NO;SI;NO;;;;SI;NYSE
CABZ;NO;SI;NO;;;;NO;BATS
SOUHY;NO;SI;NO;;;;NO;OTC
FMB;NO;SI;NO;;;;NO;NASDAQ
SORNW;NO;SI;NO;;;;SI;NASDAQ
SORNU;NO;SI;NO;;;;SI;NASDAQ
SORN;NO;SI;NO;;;;SI;NASDAQ
SORA;NO;SI;NO;;;;SI;NASDAQ
SOPH;NO;SI;NO;;;;NO;NASDAQ
FMAY;NO;SI;NO;;;;NO;BATS
FMAT;NO;SI;NO;;;;NO;ARCA
FMAG;NO;SI;NO;;;;NO;BATS
SONM;NO;SI;NO;;;;SI;NASDAQ
CABR;NO;SI;NO;;;;SI;NASDAQ
SOMN;NO;SI;NO;;;;SI;NYSE
SOMLY;NO;SI;NO;;;;NO;OTC
SOLZ;NO;SI;NO;;;;NO;NASDAQ
SOLC;NO;SI;NO;;;;NO;NASDAQ
SOJF;NO;SI;NO;;;;SI;NYSE
FMACR;NO;SI;NO;;;;SI;NASDAQ
SOJE;NO;SI;NO;;;;SI;NYSE
SOJC;NO;SI;NO;;;;SI;NYSE
FMAC;NO;SI;NO;;;;SI;NASDAQ
FLZH;NO;SI;NO;;;;NO;NASDAQ
SOGP;NO;SI;NO;;;;SI;NASDAQ
SOFX;NO;SI;NO;;;;NO;NASDAQ
SOFR;NO;SI;NO;;;;NO;ARCA
SOFA;NO;SI;NO;;;;NO;NASDAQ
SOCL;NO;SI;NO;;;;NO;NASDAQ
SOCAW;NO;SI;NO;;;;SI;NASDAQ
SOCAU;NO;SI;NO;;;;SI;NASDAQ
SOCA;NO;SI;NO;;;;SI;NASDAQ
SOAR;NO;SI;NO;;;;SI;AMEX
SNYR;NO;SI;NO;;;;SI;NASDAQ
SNXX;NO;SI;NO;;;;SI;BATS
SNTI;NO;SI;NO;;;;SI;NASDAQ
SNTH;NO;SI;NO;;;;NO;ARCA
SNT;NO;SI;NO;;;;SI;NASDAQ
SNSR;NO;SI;NO;;;;NO;NASDAQ
CAAP;NO;SI;NO;;;;NO;NYSE
SNSC;NO;SI;NO;;;;SI;AMEX
FLYX.WS;NO;SI;NO;;;;SI;AMEX
CAAA;NO;SI;NO;;;;NO;ARCA
GAEM;NO;SI;NO;;;;NO;ARCA
GAINI;NO;SI;NO;;;;SI;NASDAQ
SNPHY;NO;SI;NO;;;;NO;OTC
C.PRR;NO;SI;NO;;;;SI;NYSE
SNPG;NO;SI;NO;;;;NO;BATS
SNPE;NO;SI;NO;;;;NO;ARCA
SNPD;NO;SI;NO;;;;NO;BATS
SNOY;NO;SI;NO;;;;NO;ARCA
SNOV;NO;SI;NO;;;;NO;BATS
SNOU;NO;SI;NO;;;;NO;BATS
SNN;NO;SI;NO;;;;NO;NYSE
SNK;NO;SI;NO;;;;NO;BATS
SNGX;NO;SI;NO;;;;SI;NASDAQ
SNDU;NO;SI;NO;;;;NO;BATS
BZZ;NO;SI;NO;;;;NO;BATS
SNDR;NO;SI;NO;;;;NO;NYSE
SNDQ;NO;SI;NO;;;;NO;BATS
SNDC;NO;SI;NO;;;;NO;BATS
JHMU;NO;SI;NO;;;;NO;ARCA
SN;NO;SI;SI;;;;NO;NYSE
SNAV;NO;SI;NO;;;;NO;BATS
SNAL;NO;SI;NO;;;;SI;NASDAQ
SNAG;NO;SI;NO;;;;NO;NASDAQ
ETCG;NO;SI;NO;;;;NO;OTC
SMZ;NO;SI;NO;;;;NO;BATS
BZQ;NO;SI;NO;;;;NO;ARCA
SMYY;NO;SI;NO;;;;NO;NASDAQ
SMXT;NO;SI;NO;;;;NO;NASDAQ
BX;NO;SI;SI;;;;NO;NYSE
SMX;NO;SI;NO;;;;SI;NASDAQ
SMUP;NO;SI;NO;;;;NO;BATS
SMU;NO;SI;NO;;;;NO;BATS
FLYX;NO;SI;NO;;;;NO;AMEX
BZFDW;NO;SI;NO;;;;SI;NASDAQ
SMTK;NO;SI;NO;;;;SI;NASDAQ
CXAIW;NO;SI;NO;;;;SI;NASDAQ
SMTG;NO;SI;NO;;;;NO;BATS
SMST;NO;SI;NO;;;;NO;NASDAQ
BZAIW;NO;SI;NO;;;;SI;NASDAQ
SMSI;NO;SI;NO;;;;SI;NASDAQ
SMRX;NO;SI;NO;;;;NO;BATS
SMRI;NO;SI;NO;;;;NO;NASDAQ
SMOX;NO;SI;NO;;;;NO;ARCA
SMOT;NO;SI;NO;;;;NO;BATS
FLYU;NO;SI;NO;;;;NO;ARCA
FLXN;NO;SI;NO;;;;NO;BATS
BZAI;NO;SI;NO;;;;NO;NASDAQ
SMOG;NO;SI;NO;;;;NO;ARCA
SMNNY;NO;SI;NO;;;;NO;OTC
SMN;NO;SI;NO;;;;NO;ARCA
SMMV;NO;SI;NO;;;;NO;BATS
SMMU;NO;SI;NO;;;;NO;ARCA
SMMNY;NO;SI;NO;;;;NO;OTC
SMLL;NO;SI;NO;;;;NO;ARCA
SMJF;NO;SI;NO;;;;SI;AMEX
SMIN;NO;SI;NO;;;;NO;BATS
SMHU;NO;SI;NO;;;;NO;BATS
SMHD;NO;SI;NO;;;;NO;BATS
SMHC;NO;SI;NO;;;;NO;NASDAQ
SMHB;NO;SI;NO;;;;NO;ARCA
SMDX;NO;SI;NO;;;;NO;ARCA
SMDV;NO;SI;NO;;;;NO;BATS
SMDD;NO;SI;NO;;;;NO;ARCA
BYRE;NO;SI;NO;;;;NO;ARCA
SMCZ;NO;SI;NO;;;;NO;NASDAQ
BYLD;NO;SI;NO;;;;NO;ARCA
SMCY;NO;SI;NO;;;;NO;ARCA
SMCX;NO;SI;NO;;;;NO;NASDAQ
SMCP;NO;SI;NO;;;;NO;ARCA
SMCO;NO;SI;NO;;;;NO;NASDAQ
BYAH;NO;SI;NO;;;;SI;NASDAQ
SMCL;NO;SI;NO;;;;NO;NASDAQ
SMCF;NO;SI;NO;;;;NO;NASDAQ
FLXI;NO;SI;NO;;;;NO;BATS
SMCC;NO;SI;NO;;;;NO;BATS
SMBS;NO;SI;NO;;;;NO;ARCA
SMB;NO;SI;NO;;;;NO;BATS
SMAY;NO;SI;NO;;;;NO;BATS
SMAX;NO;SI;NO;;;;NO;BATS
SLVX;NO;SI;NO;;;;NO;ARCA
IRHOR;NO;SI;NO;;;;SI;NASDAQ
SLTY;NO;SI;NO;;;;NO;ARCA
SLS;NO;SI;NO;;;;NO;NASDAQ
BXSL;NO;SI;NO;;;;NO;NYSE
SLQD;NO;SI;NO;;;;NO;NASDAQ
GLP;NO;SI;NO;;;;SI;NYSE
SLNHP;NO;SI;NO;;;;SI;NASDAQ
SLNH;NO;SI;NO;;;;NO;NASDAQ
SLNG;NO;SI;NO;;;;SI;NASDAQ
SLND.WS;NO;SI;NO;;;;SI;AMEX
SLMT;NO;SI;NO;;;;SI;NASDAQ
SLMBP;NO;SI;NO;;;;SI;NASDAQ
SLJY;NO;SI;NO;;;;NO;ARCA
SLGL;NO;SI;NO;;;;SI;NASDAQ
SLG.PRI;NO;SI;NO;;;;SI;NYSE
SLE;NO;SI;NO;;;;SI;NASDAQ
FLX;NO;SI;NO;;;;NO;NASDAQ
BXBL;NO;SI;NO;;;;SI;NASDAQ
SLDR;NO;SI;NO;;;;NO;ARCA
SLDPW;NO;SI;NO;;;;SI;NASDAQ
FLV;NO;SI;NO;;;;NO;ARCA
SLBT;NO;SI;NO;;;;NO;NASDAQ
SKYU;NO;SI;NO;;;;NO;NASDAQ
SKYQ;NO;SI;NO;;;;SI;NASDAQ
SKYH.WS;NO;SI;NO;;;;SI;NYSE
SKYE;NO;SI;NO;;;;SI;NASDAQ
SKYAW;NO;SI;NO;;;;SI;NASDAQ
SKUU;NO;SI;NO;;;;NO;NASDAQ
SKRE;NO;SI;NO;;;;NO;NASDAQ
SKOR;NO;SI;NO;;;;NO;NASDAQ
SKK;NO;SI;NO;;;;SI;NASDAQ
SKIL;NO;SI;NO;;;;SI;NYSE
SKHZ;NO;SI;NO;;;;NO;BATS
SKHX;NO;SI;NO;;;;NO;BATS
BWX;NO;SI;NO;;;;NO;ARCA
FLUX;NO;SI;NO;;;;SI;NASDAQ
SKHU;NO;SI;NO;;;;NO;ARCA
BWTG;NO;SI;NO;;;;NO;BATS
SKHN;NO;SI;NO;;;;NO;BATS
SKHL;NO;SI;NO;;;;NO;ARCA
SKHA;NO;SI;NO;;;;NO;BATS
BWMX;NO;SI;NO;;;;SI;NYSE
SKF;NO;SI;NO;;;;NO;ARCA
SKDD;NO;SI;NO;;;;NO;NASDAQ
FLUD;NO;SI;NO;;;;NO;ARCA
SK;NO;SI;NO;;;;NO;BATS
SJLD;NO;SI;NO;;;;NO;NASDAQ
SJCP;NO;SI;NO;;;;NO;NASDAQ
SJ;NO;SI;NO;;;;SI;NASDAQ
BWIV.WS;NO;SI;NO;;;;SI;NYSE
FLTW;NO;SI;NO;;;;NO;ARCA
SIXZ;NO;SI;NO;;;;NO;BATS
SIXS;NO;SI;NO;;;;NO;ARCA
SIXP;NO;SI;NO;;;;NO;BATS
SIXO;NO;SI;NO;;;;NO;BATS
ABFL;NO;SI;NO;;;;NO;BATS
SIXL;NO;SI;NO;;;;NO;ARCA
SIXJ;NO;SI;NO;;;;NO;BATS
SIXH;NO;SI;NO;;;;NO;ARCA
SIXD;NO;SI;NO;;;;NO;BATS
SIXA;NO;SI;NO;;;;NO;ARCA
ABIG;NO;SI;NO;;;;NO;NASDAQ
SIOO;NO;SI;NO;;;;NO;ARCA
FLTB;NO;SI;NO;;;;NO;ARCA
SIO;NO;SI;NO;;;;NO;ARCA
SINT;NO;SI;NO;;;;SI;NASDAQ
SINGY;NO;SI;NO;;;;NO;OTC
SIMX;NO;SI;NO;;;;NO;BATS
SIMS;NO;SI;NO;;;;NO;ARCA
SIMAW;NO;SI;NO;;;;SI;NASDAQ
SIMAU;NO;SI;NO;;;;SI;NASDAQ
SIMA;NO;SI;NO;;;;SI;NASDAQ
SIM;NO;SI;NO;;;;NO;AMEX
ADAMO;NO;SI;NO;;;;SI;NASDAQ
SILO;NO;SI;NO;;;;SI;NASDAQ
SIJ;NO;SI;NO;;;;NO;ARCA
SIGIP;NO;SI;NO;;;;SI;NASDAQ
SIFY;NO;SI;NO;;;;NO;NASDAQ
SIFI;NO;SI;NO;;;;NO;ARCA
SIDU;NO;SI;NO;;;;NO;NASDAQ
FLSW;NO;SI;NO;;;;NO;ARCA
SHYM;NO;SI;NO;;;;NO;BATS
SHUS;NO;SI;NO;;;;NO;ARCA
SHTDY;NO;SI;NO;;;;NO;OTC
ADIU;NO;SI;NO;;;;NO;BATS
SHRY;NO;SI;NO;;;;NO;NASDAQ
FLSP;NO;SI;NO;;;;NO;ARCA
AGRW;NO;SI;NO;;;;NO;ARCA
SHRD;NO;SI;NO;;;;NO;ARCA
FLSA;NO;SI;NO;;;;NO;ARCA
SHPP;NO;SI;NO;;;;NO;ARCA
FLRT;NO;SI;NO;;;;NO;ARCA
ANG.PRD;NO;SI;NO;;;;SI;NYSE
SHOTU;NO;SI;NO;;;;SI;NASDAQ
SHOTR;NO;SI;NO;;;;SI;NASDAQ
FLQS;NO;SI;NO;;;;NO;BATS
SHOT;NO;SI;NO;;;;SI;NASDAQ
FLQM;NO;SI;NO;;;;NO;BATS
IBIE;NO;SI;NO;;;;NO;ARCA
SHO.PRI;NO;SI;NO;;;;SI;NYSE
SHO.PRH;NO;SI;NO;;;;SI;NYSE
FLQL;NO;SI;NO;;;;NO;BATS
AEC;NO;SI;NO;;;;SI;NASDAQ
ARIA;NO;SI;NO;;;;NO;ARCA
SHNY;NO;SI;NO;;;;NO;ARCA
FLOW;NO;SI;NO;;;;NO;ARCA
SHMDW;NO;SI;NO;;;;SI;NASDAQ
SHMD;NO;SI;NO;;;;NO;NASDAQ
SHM;NO;SI;NO;;;;NO;ARCA
SHIM;NO;SI;NO;;;;SI;NASDAQ
ASCI;NO;SI;NO;;;;NO;NASDAQ
SHG;NO;SI;NO;;;;NO;NYSE
SHFSW;NO;SI;NO;;;;SI;NASDAQ
SHFS;NO;SI;NO;;;;SI;NASDAQ
SHEH;NO;SI;NO;;;;NO;ARCA
AVGB;NO;SI;NO;;;;NO;NASDAQ
SHE;NO;SI;NO;;;;NO;ARCA
SHDG;NO;SI;NO;;;;NO;BATS
SHAZ;NO;SI;NO;;;;SI;NASDAQ
FLNA;NO;SI;NO;;;;NO;NASDAQ
SHAG;NO;SI;NO;;;;NO;BATS
SH;NO;SI;NO;;;;NO;ARCA
SGVT;NO;SI;NO;;;;NO;ARCA
SGVA;NO;SI;NO;;;;NO;NASDAQ
BABO;NO;SI;NO;;;;NO;ARCA
SGRW;NO;SI;NO;;;;NO;ARCA
SGRT;NO;SI;NO;;;;NO;ARCA
BDGS;NO;SI;NO;;;;NO;NASDAQ
SGOV;NO;SI;NO;;;;NO;NYSE
SGLY;NO;SI;NO;;;;SI;NASDAQ
FLN;NO;SI;NO;;;;NO;NASDAQ
SGAPY;NO;SI;NO;;;;NO;OTC
FLMI;NO;SI;NO;;;;NO;ARCA
SGA;NO;SI;NO;;;;SI;NASDAQ
SFYI;NO;SI;NO;;;;NO;ARCA
SFYF;NO;SI;NO;;;;NO;ARCA
SFWL;NO;SI;NO;;;;SI;NASDAQ
BERZ;NO;SI;NO;;;;NO;ARCA
SFTY;NO;SI;NO;;;;NO;BATS
SFTX;NO;SI;NO;;;;NO;ARCA
BIRD;NO;SI;NO;;;;SI;NASDAQ
SFLO;NO;SI;NO;;;;NO;NASDAQ
SFHG;NO;SI;NO;;;;SI;NASDAQ
SFGYY;NO;SI;NO;;;;NO;OTC
SFGV;NO;SI;NO;;;;NO;ARCA
BKLG;NO;SI;NO;;;;NO;ARCA
SFEB;NO;SI;NO;;;;NO;BATS
SFBC;NO;SI;NO;;;;SI;NASDAQ
BMAY;NO;SI;NO;;;;NO;BATS
BOAT;NO;SI;NO;;;;NO;ARCA
BREE;NO;SI;NO;;;;NO;NYSE
SFB;NO;SI;NO;;;;SI;NYSE
SF.PRD;NO;SI;NO;;;;SI;NYSE
SF.PRC;NO;SI;NO;;;;SI;NYSE
CAMX;NO;SI;NO;;;;NO;ARCA
SF.PRB;NO;SI;NO;;;;SI;NYSE
HOVR;NO;SI;NO;;;;NO;NASDAQ
SF;NO;SI;SI;;;;NO;NYSE
SEV;NO;SI;NO;;;;SI;NASDAQ
SEUS;NO;SI;NO;;;;NO;NASDAQ
SETM;NO;SI;NO;;;;NO;NASDAQ
FLMB;NO;SI;NO;;;;NO;ARCA
SETH;NO;SI;NO;;;;NO;ARCA
SES;NO;SI;NO;;;;NO;NYSE
SERV;NO;SI;NO;;;;NO;NASDAQ
CAN;NO;SI;NO;;;;NO;NASDAQ
SER;NO;SI;NO;;;;SI;AMEX
CBOL;NO;SI;NO;;;;NO;BATS
SEPZ;NO;SI;NO;;;;NO;BATS
SEPW;NO;SI;NO;;;;NO;BATS
SEPU;NO;SI;NO;;;;NO;BATS
SEPT;NO;SI;NO;;;;NO;BATS
SEPP;NO;SI;NO;;;;NO;BATS
SEPI;NO;SI;NO;;;;NO;ARCA
CBOO;NO;SI;NO;;;;NO;BATS
CHPG;NO;SI;NO;;;;SI;NASDAQ
SEOAY;NO;SI;NO;;;;NO;OTC
SEMY;NO;SI;NO;;;;NO;NASDAQ
SEMG;NO;SI;NO;;;;NO;ARCA
SELV;NO;SI;NO;;;;NO;BATS
SELF;NO;SI;NO;;;;NO;NASDAQ
SEIX;NO;SI;NO;;;;NO;ARCA
SEIV;NO;SI;NO;;;;NO;BATS
SEIS;NO;SI;NO;;;;NO;NASDAQ
SEIQ;NO;SI;NO;;;;NO;BATS
SEIM;NO;SI;NO;;;;NO;BATS
CLST;NO;SI;NO;;;;SI;NASDAQ
SEIE;NO;SI;NO;;;;NO;NASDAQ
SEGG;NO;SI;NO;;;;SI;NASDAQ
FLJJ;NO;SI;NO;;;;NO;BATS
SEF;NO;SI;NO;;;;NO;ARCA
SEEM;NO;SI;NO;;;;NO;NASDAQ
SEED;NO;SI;NO;;;;SI;NASDAQ
HEDG;NO;SI;NO;;;;NO;ARCA
CTAAR;NO;SI;NO;;;;SI;NASDAQ
HBTA;NO;SI;NO;;;;NO;ARCA
SECZ;NO;SI;NO;;;;NO;NYSE
FLJH;NO;SI;NO;;;;NO;ARCA
SECT;NO;SI;NO;;;;NO;BATS
SEAT;NO;SI;NO;;;;SI;NASDAQ
SEAL.PRB;NO;SI;NO;;;;SI;NYSE
SEAL.PRA;NO;SI;NO;;;;SI;NYSE
SDVKY;NO;SI;NO;;;;NO;OTC
SDVD;NO;SI;NO;;;;NO;BATS
SDUR;NO;SI;NO;;;;NO;ARCA
SDTY;NO;SI;NO;;;;NO;NASDAQ
SDST;NO;SI;NO;;;;SI;NASDAQ
SDSI;NO;SI;NO;;;;NO;NASDAQ
SDS;NO;SI;NO;;;;NO;ARCA
FLGV;NO;SI;NO;;;;NO;ARCA
SDOW;NO;SI;NO;;;;NO;ARCA
SDIV;NO;SI;NO;;;;NO;ARCA
SDHI;NO;SI;NO;;;;SI;NASDAQ
SDFI;NO;SI;NO;;;;NO;ARCA
SDEV;NO;SI;NO;;;;NO;AMEX
SDEM;NO;SI;NO;;;;NO;ARCA
SDD;NO;SI;NO;;;;NO;ARCA
CUBWW;NO;SI;NO;;;;SI;NASDAQ
SDCP;NO;SI;NO;;;;NO;ARCA
SDAWW;NO;SI;NO;;;;SI;NASDAQ
SDA;NO;SI;NO;;;;NO;NASDAQ
SCUS;NO;SI;NO;;;;NO;ARCA
SCUB;NO;SI;NO;;;;NO;BATS
SCTX;NO;SI;NO;;;;SI;NASDAQ
SCSB;NO;SI;NO;;;;NO;BATS
CUE;NO;SI;NO;;;;SI;NASDAQ
CYCN;NO;SI;NO;;;;SI;NASDAQ
SCPQU;NO;SI;NO;;;;SI;NASDAQ
DCOY;NO;SI;NO;;;;SI;NASDAQ
SCPQ;NO;SI;NO;;;;SI;NASDAQ
SCOW;NO;SI;NO;;;;NO;BATS
SCNX;NO;SI;NO;;;;SI;NASDAQ
SCNM;NO;SI;NO;;;;NO;BATS
SCNI;NO;SI;NO;;;;SI;NASDAQ
DIM;NO;SI;NO;;;;NO;ARCA
FLG.PRU;NO;SI;NO;;;;SI;NYSE
DRMA;NO;SI;NO;;;;SI;NASDAQ
SCMY;NO;SI;NO;;;;NO;BATS
SCMC;NO;SI;NO;;;;NO;BATS
SCMB;NO;SI;NO;;;;NO;ARCA
SCLZ;NO;SI;NO;;;;NO;BATS
SCLXW;NO;SI;NO;;;;SI;NASDAQ
SCJL;NO;SI;NO;;;;NO;BATS
SCIIU;NO;SI;NO;;;;SI;NASDAQ
SCII;NO;SI;NO;;;;SI;NASDAQ
SCHW.PRJ;NO;SI;NO;;;;SI;NYSE
SCHW.PRD;NO;SI;NO;;;;SI;NYSE
DUG;NO;SI;NO;;;;NO;ARCA
SCHR;NO;SI;NO;;;;NO;ARCA
SCHI;NO;SI;NO;;;;NO;ARCA
DYNCW;NO;SI;NO;;;;SI;NASDAQ
SCGLY;NO;SI;NO;;;;NO;OTC
SCEP;NO;SI;NO;;;;NO;BATS
SCE.PRN;NO;SI;NO;;;;SI;NYSE
SCE.PRL;NO;SI;NO;;;;SI;NYSE
SCE.PRG;NO;SI;NO;;;;SI;NYSE
SCDS;NO;SI;NO;;;;NO;NASDAQ
SCDL;NO;SI;NO;;;;NO;ARCA
SCCF;NO;SI;NO;;;;SI;AMEX
SBSI;NO;SI;SI;;;;NO;NYSE
SCCE;NO;SI;NO;;;;SI;AMEX
SCCD;NO;SI;NO;;;;SI;AMEX
SCC;NO;SI;NO;;;;NO;ARCA
SCAU;NO;SI;NO;;;;NO;BATS
SCAP;NO;SI;NO;;;;NO;ARCA
SCAGW;NO;SI;NO;;;;SI;NASDAQ
SCAG;NO;SI;NO;;;;NO;NASDAQ
SCA;NO;SI;NO;;;;NO;NASDAQ
SBXE.WS;NO;SI;NO;;;;SI;NYSE
SBXE.U;NO;SI;NO;;;;SI;NYSE
SBXD.WS;NO;SI;NO;;;;SI;NYSE
SBXD.U;NO;SI;NO;;;;SI;NYSE
FLG.PRA;NO;SI;NO;;;;SI;NYSE
SBTU;NO;SI;NO;;;;NO;BATS
SBND;NO;SI;NO;;;;NO;ARCA
SBMT;NO;SI;NO;;;;SI;AMEX
SBIT;NO;SI;NO;;;;NO;ARCA
SBC;NO;SI;NO;;;;NO;NASDAQ
ECC;NO;SI;NO;;;;NO;NYSE
SBB;NO;SI;NO;;;;NO;ARCA
SBAR;NO;SI;NO;;;;NO;ARCA
SB.PRC;NO;SI;NO;;;;SI;NYSE
SAZ;NO;SI;NO;;;;SI;NYSE
SAY;NO;SI;NO;;;;SI;NYSE
SAWS;NO;SI;NO;;;;NO;ARCA
EDBL;NO;SI;NO;;;;SI;NASDAQ
SAWG;NO;SI;NO;;;;NO;ARCA
OTGLY;NO;SI;NO;;;;NO;OTC
SAV;NO;SI;NO;;;;SI;NYSE
SAUG;NO;SI;NO;;;;NO;BATS
SATO;NO;SI;NO;;;;NO;BATS
SATA;NO;SI;NO;;;;SI;NASDAQ
SAT;NO;SI;NO;;;;SI;NYSE
EFC.PRD;NO;SI;NO;;;;SI;NYSE
SASS;NO;SI;NO;;;;NO;ARCA
SARK;NO;SI;NO;;;;NO;NASDAQ
EKG;NO;SI;NO;;;;NO;NASDAQ
SAR;NO;SI;NO;;;;SI;NYSE
SAPH;NO;SI;NO;;;;NO;ARCA
SAMT;NO;SI;NO;;;;NO;ARCA
SAMO.U;NO;SI;NO;;;;SI;NYSE
GGZ;NO;SI;NO;;;;NO;NYSE
SAMG;NO;SI;NO;;;;SI;NASDAQ
BMRRY;NO;SI;NO;;;;NO;OTC
ENHU;NO;SI;NO;;;;NO;NASDAQ
SAIHW;NO;SI;NO;;;;SI;NASDAQ
FLEU;NO;SI;NO;;;;NO;ARCA
SAGU.WS;NO;SI;NO;;;;SI;NYSE
SAGU.U;NO;SI;NO;;;;SI;NYSE
FLEE;NO;SI;NO;;;;NO;ARCA
SAGU.RT;NO;SI;NO;;;;SI;NYSE
SAGU;NO;SI;NO;;;;SI;NYSE
SAGP;NO;SI;NO;;;;NO;ARCA
SAFX;NO;SI;NO;;;;NO;NASDAQ
SAC.WS;NO;SI;NO;;;;SI;NYSE
SAC.U;NO;SI;NO;;;;SI;NYSE
EVF;NO;SI;NO;;;;NO;NYSE
SABSW;NO;SI;NO;;;;SI;NASDAQ
EVMU;NO;SI;NO;;;;NO;ARCA
EVOX;NO;SI;NO;;;;SI;NASDAQ
SABS;NO;SI;NO;;;;NO;NASDAQ
SAAQW;NO;SI;NO;;;;SI;NASDAQ
FLDZ;NO;SI;NO;;;;NO;BATS
SAAQU;NO;SI;NO;;;;SI;NASDAQ
SAAQ;NO;SI;NO;;;;SI;NASDAQ
SAA;NO;SI;NO;;;;NO;ARCA
RZV;NO;SI;NO;;;;NO;ARCA
EZET;NO;SI;NO;;;;NO;BATS
RZLVW;NO;SI;NO;;;;SI;NASDAQ
RZLV;NO;SI;NO;;;;NO;NASDAQ
RZG;NO;SI;NO;;;;NO;ARCA
RZC;NO;SI;NO;;;;SI;NYSE
RYOJ;NO;SI;NO;;;;SI;NASDAQ
RYM;NO;SI;NO;;;;SI;NASDAQ
RYLG;NO;SI;NO;;;;NO;ARCA
RYLD;NO;SI;NO;;;;NO;ARCA
FLDDW;NO;SI;NO;;;;SI;NASDAQ
RYET;NO;SI;NO;;;;SI;NASDAQ
RYDE;NO;SI;NO;;;;NO;AMEX
FCPI;NO;SI;NO;;;;NO;BATS
RXL;NO;SI;NO;;;;NO;ARCA
RXI;NO;SI;NO;;;;NO;ARCA
RXD;NO;SI;NO;;;;NO;ARCA
RWTS;NO;SI;NO;;;;SI;NYSE
RWTQ;NO;SI;NO;;;;SI;NYSE
RWTP;NO;SI;NO;;;;SI;NYSE
RWTO;NO;SI;NO;;;;SI;NYSE
RWTN;NO;SI;NO;;;;SI;NYSE
RWM;NO;SI;NO;;;;NO;ARCA
RWLC;NO;SI;NO;;;;NO;ARCA
RWJ;NO;SI;NO;;;;NO;ARCA
FLDB;NO;SI;NO;;;;NO;NASDAQ
RWEM;NO;SI;NO;;;;NO;ARCA
FDLS;NO;SI;NO;;;;NO;ARCA
RWAYL;NO;SI;NO;;;;SI;NASDAQ
RWAYI;NO;SI;NO;;;;SI;NASDAQ
RWAY;NO;SI;NO;;;;SI;NASDAQ
RW;NO;SI;NO;;;;NO;ARCA
RVSN;NO;SI;NO;;;;SI;NASDAQ
CGVV;NO;SI;NO;;;;NO;ARCA
RVNU;NO;SI;NO;;;;NO;ARCA
RVNL;NO;SI;NO;;;;NO;NASDAQ
FLD;NO;SI;NO;;;;NO;NASDAQ
RVMDW;NO;SI;NO;;;;SI;NASDAQ
RVII;NO;SI;NO;;;;SI;NYSE
RVI;NO;SI;NO;;;;NO;NYSE
RVER;NO;SI;NO;;;;NO;ARCA
RUSC;NO;SI;NO;;;;NO;NASDAQ
RUM;NO;SI;NO;;;;NO;NASDAQ
FDMM;NO;SI;NO;;;;SI;NASDAQ
RUBI;NO;SI;NO;;;;SI;NASDAQ
RTYY;NO;SI;NO;;;;NO;NASDAQ
RTOO;NO;SI;NO;;;;NO;ARCA
FLCV;NO;SI;NO;;;;NO;ARCA
FIGB;NO;SI;NO;;;;NO;ARCA
RTH;NO;SI;NO;;;;NO;NASDAQ
RTB;NO;SI;NO;;;;SI;NASDAQ
FLCO;NO;SI;NO;;;;NO;ARCA
FLCH;NO;SI;NO;;;;NO;ARCA
RTAI;NO;SI;NO;;;;NO;BATS
RTACW;NO;SI;NO;;;;SI;NASDAQ
RTACU;NO;SI;NO;;;;SI;NASDAQ
RTAC;NO;SI;NO;;;;SI;NASDAQ
RSSS;NO;SI;NO;;;;SI;NASDAQ
RSSL;NO;SI;NO;;;;NO;ARCA
FLCG;NO;SI;NO;;;;NO;ARCA
RSSE;NO;SI;NO;;;;NO;ARCA
FLIA;NO;SI;NO;;;;NO;BATS
RSSB;NO;SI;NO;;;;NO;BATS
FMACU;NO;SI;NO;;;;SI;NASDAQ
RSPU;NO;SI;NO;;;;NO;ARCA
FRMEP;NO;SI;NO;;;;SI;NASDAQ
RSPR;NO;SI;NO;;;;NO;ARCA
RSPN;NO;SI;NO;;;;NO;ARCA
RSPG;NO;SI;NO;;;;NO;ARCA
RSPE;NO;SI;NO;;;;NO;ARCA
RSPD;NO;SI;NO;;;;NO;ARCA
RSMV;NO;SI;NO;;;;NO;ARCA
FLCE;NO;SI;NO;;;;NO;ARCA
RSMR;NO;SI;NO;;;;NO;ARCA
FRNM;NO;SI;NO;;;;NO;NASDAQ
RSMC;NO;SI;NO;;;;NO;ARCA
BWIV.U;NO;SI;NO;;;;SI;NYSE
RSJN;NO;SI;NO;;;;NO;ARCA
RSIT;NO;SI;NO;;;;NO;BATS
RSF;NO;SI;NO;;;;NO;NYSE
RSEE;NO;SI;NO;;;;NO;BATS
RSDE;NO;SI;NO;;;;NO;ARCA
FTHAU;NO;SI;NO;;;;SI;NASDAQ
RSBY;NO;SI;NO;;;;NO;BATS
RSBA;NO;SI;NO;;;;NO;BATS
RREVW;NO;SI;NO;;;;SI;NASDAQ
RREVU;NO;SI;NO;;;;SI;NASDAQ
RREV;NO;SI;NO;;;;SI;NASDAQ
ROM;NO;SI;SI;;;;NO;ARCA
GECCH;NO;SI;NO;;;;SI;NASDAQ
RPT.PRC;NO;SI;NO;;;;SI;NYSE
GECCI;NO;SI;NO;;;;SI;NASDAQ
GINX;NO;SI;NO;;;;NO;NASDAQ
FLCC;NO;SI;NO;;;;NO;ARCA
RPGL;NO;SI;NO;;;;SI;NASDAQ
GLOF;NO;SI;NO;;;;NO;ARCA
RPAR;NO;SI;NO;;;;NO;ARCA
ROUS;NO;SI;NO;;;;NO;ARCA
ROSC;NO;SI;NO;;;;NO;ARCA
GNTA;NO;SI;NO;;;;SI;NASDAQ
ROPE;NO;SI;NO;;;;NO;ARCA
ROMO;NO;SI;NO;;;;NO;BATS
ROMA;NO;SI;NO;;;;NO;NASDAQ
ROLR;NO;SI;NO;;;;SI;AMEX
ROKT;NO;SI;NO;;;;NO;ARCA
ROE;NO;SI;NO;;;;NO;NASDAQ
RODM;NO;SI;NO;;;;NO;ARCA
ROCY;NO;SI;NO;;;;NO;NASDAQ
ROCQ;NO;SI;NO;;;;NO;NASDAQ
ROC;NO;SI;NO;;;;SI;NASDAQ
ROBN;NO;SI;NO;;;;NO;BATS
ROAM;NO;SI;NO;;;;NO;ARCA
RNWWW;NO;SI;NO;;;;SI;NASDAQ
RNTY;NO;SI;NO;;;;NO;ARCA
RNTX;NO;SI;NO;;;;NO;NASDAQ
GPRF;NO;SI;NO;;;;NO;NASDAQ
FLCB;NO;SI;NO;;;;NO;ARCA
FLC;NO;SI;NO;;;;NO;NYSE
FLAX;NO;SI;NO;;;;NO;ARCA
GPRO;NO;SI;NO;;;;NO;NASDAQ
RNRG;NO;SI;NO;;;;NO;NASDAQ
RNR.PRG;NO;SI;NO;;;;SI;NYSE
RNR.PRF;NO;SI;NO;;;;SI;NYSE
RNMN;NO;SI;NO;;;;NO;BATS
RNIN;NO;SI;NO;;;;NO;NASDAQ
RNGTW;NO;SI;NO;;;;SI;NASDAQ
HCAC;NO;SI;NO;;;;SI;NASDAQ
RNGTU;NO;SI;NO;;;;SI;NASDAQ
HIND;NO;SI;NO;;;;SI;NASDAQ
RNGT;NO;SI;NO;;;;SI;NASDAQ
RNEM;NO;SI;NO;;;;NO;NASDAQ
RNECY;NO;SI;NO;;;;NO;OTC
RND;NO;SI;NO;;;;NO;ARCA
RNAZ;NO;SI;NO;;;;SI;NASDAQ
RMSGW;NO;SI;NO;;;;SI;NASDAQ
FLAU;NO;SI;NO;;;;NO;ARCA
SOEZ;NO;SI;NO;;;;NO;ARCA
RMSG;NO;SI;NO;;;;SI;NASDAQ
RMRC;NO;SI;NO;;;;NO;ARCA
RMNY;NO;SI;NO;;;;NO;ARCA
RMMZ;NO;SI;NO;;;;NO;NYSE
RMM;NO;SI;NO;;;;NO;NYSE
RMI;NO;SI;NO;;;;NO;NYSE
RMHY;NO;SI;NO;;;;NO;ARCA
FSHPR;NO;SI;NO;;;;SI;NASDAQ
IDACU;NO;SI;NO;;;;SI;NASDAQ
FLAG;NO;SI;NO;;;;NO;ARCA
FKWL;NO;SI;NO;;;;SI;NASDAQ
RMCOW;NO;SI;NO;;;;SI;NASDAQ
RMCO;NO;SI;NO;;;;SI;NASDAQ
RMCF;NO;SI;NO;;;;SI;NASDAQ
RMCA;NO;SI;NO;;;;NO;ARCA
RMBX;NO;SI;NO;;;;NO;BATS
RM;NO;SI;NO;;;;NO;NYSE
RLYB;NO;SI;NO;;;;SI;NASDAQ
HISF;NO;SI;NO;;;;NO;NASDAQ
FKU;NO;SI;NO;;;;NO;NASDAQ
RLY;NO;SI;NO;;;;NO;ARCA
HONG;NO;SI;NO;;;;NO;BATS
RKX;NO;SI;NO;;;;NO;BATS
HUBCZ;NO;SI;NO;;;;SI;NASDAQ
HYGW;NO;SI;NO;;;;NO;BATS
FJUL;NO;SI;NO;;;;NO;BATS
RKTO;NO;SI;NO;;;;SI;NASDAQ
RKTL;NO;SI;NO;;;;NO;BATS
FJP;NO;SI;NO;;;;NO;NASDAQ
RKNG;NO;SI;NO;;;;NO;NASDAQ
FJET;NO;SI;NO;;;;NO;AMEX
RKLZ;NO;SI;NO;;;;NO;NASDAQ
RKLX;NO;SI;NO;;;;NO;NASDAQ
FJDIU;NO;SI;NO;;;;SI;NASDAQ
FJAN;NO;SI;NO;;;;NO;BATS
RKDA;NO;SI;NO;;;;SI;NASDAQ
RJVI;NO;SI;NO;;;;NO;ARCA
IBMS;NO;SI;NO;;;;NO;BATS
ICMB;NO;SI;NO;;;;SI;NASDAQ
IFBD;NO;SI;NO;;;;SI;NASDAQ
RJMI;NO;SI;NO;;;;NO;ARCA
IMF;NO;SI;NO;;;;NO;BATS
RJDI;NO;SI;NO;;;;NO;ARCA
RJCA;NO;SI;NO;;;;NO;ARCA
RIV.PRA;NO;SI;NO;;;;SI;NYSE
RITR;NO;SI;NO;;;;SI;NASDAQ
RITM.PRF;NO;SI;NO;;;;SI;NYSE
RITM.PRE;NO;SI;NO;;;;SI;NYSE
FIZY;NO;SI;NO;;;;NO;ARCA
RITM.PRD;NO;SI;NO;;;;SI;NYSE
RITM.PRB;NO;SI;NO;;;;SI;NYSE
FIYY;NO;SI;NO;;;;NO;NASDAQ
INACU;NO;SI;NO;;;;SI;NASDAQ
RITM.PRA;NO;SI;NO;;;;SI;NYSE
RISR;NO;SI;NO;;;;NO;ARCA
RISN;NO;SI;NO;;;;NO;ARCA
RISE;NO;SI;NO;;;;NO;ARCA
RIOX;NO;SI;NO;;;;NO;ARCA
RINT;NO;SI;NO;;;;NO;NASDAQ
RINF;NO;SI;NO;;;;NO;ARCA
RILYT;NO;SI;NO;;;;SI;NASDAQ
RILYP;NO;SI;NO;;;;SI;NASDAQ
RILYN;NO;SI;NO;;;;SI;NASDAQ
RILYL;NO;SI;NO;;;;SI;NASDAQ
FIXT;NO;SI;NO;;;;NO;NYSE
RILYG;NO;SI;NO;;;;SI;NASDAQ
ADACU;NO;SI;NO;;;;SI;NASDAQ
RIFR;NO;SI;NO;;;;NO;NASDAQ
TLYS;NO;SI;NO;;;;SI;NYSE
INMU;NO;SI;NO;;;;NO;ARCA
RICOY;NO;SI;NO;;;;NO;OTC
FIXP;NO;SI;NO;;;;NO;ARCA
RIBBU;NO;SI;NO;;;;SI;NASDAQ
FIXD;NO;SI;NO;;;;NO;NASDAQ
INN.PRE;NO;SI;NO;;;;SI;NYSE
RIBBR;NO;SI;NO;;;;SI;NASDAQ
RIBB;NO;SI;NO;;;;SI;NASDAQ
RHTX;NO;SI;NO;;;;NO;ARCA
RHRX;NO;SI;NO;;;;NO;ARCA
FCFY;NO;SI;NO;;;;NO;ARCA
RGYY;NO;SI;NO;;;;NO;NASDAQ
RGTZ;NO;SI;NO;;;;NO;NASDAQ
RGTU;NO;SI;NO;;;;NO;BATS
FITZ;NO;SI;NO;;;;NO;ARCA
RGTIW;NO;SI;NO;;;;SI;NASDAQ
IRIX;NO;SI;NO;;;;SI;NASDAQ
RGTC;NO;SI;NO;;;;NO;BATS
RGS;NO;SI;NO;;;;SI;NASDAQ
FCEF;NO;SI;NO;;;;NO;NASDAQ
FACWW;NO;SI;NO;;;;SI;NASDAQ
RGNT;NO;SI;NO;;;;SI;AMEX
RGLO;NO;SI;NO;;;;NO;NASDAQ
IUS;NO;SI;NO;;;;NO;NASDAQ
RGEF;NO;SI;NO;;;;NO;ARCA
JBND;NO;SI;NO;;;;NO;NYSE
RFV;NO;SI;NO;;;;NO;ARCA
FITE;NO;SI;NO;;;;NO;ARCA
RFM;NO;SI;NO;;;;NO;NYSE
RFL;NO;SI;NO;;;;NO;NYSE
FITB.PRM;NO;SI;NO;;;;SI;NYSE
RFG;NO;SI;NO;;;;NO;ARCA
RFFC;NO;SI;NO;;;;NO;ARCA
RFEM;NO;SI;NO;;;;NO;NASDAQ
RFDI;NO;SI;NO;;;;NO;NASDAQ
FITB.PRK;NO;SI;NO;;;;SI;NYSE
RFDA;NO;SI;NO;;;;NO;ARCA
RFCI;NO;SI;NO;;;;NO;ARCA
RFAMR;NO;SI;NO;;;;SI;NASDAQ
RFAM;NO;SI;NO;;;;SI;NASDAQ
RFAIU;NO;SI;NO;;;;SI;NASDAQ
RFAIR;NO;SI;NO;;;;SI;NASDAQ
FITB.PRI;NO;SI;NO;;;;SI;NYSE
RFAI;NO;SI;NO;;;;SI;NASDAQ
JOF;NO;SI;NO;;;;NO;NYSE
RF.PRF;NO;SI;NO;;;;SI;NYSE
RF.PRE;NO;SI;NO;;;;SI;NYSE
REXR.PRC;NO;SI;NO;;;;SI;NYSE
REXR.PRB;NO;SI;NO;;;;SI;NYSE
REXC;NO;SI;NO;;;;NO;NASDAQ
REW;NO;SI;NO;;;;NO;ARCA
REVS;NO;SI;NO;;;;NO;ARCA
RELX;NO;SI;SI;;;;NO;NYSE
FITB.PRA;NO;SI;NO;;;;SI;NYSE
RETO;NO;SI;NO;;;;SI;NASDAQ
FISR;NO;SI;NO;;;;NO;ARCA
RETL;NO;SI;NO;;;;NO;ARCA
RESM;NO;SI;NO;;;;NO;ARCA
RENX;NO;SI;NO;;;;SI;NASDAQ
REMG;NO;SI;NO;;;;NO;NASDAQ
REMC;NO;SI;NO;;;;NO;ARCA
REM;NO;SI;NO;;;;NO;BATS
FISN;NO;SI;NO;;;;NO;NASDAQ
EUV;NO;SI;NO;;;;NO;BATS
JSPRW;NO;SI;NO;;;;SI;NASDAQ
REKR;NO;SI;NO;;;;NO;NASDAQ
REK;NO;SI;NO;;;;NO;ARCA
REIT;NO;SI;NO;;;;NO;NASDAQ
REGS;NO;SI;NO;;;;NO;ARCA
REGL;NO;SI;NO;;;;NO;BATS
REGCP;NO;SI;NO;;;;SI;NASDAQ
REGCO;NO;SI;NO;;;;SI;NASDAQ
FINY;NO;SI;NO;;;;NO;NASDAQ
REFR;NO;SI;NO;;;;SI;NASDAQ
KONG;NO;SI;NO;;;;NO;BATS
FINX;NO;SI;NO;;;;NO;NASDAQ
REFA;NO;SI;NO;;;;NO;ARCA
REF;NO;SI;NO;;;;NO;NYSE
RECT;NO;SI;NO;;;;SI;NASDAQ
FINT;NO;SI;NO;;;;NO;ARCA
RECS;NO;SI;NO;;;;NO;ARCA
REBN;NO;SI;NO;;;;SI;NASDAQ
AGGH;NO;SI;NO;;;;NO;ARCA
KTWOU;NO;SI;NO;;;;SI;NASDAQ
FINS;NO;SI;NO;;;;NO;NYSE
REAI;NO;SI;NO;;;;NO;NASDAQ
LIMNW;NO;SI;NO;;;;SI;NASDAQ
RDZNW;NO;SI;NO;;;;SI;NASDAQ
RDYY;NO;SI;NO;;;;NO;ARCA
LINT;NO;SI;NO;;;;NO;NASDAQ
RDWU;NO;SI;NO;;;;NO;BATS
RDVY;NO;SI;NO;;;;NO;NASDAQ
FINA;NO;SI;NO;;;;NO;ARCA
RDVI;NO;SI;NO;;;;NO;BATS
RDTY;NO;SI;NO;;;;NO;NASDAQ
FIMU;NO;SI;NO;;;;NO;NASDAQ
LQDI;NO;SI;NO;;;;NO;BATS
RDTL;NO;SI;NO;;;;NO;NASDAQ
RDOG;NO;SI;NO;;;;NO;ARCA
RDIV;NO;SI;NO;;;;NO;ARCA
RDIB;NO;SI;NO;;;;SI;NASDAQ
RDI;NO;SI;NO;;;;SI;NASDAQ
LVDS;NO;SI;NO;;;;NO;NASDAQ
JHID;NO;SI;NO;;;;NO;ARCA
RDHL;NO;SI;NO;;;;SI;NASDAQ
RDGT;NO;SI;NO;;;;SI;NASDAQ
RDFI;NO;SI;NO;;;;NO;BATS
RDDC;NO;SI;NO;;;;NO;BATS
RDAGW;NO;SI;NO;;;;SI;NASDAQ
FIIG;NO;SI;NO;;;;NO;ARCA
RDAGU;NO;SI;NO;;;;SI;NASDAQ
RDAG;NO;SI;NO;;;;SI;NASDAQ
RDACR;NO;SI;NO;;;;SI;NASDAQ
METCZ;NO;SI;NO;;;;SI;NASDAQ
RDAC;NO;SI;NO;;;;SI;NASDAQ
RCTR;NO;SI;NO;;;;NO;ARCA
RCT;NO;SI;NO;;;;NO;NASDAQ
RCLY;NO;SI;NO;;;;NO;ARCA
RCLR;NO;SI;NO;;;;NO;ARCA
RCLO;NO;SI;NO;;;;NO;ARCA
RCKTW;NO;SI;NO;;;;SI;NASDAQ
RCGE;NO;SI;NO;;;;NO;NASDAQ
RCEL;NO;SI;NO;;;;SI;NASDAQ
MFSI;NO;SI;NO;;;;NO;NYSE
RCD;NO;SI;NO;;;;SI;NYSE
FIGXW;NO;SI;NO;;;;SI;NASDAQ
RCBC;NO;SI;NO;;;;SI;NASDAQ
RCAX;NO;SI;NO;;;;NO;NASDAQ
FIGXU;NO;SI;NO;;;;SI;NASDAQ
MFSM;NO;SI;NO;;;;NO;NYSE
FIGX;NO;SI;NO;;;;SI;NASDAQ
RC.PRE;NO;SI;NO;;;;SI;NYSE
RC.PRC;NO;SI;NO;;;;SI;NYSE
RBNE;NO;SI;NO;;;;SI;NASDAQ
MHY;NO;SI;NO;;;;NO;ARCA
RBLY;NO;SI;NO;;;;NO;ARCA
RBLU;NO;SI;NO;;;;NO;BATS
MIACU;NO;SI;NO;;;;SI;NASDAQ
FIGG;NO;SI;NO;;;;NO;NASDAQ
RBLD;NO;SI;NO;;;;NO;ARCA
RBIL;NO;SI;NO;;;;NO;NASDAQ
ELIL;NO;SI;NO;;;;NO;NASDAQ
RB;NO;SI;NO;;;;NO;BATS
RAYA;NO;SI;NO;;;;SI;NASDAQ
RAVE;NO;SI;NO;;;;SI;NASDAQ
RAUS;NO;SI;NO;;;;NO;NASDAQ
RANK;NO;SI;NO;;;;NO;ARCA
FIDU;NO;SI;NO;;;;NO;ARCA
RANI;NO;SI;NO;;;;NO;NASDAQ
RANGU;NO;SI;NO;;;;SI;NASDAQ
FIDI;NO;SI;NO;;;;NO;ARCA
RANGR;NO;SI;NO;;;;SI;NASDAQ
RANG;NO;SI;NO;;;;SI;NASDAQ
RAMZ;NO;SI;NO;;;;NO;BATS
MKC.V;NO;SI;NO;;;;SI;NYSE
RAML;NO;SI;NO;;;;NO;BATS
DOW;NO;SI;SI;;;;NO;NYSE
RAM;NO;SI;NO;;;;NO;BATS
RAINW;NO;SI;NO;;;;SI;NASDAQ
RAIN;NO;SI;NO;;;;SI;NASDAQ
RAFE;NO;SI;NO;;;;NO;ARCA
RADX;NO;SI;NO;;;;SI;NASDAQ
RACD;NO;SI;NO;;;;SI;NASDAQ
RACC;NO;SI;NO;;;;SI;NASDAQ
RAC.WS;NO;SI;NO;;;;SI;NYSE
RAC.U;NO;SI;NO;;;;SI;NYSE
RAC;NO;SI;NO;;;;SI;NYSE
RAAX;NO;SI;NO;;;;NO;ARCA
RAAR;NO;SI;NO;;;;NO;ARCA
RAA;NO;SI;NO;;;;NO;NASDAQ
QXQ;NO;SI;NO;;;;NO;NASDAQ
QXO.PRB;NO;SI;NO;;;;SI;NYSE
QXL;NO;SI;NO;;;;SI;NASDAQ
QWLD;NO;SI;NO;;;;NO;ARCA
MNSBP;NO;SI;NO;;;;SI;NASDAQ
QVOY;NO;SI;NO;;;;NO;BATS
FID;NO;SI;NO;;;;NO;NASDAQ
FICS;NO;SI;NO;;;;NO;NASDAQ
QVOL;NO;SI;NO;;;;NO;NASDAQ
FIAX;NO;SI;NO;;;;NO;ARCA
QVMT;NO;SI;NO;;;;NO;ARCA
QVMS;NO;SI;NO;;;;NO;ARCA
FIAT;NO;SI;NO;;;;NO;ARCA
QVML;NO;SI;NO;;;;NO;ARCA
FHYS;NO;SI;NO;;;;NO;ARCA
QVCG;NO;SI;NO;;;;SI;NASDAQ
QVAL;NO;SI;NO;;;;NO;NASDAQ
QUSA;NO;SI;NO;;;;NO;ARCA
QUS;NO;SI;NO;;;;NO;ARCA
QUMSU;NO;SI;NO;;;;SI;NASDAQ
QUMSR;NO;SI;NO;;;;SI;NASDAQ
QUMS;NO;SI;NO;;;;SI;NASDAQ
QULL;NO;SI;NO;;;;NO;ARCA
QUIZ;NO;SI;NO;;;;NO;ARCA
QUCY;NO;SI;NO;;;;NO;NASDAQ
BFAP;NO;SI;NO;;;;NO;ARCA
BKGI;NO;SI;NO;;;;NO;BATS
QUBX;NO;SI;NO;;;;NO;BATS
QUA;NO;SI;NO;;;;NO;BATS
QTUP;NO;SI;NO;;;;NO;BATS
QTR;NO;SI;NO;;;;NO;NASDAQ
QTPI;NO;SI;NO;;;;NO;ARCA
FHN.PRH;NO;SI;NO;;;;SI;NYSE
BWQG;NO;SI;NO;;;;NO;BATS
FHN.PRF;NO;SI;NO;;;;SI;NYSE
MTNE.U;NO;SI;NO;;;;SI;NYSE
QTOC;NO;SI;NO;;;;NO;BATS
MTSG;NO;SI;NO;;;;NO;BATS
MYHD;NO;SI;NO;;;;NO;NASDAQ
QTJL;NO;SI;NO;;;;NO;BATS
MYMF;NO;SI;NO;;;;NO;NASDAQ
MYMG;NO;SI;NO;;;;NO;NASDAQ
QTJA;NO;SI;NO;;;;NO;BATS
QTEX;NO;SI;NO;;;;NO;NASDAQ
QTAP;NO;SI;NO;;;;NO;BATS
DTSQU;NO;SI;NO;;;;SI;NASDAQ
QTAC;NO;SI;NO;;;;NO;BATS
QSU;NO;SI;NO;;;;NO;ARCA
QSOL;NO;SI;NO;;;;NO;BATS
QSML;NO;SI;NO;;;;NO;NASDAQ
QFHD;NO;SI;NO;;;;NO;BATS
QSI;NO;SI;NO;;;;NO;NASDAQ
FHN.PRE;NO;SI;NO;;;;SI;NYSE
QSEAU;NO;SI;NO;;;;SI;NASDAQ
QSEAR;NO;SI;NO;;;;SI;NASDAQ
MYMH;NO;SI;NO;;;;NO;NASDAQ
MUR;NO;SI;SI;;;;NO;NYSE
MZYX;NO;SI;NO;;;;SI;NYSE
QRMI;NO;SI;NO;;;;NO;NASDAQ
QRED.U;NO;SI;NO;;;;SI;NYSE
FHIL;NO;SI;NO;;;;NO;BATS
QRED.RT;NO;SI;NO;;;;SI;NYSE
QRED;NO;SI;NO;;;;SI;NYSE
QQXT;NO;SI;NO;;;;NO;NASDAQ
QQXL;NO;SI;NO;;;;NO;NASDAQ
FHEQ;NO;SI;NO;;;;NO;BATS
QQWZ;NO;SI;NO;;;;NO;NASDAQ
QQUP;NO;SI;NO;;;;NO;NASDAQ
QQQY;NO;SI;NO;;;;NO;NASDAQ
QQQS;NO;SI;NO;;;;NO;NASDAQ
QQQP;NO;SI;NO;;;;NO;NASDAQ
QQQH;NO;SI;NO;;;;NO;NASDAQ
FGSM;NO;SI;NO;;;;NO;ARCA
QQQG;NO;SI;NO;;;;NO;NASDAQ
QQQE;NO;SI;NO;;;;NO;NASDAQ
QQQD;NO;SI;NO;;;;NO;ARCA
QQQA;NO;SI;NO;;;;NO;NASDAQ
QQMY;NO;SI;NO;;;;NO;BATS
QQMG;NO;SI;NO;;;;NO;NASDAQ
QQLV;NO;SI;NO;;;;NO;NASDAQ
QNST;NO;SI;SI;;;;NO;NASDAQ
QQJN;NO;SI;NO;;;;NO;BATS
FGSI;NO;SI;NO;;;;NO;NASDAQ
QQJL;NO;SI;NO;;;;NO;BATS
QQHG;NO;SI;NO;;;;NO;NASDAQ
QQH;NO;SI;NO;;;;NO;ARCA
QQDN;NO;SI;NO;;;;NO;NASDAQ
NBGX;NO;SI;NO;;;;NO;ARCA
QQAU;NO;SI;NO;;;;NO;BATS
QQA;NO;SI;NO;;;;NO;NASDAQ
QPX;NO;SI;NO;;;;NO;ARCA
QPUX;NO;SI;NO;;;;NO;NASDAQ
QOWZ;NO;SI;NO;;;;NO;NASDAQ
QNXT;NO;SI;NO;;;;NO;NASDAQ
QNTU;NO;SI;NO;;;;NO;BATS
BWET;NO;SI;NO;;;;NO;ARCA
QNTM;NO;SI;NO;;;;SI;NASDAQ
QNRX;NO;SI;NO;;;;SI;NASDAQ
QNME;NO;SI;NO;;;;SI;NASDAQ
NCOOR;NO;SI;NO;;;;SI;NASDAQ
QNDX;NO;SI;NO;;;;NO;NASDAQ
NFXS;NO;SI;NO;;;;NO;NASDAQ
QNCX;NO;SI;NO;;;;SI;NASDAQ
QLYS;NO;SI;SI;;;;NO;NASDAQ
QNC;NO;SI;NO;;;;NO;AMEX
QMY;NO;SI;NO;;;;NO;BATS
NIVF;NO;SI;NO;;;;SI;NASDAQ
QMOM;NO;SI;NO;;;;NO;NASDAQ
QMNV;NO;SI;NO;;;;NO;BATS
QMMY;NO;SI;NO;;;;NO;BATS
QMID;NO;SI;NO;;;;NO;NASDAQ
QMFE;NO;SI;NO;;;;NO;BATS
NSTS;NO;SI;NO;;;;SI;NASDAQ
QMAR;NO;SI;NO;;;;NO;BATS
NEWP;NO;SI;NO;;;;NO;AMEX
QMAG;NO;SI;NO;;;;NO;BATS
QLVD;NO;SI;NO;;;;NO;ARCA
QLTI;NO;SI;NO;;;;NO;ARCA
FGRU;NO;SI;NO;;;;NO;BATS
FGNXP;NO;SI;NO;;;;SI;NASDAQ
FGN;NO;SI;NO;;;;SI;NYSE
QLEP.WS;NO;SI;NO;;;;SI;NYSE
QLEP;NO;SI;NO;;;;SI;NYSE
QLDY;NO;SI;NO;;;;NO;NASDAQ
NVNIW;NO;SI;NO;;;;SI;NASDAQ
QJUN;NO;SI;NO;;;;NO;BATS
NYF;NO;SI;NO;;;;NO;ARCA
QIS;NO;SI;NO;;;;NO;ARCA
QINT;NO;SI;NO;;;;NO;ARCA
FGM;NO;SI;NO;;;;NO;NASDAQ
QIDX;NO;SI;NO;;;;NO;ARCA
QHY;NO;SI;NO;;;;NO;BATS
QH;NO;SI;NO;;;;SI;NASDAQ
QGRD;NO;SI;NO;;;;NO;NASDAQ
QFRD;NO;SI;NO;;;;NO;BATS
QFF;NO;SI;NO;;;;NO;NASDAQ
OCCI;NO;SI;NO;;;;NO;NASDAQ
QEW;NO;SI;NO;;;;NO;NASDAQ
QETH;NO;SI;NO;;;;NO;BATS
QETAR;NO;SI;NO;;;;SI;NASDAQ
QDTY;NO;SI;NO;;;;NO;NASDAQ
QDPL;NO;SI;NO;;;;NO;ARCA
QDIV;NO;SI;NO;;;;NO;ARCA
QDF;NO;SI;NO;;;;NO;ARCA
QDEF;NO;SI;NO;;;;NO;ARCA
FGL;NO;SI;NO;;;;SI;NASDAQ
QDEC;NO;SI;NO;;;;NO;BATS
QCOC;NO;SI;NO;;;;NO;BATS
QCLS;NO;SI;NO;;;;SI;NASDAQ
QCLR;NO;SI;NO;;;;NO;NASDAQ
OMSE;NO;SI;NO;;;;SI;NASDAQ
QBUF;NO;SI;NO;;;;NO;NASDAQ
OPI;NO;SI;NO;;;;NO;NASDAQ
QBSV;NO;SI;NO;;;;NO;BATS
FGIWW;NO;SI;NO;;;;SI;NASDAQ
QBSF;NO;SI;NO;;;;NO;BATS
QBKF;NO;SI;NO;;;;NO;BATS
FGIIW;NO;SI;NO;;;;SI;NASDAQ
FGIIU;NO;SI;NO;;;;SI;NASDAQ
QBIEY;NO;SI;NO;;;;NO;OTC
QBF;NO;SI;NO;;;;NO;BATS
PALOU;NO;SI;NO;;;;SI;NASDAQ
QBER;NO;SI;NO;;;;NO;BATS
QAU;NO;SI;NO;;;;NO;BATS
QARP;NO;SI;NO;;;;NO;ARCA
QALT;NO;SI;NO;;;;NO;NASDAQ
PALOW;NO;SI;NO;;;;SI;NASDAQ
QAI;NO;SI;NO;;;;NO;ARCA
QADRW;NO;SI;NO;;;;SI;NASDAQ
QADRU;NO;SI;NO;;;;SI;NASDAQ
PCLA;NO;SI;NO;;;;SI;NASDAQ
FGII;NO;SI;NO;;;;SI;NASDAQ
QADR;NO;SI;NO;;;;SI;NASDAQ
QABA;NO;SI;NO;;;;NO;NASDAQ
CVSM;NO;SI;NO;;;;NO;ARCA
FGI;NO;SI;NO;;;;SI;NASDAQ
CYAB;NO;SI;NO;;;;SI;NASDAQ
DWMF;NO;SI;NO;;;;NO;ARCA
PZT;NO;SI;NO;;;;NO;ARCA
PZLV;NO;SI;NO;;;;NO;ARCA
PZIV;NO;SI;NO;;;;NO;ARCA
PZA;NO;SI;NO;;;;NO;ARCA
PYZ;NO;SI;NO;;;;NO;NASDAQ
PYT;NO;SI;NO;;;;SI;NYSE
PYPD;NO;SI;NO;;;;SI;NASDAQ
PY;NO;SI;NO;;;;NO;NASDAQ
PXS;NO;SI;NO;;;;SI;NASDAQ
PEB.PRG;NO;SI;NO;;;;SI;NYSE
PXI;NO;SI;NO;;;;NO;NASDAQ
PWZ;NO;SI;NO;;;;NO;ARCA
PFI;NO;SI;NO;;;;NO;NASDAQ
PWV;NO;SI;NO;;;;NO;ARCA
PWRZ;NO;SI;NO;;;;NO;BATS
PWRL;NO;SI;NO;;;;NO;NASDAQ
PWRD;NO;SI;NO;;;;NO;NASDAQ
PWCM;NO;SI;NO;;;;SI;NASDAQ
PILL;NO;SI;NO;;;;NO;ARCA
PLTY;NO;SI;NO;;;;NO;ARCA
PRAE;NO;SI;NO;;;;NO;ARCA
PWB;NO;SI;NO;;;;NO;ARCA
PW;NO;SI;NO;;;;NO;AMEX
PVL;NO;SI;NO;;;;SI;NYSE
PVI;NO;SI;NO;;;;NO;ARCA
PVAL;NO;SI;NO;;;;NO;ARCA
PUSH;NO;SI;NO;;;;NO;ARCA
PUSA;NO;SI;NO;;;;SI;NASDAQ
PUR;NO;SI;NO;;;;NO;NASDAQ
PULM;NO;SI;NO;;;;SI;NASDAQ
PUL;NO;SI;NO;;;;NO;NASDAQ
CLNK;NO;SI;NO;;;;NO;ARCA
PUI;NO;SI;NO;;;;NO;NASDAQ
PTORW;NO;SI;NO;;;;SI;NASDAQ
PTORU;NO;SI;NO;;;;SI;NASDAQ
PTOR;NO;SI;NO;;;;SI;NASDAQ
PTNT;NO;SI;NO;;;;NO;BATS
PTN;NO;SI;NO;;;;SI;NASDAQ
PTMC;NO;SI;NO;;;;NO;BATS
PTLE;NO;SI;NO;;;;SI;NASDAQ
PTH;NO;SI;NO;;;;NO;NASDAQ
PSTL;NO;SI;SI;;;;NO;NYSE
CRD;NO;SI;NO;;;;NO;BATS
PTF;NO;SI;NO;;;;NO;NASDAQ
PTEU;NO;SI;NO;;;;NO;BATS
PTBRY;NO;SI;NO;;;;NO;OTC
PTBD;NO;SI;NO;;;;NO;ARCA
PTACW;NO;SI;NO;;;;SI;NASDAQ
PTACU;NO;SI;NO;;;;SI;NASDAQ
PTAC;NO;SI;NO;;;;SI;NASDAQ
PTA;NO;SI;NO;;;;NO;NYSE
PSWD;NO;SI;NO;;;;NO;NASDAQ
PSTR;NO;SI;NO;;;;NO;NASDAQ
PSTP;NO;SI;NO;;;;NO;ARCA
PST;NO;SI;NO;;;;NO;ARCA
PSR;NO;SI;NO;;;;NO;ARCA
PSQO;NO;SI;NO;;;;NO;ARCA
PSQH.WS;NO;SI;NO;;;;SI;NYSE
PSQH;NO;SI;NO;;;;NO;NYSE
PSQA;NO;SI;NO;;;;NO;ARCA
PSP;NO;SI;NO;;;;NO;ARCA
PSNYW;NO;SI;NO;;;;SI;NASDAQ
PSNY;NO;SI;NO;;;;NO;NASDAQ
PSMR;NO;SI;NO;;;;NO;BATS
PSMO;NO;SI;NO;;;;NO;BATS
PSMJ;NO;SI;NO;;;;NO;BATS
PSMD;NO;SI;NO;;;;NO;BATS
PSLV;NO;SI;NO;;;;NO;ARCA
PSL;NO;SI;NO;;;;NO;NASDAQ
PSIL;NO;SI;NO;;;;NO;ARCA
PSIG;NO;SI;NO;;;;SI;NASDAQ
PSI;NO;SI;NO;;;;NO;ARCA
PSHG;NO;SI;NO;;;;SI;NASDAQ
PSH;NO;SI;NO;;;;NO;BATS
AJUL;NO;SI;NO;;;;NO;BATS
PSFO;NO;SI;NO;;;;NO;BATS
PSFM;NO;SI;NO;;;;NO;BATS
PSFD;NO;SI;NO;;;;NO;BATS
PSET;NO;SI;NO;;;;NO;NASDAQ
PSEP;NO;SI;NO;;;;NO;BATS
PRCS;NO;SI;NO;;;;NO;NYSE
PSEC.PRA;NO;SI;NO;;;;SI;NYSE
FGD;NO;SI;NO;;;;NO;ARCA
PSDM;NO;SI;NO;;;;NO;BATS
PSA.PRJ;NO;SI;NO;;;;SI;NYSE
PSCX;NO;SI;NO;;;;NO;BATS
FGBIP;NO;SI;NO;;;;SI;NASDAQ
FFUT;NO;SI;NO;;;;NO;NASDAQ
PSCW;NO;SI;NO;;;;NO;BATS
BWBBP;NO;SI;NO;;;;SI;NASDAQ
PSCU;NO;SI;NO;;;;NO;NASDAQ
PSCQ;NO;SI;NO;;;;NO;BATS
PSCM;NO;SI;NO;;;;NO;NASDAQ
PSCJ;NO;SI;NO;;;;NO;BATS
PSCI;NO;SI;NO;;;;NO;NASDAQ
PSCF;NO;SI;NO;;;;NO;NASDAQ
PSCD;NO;SI;NO;;;;NO;NASDAQ
PTIR;NO;SI;NO;;;;NO;NASDAQ
FFTY;NO;SI;NO;;;;NO;ARCA
PSCC;NO;SI;NO;;;;NO;NASDAQ
QLVE;NO;SI;NO;;;;NO;ARCA
PSC;NO;SI;NO;;;;NO;NASDAQ
FFSM;NO;SI;NO;;;;NO;BATS
PSBD;NO;SI;NO;;;;SI;NYSE
FFOG;NO;SI;NO;;;;NO;BATS
PSAI;NO;SI;NO;;;;NO;BATS
PSA.PRU;NO;SI;NO;;;;SI;NYSE
PSA.PRS;NO;SI;NO;;;;SI;NYSE
PSA.PRQ;NO;SI;NO;;;;SI;NYSE
PSA.PRO;NO;SI;NO;;;;SI;NYSE
FFLV;NO;SI;NO;;;;NO;BATS
PSA.PRK;NO;SI;NO;;;;SI;NYSE
PSA.PRH;NO;SI;NO;;;;SI;NYSE
PSA.PRG;NO;SI;NO;;;;SI;NYSE
PSA.PRF;NO;SI;NO;;;;SI;NYSE
PS;NO;SI;NO;;;;NO;NYSE
PRZO;NO;SI;NO;;;;SI;NASDAQ
FFLS;NO;SI;NO;;;;NO;ARCA
PRXV;NO;SI;NO;;;;NO;ARCA
QSIG;NO;SI;NO;;;;NO;BATS
QSIX;NO;SI;NO;;;;NO;NASDAQ
PRXG;NO;SI;NO;;;;NO;ARCA
PRVT;NO;SI;NO;;;;NO;BATS
PRVS;NO;SI;NO;;;;NO;NYSE
PRTO;NO;SI;NO;;;;NO;ARCA
FFLG;NO;SI;NO;;;;NO;BATS
ALIZY;NO;SI;SI;;;;NO;OTC
PRSO;NO;SI;NO;;;;SI;NASDAQ
PRSD;NO;SI;NO;;;;NO;ARCA
PRS;NO;SI;NO;;;;SI;NYSE
PRQR;NO;SI;NO;;;;NO;NASDAQ
PROP;NO;SI;NO;;;;NO;NASDAQ
AAUS;NO;SI;NO;;;;NO;NASDAQ
PROK;NO;SI;NO;;;;NO;NASDAQ
REVB;NO;SI;NO;;;;SI;NASDAQ
RGTX;NO;SI;NO;;;;NO;NASDAQ
PRMR;NO;SI;NO;;;;NO;NASDAQ
PRIZ;NO;SI;NO;;;;NO;ARCA
PRIV;NO;SI;NO;;;;NO;ARCA
RITM.PRC;NO;SI;NO;;;;SI;NYSE
ACXP;NO;SI;NO;;;;SI;NASDAQ
ASTL;NO;SI;NO;;;;NO;NASDAQ
FFIU;NO;SI;NO;;;;NO;ARCA
FFGX;NO;SI;NO;;;;NO;BATS
PRIF.PRL;NO;SI;NO;;;;SI;NYSE
PRIF.PRK;NO;SI;NO;;;;SI;NYSE
FFEM;NO;SI;NO;;;;NO;BATS
RMOP;NO;SI;NO;;;;NO;ARCA
PRHIZ;NO;SI;NO;;;;SI;NASDAQ
RSPH;NO;SI;NO;;;;NO;ARCA
PRHI;NO;SI;NO;;;;SI;NASDAQ
PRFD;NO;SI;NO;;;;NO;ARCA
PPT;NO;SI;SI;;;;NO;NYSE
PRF;NO;SI;NO;;;;NO;ARCA
FFDI;NO;SI;NO;;;;NO;BATS
CGMU;NO;SI;NO;;;;NO;ARCA
RWIN;NO;SI;NO;;;;NO;NASDAQ
PRENW;NO;SI;NO;;;;SI;NASDAQ
PREF;NO;SI;NO;;;;NO;ARCA
PRAB;NO;SI;NO;;;;NO;ARCA
PRAA;NO;SI;NO;;;;NO;NASDAQ
PQXV;NO;SI;NO;;;;NO;BATS
PQV;NO;SI;NO;;;;NO;BATS
PQNT;NO;SI;NO;;;;NO;ARCA
PQJL;NO;SI;NO;;;;NO;NASDAQ
PQJA;NO;SI;NO;;;;NO;NASDAQ
FFAI;NO;SI;NO;;;;SI;NASDAQ
PQDI;NO;SI;NO;;;;NO;ARCA
PPTY;NO;SI;NO;;;;NO;ARCA
PPSI;NO;SI;NO;;;;SI;NASDAQ
PPLT;NO;SI;NO;;;;NO;ARCA
SB.PRD;NO;SI;NO;;;;SI;NYSE
PPHC;NO;SI;NO;;;;SI;NASDAQ
PPCB;NO;SI;NO;;;;SI;NASDAQ
PPBT;NO;SI;NO;;;;SI;NASDAQ
FEX;NO;SI;NO;;;;NO;NASDAQ
SCEC;NO;SI;NO;;;;NO;BATS
POWWP;NO;SI;NO;;;;SI;NASDAQ
POWR;NO;SI;NO;;;;NO;ARCA
FEUZ;NO;SI;NO;;;;NO;NASDAQ
POW;NO;SI;NO;;;;NO;ARCA
PONX;NO;SI;NO;;;;NO;BATS
PONOU;NO;SI;NO;;;;SI;NASDAQ
PONOR;NO;SI;NO;;;;SI;NASDAQ
PONO;NO;SI;NO;;;;SI;NASDAQ
POM;NO;SI;NO;;;;SI;NASDAQ
BW.PRA;NO;SI;NO;;;;SI;NYSE
POLEW;NO;SI;NO;;;;SI;NASDAQ
POLEU;NO;SI;NO;;;;SI;NASDAQ
POLE;NO;SI;NO;;;;SI;NASDAQ
SDHIR;NO;SI;NO;;;;SI;NASDAQ
GF;NO;SI;SI;;;;NO;NYSE
POEL;NO;SI;NO;;;;NO;BATS
FEUS;NO;SI;NO;;;;NO;ARCA
POCT;NO;SI;NO;;;;NO;BATS
POCI;NO;SI;NO;;;;SI;NASDAQ
FESC;NO;SI;NO;;;;NO;ARCA
PNOV;NO;SI;NO;;;;NO;BATS
CBSE;NO;SI;NO;;;;NO;ARCA
BVNRY;NO;SI;NO;;;;NO;OTC
PNI;NO;SI;NO;;;;NO;NYSE
PNFP.PRC;NO;SI;NO;;;;SI;NYSE
DVND;NO;SI;NO;;;;NO;ARCA
PNFP.PRB;NO;SI;NO;;;;SI;NYSE
PNFP.PRA;NO;SI;NO;;;;SI;NYSE
GCC;NO;SI;NO;;;;NO;ARCA
PNAQ.U;NO;SI;NO;;;;SI;NYSE
PN;NO;SI;NO;;;;SI;NASDAQ
PMTW;NO;SI;NO;;;;SI;NYSE
PMTV;NO;SI;NO;;;;SI;NYSE
PMTU;NO;SI;NO;;;;SI;NYSE
PMTRW;NO;SI;NO;;;;SI;NASDAQ
CAPNU;NO;SI;NO;;;;SI;NASDAQ
PMTRU;NO;SI;NO;;;;SI;NASDAQ
PMTR;NO;SI;NO;;;;SI;NASDAQ
PMT.PRC;NO;SI;NO;;;;SI;NYSE
PMT.PRB;NO;SI;NO;;;;SI;NYSE
PMT.PRA;NO;SI;NO;;;;SI;NYSE
PMSE;NO;SI;NO;;;;NO;BATS
PMOC;NO;SI;NO;;;;NO;BATS
PMO;NO;SI;NO;;;;NO;NYSE
SKIN;NO;SI;NO;;;;NO;NASDAQ
PMNV;NO;SI;NO;;;;NO;BATS
PMN;NO;SI;NO;;;;SI;NASDAQ
PMMY;NO;SI;NO;;;;NO;BATS
FERAU;NO;SI;NO;;;;SI;NASDAQ
PMMR;NO;SI;NO;;;;NO;BATS
FERA;NO;SI;NO;;;;SI;NASDAQ
PMM;NO;SI;NO;;;;NO;NYSE
PML;NO;SI;NO;;;;NO;NYSE
PMJN;NO;SI;NO;;;;NO;BATS
PMJL;NO;SI;NO;;;;NO;BATS
PMJA;NO;SI;NO;;;;NO;BATS
PMIO;NO;SI;NO;;;;NO;ARCA
PMI;NO;SI;NO;;;;SI;AMEX
PMEC;NO;SI;NO;;;;SI;NASDAQ
PMDE;NO;SI;NO;;;;NO;BATS
PMBS;NO;SI;NO;;;;NO;NASDAQ
SLXN;NO;SI;NO;;;;SI;NASDAQ
PMAX;NO;SI;NO;;;;SI;NASDAQ
PMAP;NO;SI;NO;;;;NO;BATS
SNTG;NO;SI;NO;;;;SI;NASDAQ
PLYY;NO;SI;NO;;;;NO;NASDAQ
SOUN;NO;SI;NO;;;;NO;NASDAQ
SPCT;NO;SI;NO;;;;NO;NASDAQ
PLUT;NO;SI;NO;;;;SI;NASDAQ
PLUR;NO;SI;NO;;;;SI;NASDAQ
PLUN.U;NO;SI;NO;;;;SI;NYSE
BUYZ;NO;SI;NO;;;;NO;BATS
PLUN.RT;NO;SI;NO;;;;SI;NYSE
PLOW;NO;SI;SI;;;;NO;NYSE
PLUN;NO;SI;NO;;;;SI;NYSE
PLUL;NO;SI;NO;;;;NO;NASDAQ
SPTU;NO;SI;NO;;;;NO;ARCA
BVAL;NO;SI;NO;;;;NO;ARCA
FEP;NO;SI;NO;;;;NO;NASDAQ
PLU;NO;SI;NO;;;;NO;BATS
PLTZ;NO;SI;NO;;;;NO;NASDAQ
BUYO;NO;SI;NO;;;;NO;ARCA
PLTU;NO;SI;NO;;;;NO;NASDAQ
PLTS;NO;SI;NO;;;;SI;NASDAQ
PLTD;NO;SI;NO;;;;NO;NASDAQ
PLTA;NO;SI;NO;;;;NO;ARCA
PLSM;NO;SI;NO;;;;SI;NASDAQ
PLRZ;NO;SI;NO;;;;SI;NASDAQ
PLMKU;NO;SI;NO;;;;SI;NASDAQ
FEOE;NO;SI;NO;;;;NO;NYSE
PLIB;NO;SI;NO;;;;NO;BATS
PLGI;NO;SI;NO;;;;NO;BATS
FENG;NO;SI;NO;;;;SI;NYSE
PLCIU;NO;SI;NO;;;;SI;NASDAQ
PLCIR;NO;SI;NO;;;;SI;NASDAQ
PLCI;NO;SI;NO;;;;SI;NASDAQ
PLCE;NO;SI;NO;;;;SI;NASDAQ
PLBL;NO;SI;NO;;;;NO;NASDAQ
PLAG;NO;SI;NO;;;;SI;AMEX
PLA;NO;SI;NO;;;;NO;NASDAQ
SUGP;NO;SI;NO;;;;SI;NASDAQ
PKW;NO;SI;NO;;;;NO;NASDAQ
FENC;NO;SI;NO;;;;SI;NASDAQ
PKB;NO;SI;NO;;;;NO;ARCA
SUJA;NO;SI;NO;;;;SI;NASDAQ
PJUS;NO;SI;NO;;;;NO;BATS
PJUL;NO;SI;NO;;;;NO;BATS
PJP;NO;SI;NO;;;;NO;ARCA
PJFV;NO;SI;NO;;;;NO;ARCA
PJAN;NO;SI;NO;;;;NO;BATS
PIZ;NO;SI;NO;;;;NO;NASDAQ
BUXX;NO;SI;NO;;;;NO;NYSE
PIT;NO;SI;NO;;;;NO;BATS
PIPE;NO;SI;NO;;;;NO;BATS
PINE.PRA;NO;SI;NO;;;;SI;NYSE
PINC;NO;SI;NO;;;;NO;BATS
PIM;NO;SI;NO;;;;NO;NYSE
PIIIW;NO;SI;NO;;;;SI;NASDAQ
PIII;NO;SI;NO;;;;SI;NASDAQ
PIFMY;NO;SI;NO;;;;NO;OTC
TDSB;NO;SI;NO;;;;NO;NASDAQ
PIFI;NO;SI;NO;;;;NO;ARCA
PIEQ;NO;SI;NO;;;;NO;BATS
PIEL;NO;SI;NO;;;;NO;BATS
PIE;NO;SI;NO;;;;NO;NASDAQ
TERG;NO;SI;NO;;;;NO;NASDAQ
PICK;NO;SI;NO;;;;NO;BATS
PICB;NO;SI;NO;;;;NO;ARCA
PHOX;NO;SI;NO;;;;NO;ARCA
TII;NO;SI;NO;;;;NO;AMEX
PHOS;NO;SI;NO;;;;SI;NASDAQ
PHOE;NO;SI;NO;;;;SI;NASDAQ
BUUU;NO;SI;NO;;;;SI;NASDAQ
PHIO;NO;SI;NO;;;;SI;NASDAQ
PGY;NO;SI;NO;;;;NO;NASDAQ
FEMS;NO;SI;NO;;;;NO;NASDAQ
PGRI;NO;SI;NO;;;;NO;ARCA
BUSM;NO;SI;NO;;;;NO;BATS
PGP;NO;SI;NO;;;;NO;NYSE
PGJ;NO;SI;NO;;;;NO;NASDAQ
PGHY;NO;SI;NO;;;;NO;ARCA
PFL;NO;SI;SI;;;;NO;NYSE
PGACU;NO;SI;NO;;;;SI;NASDAQ
TWG;NO;SI;NO;;;;NO;NASDAQ
FEMR;NO;SI;NO;;;;NO;ARCA
PGACR;NO;SI;NO;;;;SI;NASDAQ
PGAC;NO;SI;NO;;;;SI;NASDAQ
PFXNZ;NO;SI;NO;;;;SI;NASDAQ
TWLVR;NO;SI;NO;;;;SI;NASDAQ
PFXF;NO;SI;NO;;;;NO;ARCA
UIVM;NO;SI;NO;;;;NO;NASDAQ
PFX;NO;SI;NO;;;;SI;NASDAQ
PFRL;NO;SI;NO;;;;NO;ARCA
PFOE;NO;SI;NO;;;;NO;NASDAQ
PFO;NO;SI;NO;;;;NO;NYSE
PFLD;NO;SI;NO;;;;NO;ARCA
PFLA;NO;SI;NO;;;;SI;NYSE
FEMG;NO;SI;NO;;;;NO;ARCA
UONE;NO;SI;NO;;;;SI;NASDAQ
PFIX;NO;SI;NO;;;;NO;ARCA
PFIG;NO;SI;NO;;;;NO;ARCA
PFE;NO;SI;SI;;;;NO;NYSE
BKDV;NO;SI;NO;;;;NO;ARCA
FEMD;NO;SI;NO;;;;NO;ARCA
BUSEP;NO;SI;NO;;;;SI;NASDAQ
PFFV;NO;SI;NO;;;;NO;ARCA
PFFL;NO;SI;NO;;;;NO;ARCA
PFFA;NO;SI;NO;;;;NO;ARCA
FEMB;NO;SI;NO;;;;NO;NASDAQ
PFDE;NO;SI;NO;;;;NO;NASDAQ
PFD;NO;SI;NO;;;;NO;NYSE
PFAI;NO;SI;NO;;;;SI;NASDAQ
PEZ;NO;SI;NO;;;;NO;NASDAQ
GPGI;NO;SI;SI;;;;NO;NYSE
PEX;NO;SI;NO;;;;NO;BATS
PEW.WS;NO;SI;NO;;;;SI;NYSE
PEPS;NO;SI;NO;;;;NO;NASDAQ
PENU;NO;SI;NO;;;;NO;BATS
PEMX;NO;SI;NO;;;;NO;ARCA
PEJ;NO;SI;NO;;;;NO;ARCA
PECEW;NO;SI;NO;;;;SI;NASDAQ
PECE;NO;SI;NO;;;;SI;NASDAQ
FEM;NO;SI;NO;;;;NO;NASDAQ
PEB.PRH;NO;SI;NO;;;;SI;NYSE
PEB.PRF;NO;SI;NO;;;;SI;NYSE
PEB.PRE;NO;SI;NO;;;;SI;NYSE
PDD;NO;SI;SI;;;;NO;NASDAQ
FELV;NO;SI;NO;;;;NO;ARCA
UTEN;NO;SI;NO;;;;NO;NASDAQ
UTSI;NO;SI;NO;;;;SI;NASDAQ
PDYNW;NO;SI;NO;;;;SI;NASDAQ
PDYN;NO;SI;NO;;;;SI;NASDAQ
FEIG;NO;SI;NO;;;;NO;ARCA
PDSB;NO;SI;NO;;;;NO;NASDAQ
PDPA;NO;SI;NO;;;;SI;NYSE
PDN;NO;SI;NO;;;;NO;ARCA
PDEC;NO;SI;NO;;;;NO;BATS
PDDL;NO;SI;NO;;;;NO;NASDAQ
PDCC;NO;SI;NO;;;;NO;NYSE
PDC;NO;SI;NO;;;;SI;NASDAQ
PCM;NO;SI;SI;;;;NO;NYSE
PCTTW;NO;SI;NO;;;;SI;NASDAQ
FEGE;NO;SI;NO;;;;NO;NYSE
PCTTU;NO;SI;NO;;;;SI;NASDAQ
PCSG;NO;SI;NO;;;;NO;ARCA
PCSA;NO;SI;NO;;;;SI;NASDAQ
PCS;NO;SI;NO;;;;NO;BATS
PCR;NO;SI;NO;;;;NO;ARCA
VAVX;NO;SI;NO;;;;NO;NASDAQ
PCQ;NO;SI;NO;;;;NO;NYSE
PCPP;NO;SI;NO;;;;NO;BATS
PCPI;NO;SI;NO;;;;NO;NASDAQ
FEED;NO;SI;NO;;;;SI;NASDAQ
PCLN;NO;SI;NO;;;;NO;ARCA
PCLG;NO;SI;NO;;;;NO;ARCA
PCLC;NO;SI;NO;;;;NO;ARCA
PCL;NO;SI;NO;;;;NO;BATS
PCIG;NO;SI;NO;;;;NO;ARCA
PCHI;NO;SI;NO;;;;NO;ARCA
PCGG;NO;SI;NO;;;;NO;ARCA
BENFW;NO;SI;NO;;;;SI;NASDAQ
VDV;NO;SI;NO;;;;NO;BATS
VTAK;NO;SI;NO;;;;SI;AMEX
PCFI;NO;SI;NO;;;;NO;ARCA
PCEB;NO;SI;NO;;;;NO;ARCA
PCCE;NO;SI;NO;;;;NO;ARCA
PCAPW;NO;SI;NO;;;;SI;NASDAQ
PCAPU;NO;SI;NO;;;;SI;NASDAQ
PCAP;NO;SI;NO;;;;SI;NASDAQ
PC;NO;SI;NO;;;;SI;NASDAQ
FEDU;NO;SI;NO;;;;SI;NYSE
PBUS;NO;SI;NO;;;;NO;BATS
BUSA;NO;SI;NO;;;;NO;BATS
PBTP;NO;SI;NO;;;;NO;BATS
PBSE;NO;SI;NO;;;;NO;BATS
PBSC;NO;SI;NO;;;;NO;NASDAQ
WANT;NO;SI;NO;;;;NO;ARCA
WAR;NO;SI;NO;;;;NO;ARCA
PBRG;NO;SI;NO;;;;NO;NASDAQ
PBQQ;NO;SI;NO;;;;NO;NASDAQ
PBPH;NO;SI;NO;;;;NO;NASDAQ
PBP;NO;SI;NO;;;;NO;BATS
PBOT;NO;SI;NO;;;;NO;ARCA
PBOG;NO;SI;NO;;;;NO;NASDAQ
PBOC;NO;SI;NO;;;;NO;BATS
PBNV;NO;SI;NO;;;;NO;BATS
PBMY;NO;SI;NO;;;;NO;BATS
PBMWW;NO;SI;NO;;;;SI;NASDAQ
PBMR;NO;SI;NO;;;;NO;BATS
PBL;NO;SI;NO;;;;NO;BATS
PBK;NO;SI;NO;;;;NO;NASDAQ
WARP;NO;SI;NO;;;;NO;NASDAQ
WCMI;NO;SI;NO;;;;NO;ARCA
PBJL;NO;SI;NO;;;;NO;BATS
FEDM;NO;SI;NO;;;;NO;ARCA
PBJA;NO;SI;NO;;;;NO;BATS
PBJ;NO;SI;NO;;;;NO;ARCA
PBI.PRB;NO;SI;NO;;;;SI;NYSE
WFCF;NO;SI;NO;;;;SI;NASDAQ
PBFR;NO;SI;NO;;;;NO;BATS
PBFB;NO;SI;NO;;;;NO;BATS
LQDW;NO;SI;NO;;;;NO;BATS
PBEU;NO;SI;NO;;;;NO;NASDAQ
FECM;NO;SI;NO;;;;NO;ARCA
PBDE;NO;SI;NO;;;;NO;BATS
PBDC;NO;SI;NO;;;;NO;ARCA
PBD;NO;SI;NO;;;;NO;ARCA
WWR;NO;SI;NO;;;;NO;AMEX
PBAP;NO;SI;NO;;;;NO;BATS
PBAM;NO;SI;NO;;;;SI;NASDAQ
PAYR;NO;SI;NO;;;;NO;BATS
XCBEW;NO;SI;NO;;;;SI;NASDAQ
PAYP;NO;SI;NO;;;;NO;NASDAQ
QIG;NO;SI;NO;;;;NO;BATS
PAYM;NO;SI;NO;;;;NO;BATS
XIMR;NO;SI;NO;;;;NO;BATS
PAR;NO;SI;SI;;;;NO;NYSE
PAYH;NO;SI;NO;;;;NO;BATS
XISE;NO;SI;NO;;;;NO;BATS
PAWZ;NO;SI;NO;;;;NO;BATS
FEBW;NO;SI;NO;;;;NO;BATS
PAVM;NO;SI;NO;;;;SI;NASDAQ
FEBU;NO;SI;NO;;;;NO;BATS
PATX;NO;SI;NO;;;;NO;BATS
PATN;NO;SI;NO;;;;NO;NASDAQ
PASW;NO;SI;NO;;;;NO;NASDAQ
PARK;NO;SI;NO;;;;SI;NASDAQ
FEBT;NO;SI;NO;;;;NO;BATS
PARA;NO;SI;NO;;;;SI;NASDAQ
AERO;NO;SI;NO;;;;NO;NYSE
FEBO;NO;SI;NO;;;;SI;NASDAQ
XOVL;NO;SI;NO;;;;NO;BATS
FEBM;NO;SI;NO;;;;NO;BATS
PAPL;NO;SI;NO;;;;SI;AMEX
PAGS;NO;SI;SI;;;;NO;NYSE
PANG;NO;SI;NO;;;;NO;NASDAQ
XSHP;NO;SI;NO;;;;NO;BATS
PAMC;NO;SI;NO;;;;NO;ARCA
PALU;NO;SI;NO;;;;NO;NASDAQ
AVNV;NO;SI;NO;;;;NO;ARCA
PALO;NO;SI;NO;;;;SI;NASDAQ
PALL;NO;SI;NO;;;;NO;ARCA
PALC;NO;SI;NO;;;;NO;ARCA
PAII.WS;NO;SI;NO;;;;SI;NYSE
PAII.U;NO;SI;NO;;;;SI;NYSE
AIPI;NO;SI;NO;;;;NO;NASDAQ
PAII;NO;SI;NO;;;;SI;NYSE
PAI;NO;SI;NO;;;;NO;NYSE
P;NO;SI;SI;;;;NO;NYSE
FEAM;NO;SI;NO;;;;SI;NASDAQ
FEAC;NO;SI;NO;;;;NO;ARCA
FDV;NO;SI;NO;;;;NO;ARCA
PACHU;NO;SI;NO;;;;SI;NASDAQ
PACH;NO;SI;NO;;;;SI;NASDAQ
DIBS;NO;SI;SI;;;;SI;NASDAQ
FDTX;NO;SI;NO;;;;NO;NASDAQ
PABU;NO;SI;NO;;;;NO;NASDAQ
PABD;NO;SI;NO;;;;NO;NASDAQ
OZKAP;NO;SI;NO;;;;SI;NASDAQ
OZEM;NO;SI;NO;;;;NO;NASDAQ
YQQQ;NO;SI;NO;;;;NO;NASDAQ
OYSER;NO;SI;NO;;;;SI;NASDAQ
ZJK;NO;SI;NO;;;;NO;NASDAQ
OYSE;NO;SI;NO;;;;SI;NASDAQ
OXY.WS;NO;SI;NO;;;;SI;NYSE
OXSQH;NO;SI;NO;;;;SI;NASDAQ
ZYBT;NO;SI;NO;;;;SI;NASDAQ
BURBY;NO;SI;NO;;;;NO;OTC
OXSQG;NO;SI;NO;;;;SI;NASDAQ
OXSQ;NO;SI;NO;;;;NO;NASDAQ
OXLCZ;NO;SI;NO;;;;SI;NASDAQ
OXLCO;NO;SI;NO;;;;SI;NASDAQ
OXLCN;NO;SI;NO;;;;SI;NASDAQ
BULZ;NO;SI;NO;;;;NO;ARCA
FDT;NO;SI;NO;;;;NO;NASDAQ
OXLCM;NO;SI;NO;;;;SI;NASDAQ
OXLCI;NO;SI;NO;;;;SI;NASDAQ
OXLCG;NO;SI;NO;;;;SI;NASDAQ
OXLC;NO;SI;NO;;;;NO;NASDAQ
FDRX;NO;SI;NO;;;;NO;NASDAQ
OXBRW;NO;SI;NO;;;;SI;NASDAQ
OXBR;NO;SI;NO;;;;SI;NASDAQ
OWNS;NO;SI;NO;;;;NO;ARCA
BULLW;NO;SI;NO;;;;SI;NASDAQ
BULG;NO;SI;NO;;;;NO;NASDAQ
OWNB;NO;SI;NO;;;;NO;ARCA
OWN;NO;SI;NO;;;;NO;BATS
FDRS;NO;SI;NO;;;;NO;NASDAQ
OWLS;NO;SI;NO;;;;SI;NASDAQ
OVT;NO;SI;NO;;;;NO;BATS
OVS;NO;SI;NO;;;;NO;BATS
OVM;NO;SI;NO;;;;NO;BATS
OVL;NO;SI;NO;;;;NO;BATS
FDNI;NO;SI;NO;;;;NO;NASDAQ
OVF;NO;SI;NO;;;;NO;BATS
OVBC;NO;SI;NO;;;;SI;NASDAQ
OUSL;NO;SI;NO;;;;NO;BATS
OTLK;NO;SI;NO;;;;NO;NASDAQ
FDND;NO;SI;NO;;;;NO;BATS
BULD;NO;SI;NO;;;;NO;NASDAQ
OTGL;NO;SI;NO;;;;NO;NASDAQ
FDN;NO;SI;NO;;;;NO;ARCA
OTGAW;NO;SI;NO;;;;SI;NASDAQ
OTGA;NO;SI;NO;;;;SI;NASDAQ
BUL;NO;SI;NO;;;;NO;ARCA
BUI;NO;SI;NO;;;;NO;NYSE
OTF;NO;SI;NO;;;;NO;NYSE
OTAI.U;NO;SI;NO;;;;SI;NYSE
OTAI.RT;NO;SI;NO;;;;SI;NYSE
OSTX;NO;SI;NO;;;;SI;AMEX
OSSL;NO;SI;NO;;;;NO;BATS
FDMO;NO;SI;NO;;;;NO;ARCA
OSRH;NO;SI;NO;;;;SI;NASDAQ
EEMA;NO;SI;SI;;;;NO;NASDAQ
OSPRU;NO;SI;NO;;;;SI;NASDAQ
OSEA;NO;SI;NO;;;;NO;ARCA
OSCX;NO;SI;NO;;;;NO;NASDAQ
OSCV;NO;SI;NO;;;;NO;BATS
ORKT;NO;SI;NO;;;;SI;NASDAQ
CVR;NO;SI;NO;;;;SI;AMEX
FDMMW;NO;SI;NO;;;;SI;NASDAQ
ORKLY;NO;SI;NO;;;;NO;OTC
ORIQU;NO;SI;NO;;;;SI;NASDAQ
ORIO;NO;SI;NO;;;;SI;NASDAQ
ORCZ;NO;SI;NO;;;;NO;BATS
ORCX;NO;SI;NO;;;;NO;NASDAQ
ORCS;NO;SI;NO;;;;NO;NASDAQ
ORBX;NO;SI;NO;;;;NO;NASDAQ
ORBS;NO;SI;NO;;;;NO;NASDAQ
ORAC;NO;SI;NO;;;;NO;BATS
FDL;NO;SI;NO;;;;NO;ARCA
OPTZ;NO;SI;NO;;;;NO;NASDAQ
OPTX;NO;SI;NO;;;;SI;NASDAQ
OPTU;NO;SI;NO;;;;NO;NYSE
OPTT;NO;SI;NO;;;;NO;AMEX
OPTH;NO;SI;NO;;;;SI;NASDAQ
OPPG;NO;SI;NO;;;;NO;ARCA
FDIV;NO;SI;NO;;;;NO;NASDAQ
OPP.PRB;NO;SI;NO;;;;SI;NYSE
BUFZ;NO;SI;NO;;;;NO;BATS
OPP.PRA;NO;SI;NO;;;;SI;NYSE
ALVO;NO;SI;NO;;;;NO;NASDAQ
FDIQ;NO;SI;NO;;;;NO;NASDAQ
BUFY;NO;SI;NO;;;;NO;BATS
BUFX;NO;SI;NO;;;;NO;BATS
OPHC;NO;SI;NO;;;;SI;AMEX
OPENZ;NO;SI;NO;;;;SI;NASDAQ
OPENW;NO;SI;NO;;;;SI;NASDAQ
OPENL;NO;SI;NO;;;;SI;NASDAQ
OPEG;NO;SI;NO;;;;NO;NASDAQ
FDIG;NO;SI;NO;;;;NO;NASDAQ
FDIF;NO;SI;NO;;;;NO;NASDAQ
OOSP;NO;SI;NO;;;;NO;ARCA
ONX;NO;SI;NO;;;;NO;BATS
ONTX;NO;SI;NO;;;;NO;BATS
ONOF;NO;SI;NO;;;;NO;ARCA
ONMDW;NO;SI;NO;;;;SI;NASDAQ
ALAI;NO;SI;NO;;;;NO;ARCA
ONMD;NO;SI;NO;;;;NO;NASDAQ
FDHY;NO;SI;NO;;;;NO;ARCA
ONLN;NO;SI;NO;;;;NO;ARCA
ONG;NO;SI;NO;;;;NO;BATS
ONFOW;NO;SI;NO;;;;SI;NASDAQ
ONFO;NO;SI;NO;;;;SI;NASDAQ
ONEZ;NO;SI;NO;;;;NO;BATS
ONEY;NO;SI;NO;;;;NO;ARCA
ONEV;NO;SI;NO;;;;NO;ARCA
ONEO;NO;SI;NO;;;;NO;ARCA
ONEH;NO;SI;NO;;;;NO;BATS
BUFT;NO;SI;NO;;;;NO;BATS
FDG;NO;SI;NO;;;;NO;ARCA
BUFR;NO;SI;NO;;;;NO;BATS
ONEG;NO;SI;NO;;;;SI;NASDAQ
AFOS;NO;SI;NO;;;;NO;NASDAQ
ONDU;NO;SI;NO;;;;NO;BATS
ONDS;NO;SI;NO;;;;NO;NASDAQ
ONDL;NO;SI;NO;;;;NO;BATS
ONDG;NO;SI;NO;;;;NO;NASDAQ
ONDC;NO;SI;NO;;;;NO;BATS
OND;NO;SI;NO;;;;NO;ARCA
ONCY;NO;SI;NO;;;;NO;NASDAQ
ONCO;NO;SI;NO;;;;SI;NASDAQ
ONCHU;NO;SI;NO;;;;SI;NASDAQ
ONBPP;NO;SI;NO;;;;SI;NASDAQ
ONBPO;NO;SI;NO;;;;SI;NASDAQ
OMRNY;NO;SI;NO;;;;NO;OTC
AHT.PRI;NO;SI;NO;;;;SI;NYSE
OMFS;NO;SI;NO;;;;NO;BATS
AHT.PRH;NO;SI;NO;;;;SI;NYSE
OMEX;NO;SI;NO;;;;NO;NASDAQ
ASTY;NO;SI;NO;;;;NO;BATS
BEG;NO;SI;NO;;;;NO;NASDAQ
OLOX;NO;SI;NO;;;;SI;NASDAQ
OLB;NO;SI;NO;;;;SI;NASDAQ
ARAY;NO;SI;NO;;;;NO;NASDAQ
OKYO;NO;SI;NO;;;;NO;NASDAQ
OKTG;NO;SI;NO;;;;NO;NASDAQ
OKLS;NO;SI;NO;;;;NO;ARCA
OKLC;NO;SI;NO;;;;NO;BATS
BUFQ;NO;SI;NO;;;;NO;BATS
FENY;NO;SI;NO;;;;NO;ARCA
FORTY;NO;SI;NO;;;;SI;NASDAQ
MKLYR;NO;SI;NO;;;;SI;NASDAQ
OIOWW;NO;SI;NO;;;;SI;NASDAQ
OIO;NO;SI;NO;;;;NO;NASDAQ
OIMAW;NO;SI;NO;;;;SI;NASDAQ
OIMAU;NO;SI;NO;;;;SI;NASDAQ
OIM;NO;SI;NO;;;;SI;NASDAQ
OILU;NO;SI;NO;;;;NO;ARCA
OILT;NO;SI;NO;;;;NO;ARCA
OILK;NO;SI;NO;;;;NO;BATS
DMX;NO;SI;NO;;;;NO;ARCA
OILD;NO;SI;NO;;;;NO;ARCA
OIA;NO;SI;NO;;;;NO;NYSE
OHACU;NO;SI;NO;;;;SI;NASDAQ
DMAR;NO;SI;NO;;;;NO;BATS
OHAC;NO;SI;NO;;;;SI;NASDAQ
OGIG;NO;SI;NO;;;;NO;ARCA
OGGWZ;NO;SI;NO;;;;SI;NASDAQ
OGEN;NO;SI;NO;;;;SI;AMEX
OGCP;NO;SI;NO;;;;SI;ARCA
OFSSO;NO;SI;NO;;;;SI;NASDAQ
OFSSH;NO;SI;NO;;;;SI;NASDAQ
FCA;NO;SI;NO;;;;NO;NASDAQ
OFS;NO;SI;NO;;;;SI;NASDAQ
OESX;NO;SI;NO;;;;SI;NASDAQ
OEI;NO;SI;NO;;;;NO;ARCA
ODTX;NO;SI;NO;;;;SI;NASDAQ
ODTE;NO;SI;NO;;;;NO;NASDAQ
FDFF;NO;SI;NO;;;;NO;NASDAQ
ODHY;NO;SI;NO;;;;NO;ARCA
ODDZ;NO;SI;NO;;;;NO;BATS
ODDS;NO;SI;NO;;;;NO;NASDAQ
OCTZ;NO;SI;NO;;;;NO;BATS
OCTV;NO;SI;NO;;;;NO;NASDAQ
OCTU;NO;SI;NO;;;;NO;BATS
OCTM;NO;SI;NO;;;;NO;BATS
OCTJ;NO;SI;NO;;;;NO;BATS
DMXF;NO;SI;NO;;;;NO;NASDAQ
OCTH;NO;SI;NO;;;;NO;BATS
BUFP;NO;SI;NO;;;;NO;BATS
EMSC;NO;SI;NO;;;;NO;NASDAQ
OCTB;NO;SI;NO;;;;NO;BATS
OCSL;NO;SI;NO;;;;NO;NASDAQ
OCSAW;NO;SI;NO;;;;SI;NASDAQ
OCNL;NO;SI;NO;;;;NO;BATS
OCLTU;NO;SI;NO;;;;SI;NASDAQ
OCIO;NO;SI;NO;;;;NO;ARCA
OCGN;NO;SI;NO;;;;NO;NASDAQ
FSGS;NO;SI;NO;;;;NO;NASDAQ
OCG;NO;SI;NO;;;;SI;NASDAQ
FDEV;NO;SI;NO;;;;NO;BATS
FDEM;NO;SI;NO;;;;NO;BATS
OCDDY;NO;SI;NO;;;;NO;OTC
OCDB;NO;SI;NO;;;;NO;BATS
ISMF;NO;SI;NO;;;;NO;BATS
OCCIN;NO;SI;NO;;;;SI;NASDAQ
NPT;NO;SI;NO;;;;SI;NASDAQ
OCCIM;NO;SI;NO;;;;SI;NASDAQ
FDCF;NO;SI;NO;;;;NO;NASDAQ
OCAC.WS;NO;SI;NO;;;;SI;NYSE
OCAC.U;NO;SI;NO;;;;SI;NYSE
OCAC.RT;NO;SI;NO;;;;SI;NYSE
OBOR;NO;SI;NO;;;;NO;ARCA
ZNOV;NO;SI;NO;;;;NO;BATS
OBND;NO;SI;NO;;;;NO;BATS
BUFM;NO;SI;NO;;;;NO;NASDAQ
FCXG;NO;SI;NO;;;;NO;NASDAQ
OBIL;NO;SI;NO;;;;NO;NASDAQ
BUFI;NO;SI;NO;;;;NO;NASDAQ
RFAMU;NO;SI;NO;;;;SI;NASDAQ
OBAWW;NO;SI;NO;;;;SI;NASDAQ
AAAA;NO;SI;NO;;;;NO;BATS
TFNS;NO;SI;NO;;;;NO;NASDAQ
OBAWU;NO;SI;NO;;;;SI;NASDAQ
OBAI;NO;SI;NO;;;;SI;NASDAQ
OBA;NO;SI;NO;;;;SI;NASDAQ
OASC;NO;SI;NO;;;;NO;ARCA
OARK;NO;SI;NO;;;;NO;ARCA
FCUV;NO;SI;NO;;;;SI;NASDAQ
NYT;NO;SI;SI;;;;NO;NYSE
OALC;NO;SI;NO;;;;NO;ARCA
ZTWO;NO;SI;NO;;;;NO;NASDAQ
OAKM;NO;SI;NO;;;;NO;ARCA
FCUS;NO;SI;NO;;;;NO;ARCA
OAKI;NO;SI;NO;;;;NO;ARCA
FCTR;NO;SI;NO;;;;NO;BATS
OAK.PRB;NO;SI;NO;;;;SI;NYSE
OAK.PRA;NO;SI;NO;;;;SI;NYSE
BUFF;NO;SI;NO;;;;NO;BATS
OAIM;NO;SI;NO;;;;NO;ARCA
OAEM;NO;SI;NO;;;;NO;ARCA
OACP;NO;SI;NO;;;;NO;ARCA
BUFD;NO;SI;NO;;;;NO;BATS
JRS;NO;SI;SI;;;;NO;NYSE
FCTE;NO;SI;NO;;;;NO;NASDAQ
OACCW;NO;SI;NO;;;;SI;NASDAQ
FCSH;NO;SI;NO;;;;NO;ARCA
OACCU;NO;SI;NO;;;;SI;NASDAQ
OACC;NO;SI;NO;;;;SI;NASDAQ
OABIW;NO;SI;NO;;;;SI;NASDAQ
NYNY;NO;SI;NO;;;;NO;BATS
NYM;NO;SI;NO;;;;NO;ARCA
ZIM;NO;SI;SI;;;;NO;NYSE
ANGI;NO;SI;SI;;;;NO;NASDAQ
NYAX;NO;SI;NO;;;;SI;NASDAQ
NXXT;NO;SI;NO;;;;NO;NASDAQ
NXUS;NO;SI;NO;;;;NO;ARCA
NXTS;NO;SI;NO;;;;SI;NASDAQ
NXTI;NO;SI;NO;;;;NO;BATS
BLND;NO;SI;SI;;;;NO;NYSE
NXTE;NO;SI;NO;;;;NO;ARCA
NXTC;NO;SI;NO;;;;SI;NASDAQ
BUFC;NO;SI;NO;;;;NO;NASDAQ
FCRS.WS;NO;SI;NO;;;;SI;NYSE
NXPX;NO;SI;NO;;;;NO;BATS
NXP;NO;SI;NO;;;;NO;NYSE
NXGLW;NO;SI;NO;;;;SI;NASDAQ
NXG;NO;SI;NO;;;;NO;NYSE
NXB;NO;SI;NO;;;;SI;AMEX
NVR;NO;SI;SI;;;;NO;NYSE
FCRS.U;NO;SI;NO;;;;SI;NYSE
FCOR;NO;SI;NO;;;;NO;ARCA
NWAX.U;NO;SI;NO;;;;SI;NYSE
BUFB;NO;SI;NO;;;;NO;BATS
NWAX;NO;SI;NO;;;;SI;NYSE
NVZMY;NO;SI;NO;;;;NO;OTC
NVYY;NO;SI;NO;;;;NO;NASDAQ
NVX;NO;SI;NO;;;;NO;NASDAQ
NVTX;NO;SI;NO;;;;NO;BATS
NVPS;NO;SI;NO;;;;NO;NASDAQ
FCNCP;NO;SI;NO;;;;SI;NASDAQ
NVOX;NO;SI;NO;;;;NO;ARCA
FCNCO;NO;SI;NO;;;;SI;NASDAQ
BTTC;NO;SI;NO;;;;SI;NASDAQ
DFNSW;NO;SI;NO;;;;SI;NASDAQ
NVOH;NO;SI;NO;;;;NO;ARCA
NVOC;NO;SI;NO;;;;NO;BATS
NVNI;NO;SI;NO;;;;SI;NASDAQ
NVIT;NO;SI;NO;;;;NO;BATS
BTT;NO;SI;NO;;;;NO;NYSE
NVIR;NO;SI;NO;;;;NO;ARCA
BTRN;NO;SI;NO;;;;NO;ARCA
BTQ;NO;SI;NO;;;;NO;NASDAQ
NVII;NO;SI;NO;;;;NO;BATS
BTOT;NO;SI;NO;;;;NO;ARCA
FCNCN;NO;SI;NO;;;;SI;NASDAQ
NVDX;NO;SI;NO;;;;NO;BATS
HCC;NO;SI;SI;;;;NO;NYSE
FCLO;NO;SI;NO;;;;NO;NASDAQ
DJIA;NO;SI;SI;;;;NO;ARCA
NVDU;NO;SI;NO;;;;NO;NASDAQ
NVDL;NO;SI;NO;;;;NO;NASDAQ
NVDG;NO;SI;NO;;;;NO;NASDAQ
BTOG;NO;SI;NO;;;;SI;NASDAQ
BTOC;NO;SI;NO;;;;SI;NASDAQ
NVDD;NO;SI;NO;;;;NO;NASDAQ
NVD;NO;SI;NO;;;;NO;NASDAQ
NVC;NO;SI;NO;;;;NO;BATS
NVBW;NO;SI;NO;;;;NO;BATS
NVBT;NO;SI;NO;;;;NO;BATS
NVTC;NO;SI;NO;;;;NO;BATS
NVA.WS;NO;SI;NO;;;;SI;AMEX
NUW;NO;SI;NO;;;;NO;NYSE
NUV;NO;SI;NO;;;;NO;NYSE
EYLD;NO;SI;SI;;;;NO;BATS
NUSB;NO;SI;NO;;;;NO;NASDAQ
NUSA;NO;SI;NO;;;;NO;ARCA
NURE;NO;SI;NO;;;;NO;BATS
NUMI;NO;SI;NO;;;;NO;ARCA
NULV;NO;SI;NO;;;;NO;BATS
NUKX;NO;SI;NO;;;;NO;ARCA
NUIF;NO;SI;NO;;;;NO;NASDAQ
FLIN;NO;SI;SI;;;;NO;ARCA
NUHY;NO;SI;NO;;;;NO;ARCA
FCLD;NO;SI;NO;;;;NO;BATS
NUGY;NO;SI;NO;;;;NO;NASDAQ
NUGO;NO;SI;NO;;;;NO;ARCA
NUG;NO;SI;NO;;;;NO;NASDAQ
NUEM;NO;SI;NO;;;;NO;BATS
NUDM;NO;SI;NO;;;;NO;BATS
NUDG;NO;SI;NO;;;;NO;ARCA
NUCLW;NO;SI;NO;;;;SI;NASDAQ
NUCL;NO;SI;NO;;;;SI;NASDAQ
NUAIW;NO;SI;NO;;;;SI;NASDAQ
NUAI;NO;SI;NO;;;;NO;NASDAQ
NUAG;NO;SI;NO;;;;NO;ARCA
NTWOW;NO;SI;NO;;;;SI;NASDAQ
BTF;NO;SI;NO;;;;NO;NASDAQ
NTWOU;NO;SI;NO;;;;SI;NASDAQ
BTDPY;NO;SI;NO;;;;NO;OTC
NTWO;NO;SI;NO;;;;SI;NASDAQ
NTWK;NO;SI;NO;;;;SI;NASDAQ
NTGR;NO;SI;SI;;;;NO;NASDAQ
FCBM;NO;SI;NO;;;;SI;NYSE
NTSE;NO;SI;NO;;;;NO;ARCA
NTSD;NO;SI;NO;;;;NO;ARCA
NTRSO;NO;SI;NO;;;;SI;NASDAQ
NTRP;NO;SI;NO;;;;SI;NASDAQ
NTRL;NO;SI;NO;;;;NO;ARCA
NTRBW;NO;SI;NO;;;;SI;NASDAQ
BTDL;NO;SI;NO;;;;NO;NASDAQ
NTRB;NO;SI;NO;;;;SI;NASDAQ
NTOIY;NO;SI;NO;;;;NO;OTC
NTIP;NO;SI;NO;;;;SI;AMEX
NTHI;NO;SI;NO;;;;SI;NASDAQ
NSP;NO;SI;SI;;;;NO;NYSE
NTCL;NO;SI;NO;;;;SI;NASDAQ
FCAL;NO;SI;NO;;;;NO;NASDAQ
NTAL;NO;SI;NO;;;;NO;NASDAQ
NSYS;NO;SI;NO;;;;SI;NASDAQ
JEDI;NO;SI;SI;;;;NO;ARCA
FBYY;NO;SI;NO;;;;NO;NASDAQ
BTCZ;NO;SI;NO;;;;NO;BATS
FBYDW;NO;SI;NO;;;;SI;NASDAQ
NSPR;NO;SI;NO;;;;SI;NASDAQ
NSLRL;NO;SI;NO;;;;SI;NASDAQ
NSIV;NO;SI;NO;;;;NO;ARCA
NSIG;NO;SI;NO;;;;NO;ARCA
BTCU;NO;SI;NO;;;;NO;ARCA
NSI;NO;SI;NO;;;;NO;NASDAQ
FBYDP;NO;SI;NO;;;;SI;NASDAQ
NSEP;NO;SI;NO;;;;NO;BATS
NSCI;NO;SI;NO;;;;NO;ARCA
BTCL;NO;SI;NO;;;;NO;BATS
BTCK;NO;SI;NO;;;;NO;ARCA
NSANY;NO;SI;NO;;;;NO;OTC
NRXP;NO;SI;NO;;;;SI;NASDAQ
FBYD;NO;SI;NO;;;;NO;NASDAQ
NRUC;NO;SI;NO;;;;SI;NYSE
NRT;NO;SI;NO;;;;SI;NYSE
NRSNW;NO;SI;NO;;;;SI;NASDAQ
NRSN;NO;SI;NO;;;;SI;NASDAQ
NRSH;NO;SI;NO;;;;NO;ARCA
NRO;NO;SI;NO;;;;NO;AMEX
NRK;NO;SI;NO;;;;NO;NYSE
BTBDW;NO;SI;NO;;;;SI;NASDAQ
BTBD;NO;SI;NO;;;;SI;NASDAQ
NRGU;NO;SI;NO;;;;NO;ARCA
KN;NO;SI;SI;;;;NO;NYSE
NRGD;NO;SI;NO;;;;NO;ARCA
MHIG;NO;SI;NO;;;;NO;ARCA
NRDY;NO;SI;NO;;;;NO;NYSE
BTAL;NO;SI;NO;;;;NO;ARCA
NRDBY;NO;SI;NO;;;;NO;OTC
FBY;NO;SI;NO;;;;NO;ARCA
NQLT;NO;SI;NO;;;;NO;ARCA
AESP;NO;SI;NO;;;;SI;NASDAQ
NPWR.WS;NO;SI;NO;;;;SI;NYSE
NOVT;NO;SI;SI;;;;NO;NASDAQ
FBX;NO;SI;NO;;;;NO;BATS
NPV;NO;SI;NO;;;;NO;NYSE
NPFE;NO;SI;NO;;;;NO;BATS
BSTV;NO;SI;NO;;;;NO;NASDAQ
NPCT;NO;SI;NO;;;;NO;NYSE
NPACU;NO;SI;NO;;;;SI;NASDAQ
NPAC;NO;SI;NO;;;;SI;NASDAQ
BSTU;NO;SI;NO;;;;NO;NASDAQ
NOWX;NO;SI;NO;;;;NO;BATS
BSTS;NO;SI;NO;;;;NO;NASDAQ
FBRT.PRE;NO;SI;NO;;;;SI;NYSE
NOWL;NO;SI;NO;;;;NO;NASDAQ
NOVZ;NO;SI;NO;;;;NO;BATS
FBOT;NO;SI;NO;;;;NO;NASDAQ
NOVTU;NO;SI;NO;;;;SI;NASDAQ
AMACU;NO;SI;NO;;;;SI;NASDAQ
NOVP;NO;SI;NO;;;;NO;BATS
FBLG;NO;SI;NO;;;;SI;NASDAQ
FBL;NO;SI;NO;;;;NO;NASDAQ
BSM;NO;SI;SI;;;;NO;NYSE
FBIOP;NO;SI;NO;;;;SI;NASDAQ
NOVM;NO;SI;NO;;;;NO;BATS
QLD;NO;SI;SI;;;;NO;ARCA
FBIO;NO;SI;NO;;;;SI;NASDAQ
FBGL;NO;SI;NO;;;;SI;NASDAQ
NORW;NO;SI;NO;;;;NO;ARCA
FBDC;NO;SI;NO;;;;NO;ARCA
MPDB;NO;SI;NO;;;;NO;BATS
NOMA;NO;SI;NO;;;;SI;NASDAQ
NOEQ;NO;SI;NO;;;;NO;ARCA
NOEMW;NO;SI;NO;;;;SI;NASDAQ
NOEMU;NO;SI;NO;;;;SI;NASDAQ
NOEMR;NO;SI;NO;;;;SI;NASDAQ
BSTP;NO;SI;NO;;;;NO;ARCA
NOEM;NO;SI;NO;;;;SI;NASDAQ
NOCT;NO;SI;NO;;;;NO;BATS
NNY;NO;SI;NO;;;;NO;NYSE
NNOX;NO;SI;NO;;;;NO;NASDAQ
NNOV;NO;SI;NO;;;;NO;BATS
BSSX;NO;SI;NO;;;;NO;NASDAQ
BSR;NO;SI;NO;;;;NO;ARCA
NNNN;NO;SI;NO;;;;NO;NASDAQ
NMZ;NO;SI;NO;;;;NO;NYSE
MRNOW;NO;SI;NO;;;;SI;NASDAQ
NMT;NO;SI;NO;;;;NO;NYSE
NMP;NO;SI;NO;;;;SI;NASDAQ
FAZ;NO;SI;NO;;;;NO;ARCA
AESR;NO;SI;NO;;;;NO;BATS
RC;NO;SI;SI;;;;NO;NYSE
NML;NO;SI;NO;;;;NO;AMEX
NMI;NO;SI;NO;;;;NO;NYSE
BSMZ;NO;SI;NO;;;;NO;NASDAQ
FLLA;NO;SI;NO;;;;NO;ARCA
TAVIU;NO;SI;NO;;;;SI;NASDAQ
NMG;NO;SI;NO;;;;NO;NYSE
FARX;NO;SI;NO;;;;NO;ARCA
NMFCZ;NO;SI;NO;;;;SI;NASDAQ
NMB;NO;SI;NO;;;;NO;ARCA
NMAY;NO;SI;NO;;;;NO;BATS
BSMY;NO;SI;NO;;;;NO;NASDAQ
NMAR;NO;SI;NO;;;;NO;BATS
NMAI;NO;SI;NO;;;;NO;NYSE
NMAD;NO;SI;NO;;;;SI;NASDAQ
NLY.PRI;NO;SI;NO;;;;SI;NYSE
NLY.PRF;NO;SI;NO;;;;SI;NYSE
FAN;NO;SI;NO;;;;NO;ARCA
NLSI;NO;SI;NO;;;;NO;BATS
NLCP;NO;SI;NO;;;;NO;OTC
SIL;NO;SI;SI;;;;NO;ARCA
NKX;NO;SI;NO;;;;NO;NYSE
NKLR;NO;SI;NO;;;;NO;NASDAQ
HPAIW;NO;SI;NO;;;;SI;NASDAQ
BSMW;NO;SI;NO;;;;NO;NASDAQ
NJUN;NO;SI;NO;;;;NO;BATS
NJUL;NO;SI;NO;;;;NO;BATS
NJNK;NO;SI;NO;;;;NO;ARCA
NJAN;NO;SI;NO;;;;NO;BATS
NIXX;NO;SI;NO;;;;SI;NASDAQ
NIXT;NO;SI;NO;;;;NO;NASDAQ
NIVFW;NO;SI;NO;;;;SI;NASDAQ
NISM;NO;SI;NO;;;;NO;ARCA
NIPG;NO;SI;NO;;;;SI;NASDAQ
BSMT;NO;SI;NO;;;;NO;NASDAQ
NIOG;NO;SI;NO;;;;NO;NASDAQ
NIOBW;NO;SI;NO;;;;SI;NASDAQ
NINE;NO;SI;NO;;;;SI;AMEX
NIM;NO;SI;NO;;;;NO;NYSE
NIKI;NO;SI;NO;;;;SI;NASDAQ
NIHI;NO;SI;NO;;;;NO;BATS
NIE;NO;SI;NO;;;;NO;NYSE
NICO;NO;SI;NO;;;;NO;ARCA
NICM;NO;SI;NO;;;;SI;NASDAQ
NHYM;NO;SI;NO;;;;NO;ARCA
NHYB;NO;SI;NO;;;;NO;ARCA
FAMI;NO;SI;NO;;;;SI;NASDAQ
NHS;NO;SI;NO;;;;NO;AMEX
TRIO;NO;SI;NO;;;;NO;BATS
NHPAP;NO;SI;NO;;;;SI;NASDAQ
AOCT;NO;SI;NO;;;;NO;BATS
NHIVW;NO;SI;NO;;;;SI;NASDAQ
NHIVU;NO;SI;NO;;;;SI;NASDAQ
NHIV;NO;SI;NO;;;;SI;NASDAQ
NHICW;NO;SI;NO;;;;SI;NASDAQ
NHICU;NO;SI;NO;;;;SI;NASDAQ
FALN;NO;SI;NO;;;;NO;NASDAQ
NGL.PRC;NO;SI;NO;;;;SI;NYSE
NGL.PRB;NO;SI;NO;;;;SI;NYSE
NGIF;NO;SI;NO;;;;NO;ARCA
NGHT;NO;SI;NO;;;;NO;NASDAQ
NFXL;NO;SI;NO;;;;NO;NASDAQ
BSMS;NO;SI;NO;;;;NO;NASDAQ
BSMR;NO;SI;NO;;;;NO;NASDAQ
ADUR;NO;SI;NO;;;;SI;NASDAQ
NFRX;NO;SI;NO;;;;NO;NASDAQ
NFRA;NO;SI;NO;;;;NO;ARCA
NFLY;NO;SI;NO;;;;NO;ARCA
NFLW;NO;SI;NO;;;;NO;BATS
NFLU;NO;SI;NO;;;;NO;BATS
NFLT;NO;SI;NO;;;;NO;ARCA
NFJ;NO;SI;NO;;;;NO;NYSE
NEXRW;NO;SI;NO;;;;SI;NASDAQ
NEXR;NO;SI;NO;;;;SI;NASDAQ
NEXA;NO;SI;NO;;;;NO;NYSE
NEWZ;NO;SI;NO;;;;NO;NASDAQ
NEWTP;NO;SI;NO;;;;SI;NASDAQ
NEWTI;NO;SI;NO;;;;SI;NASDAQ
NEWTH;NO;SI;NO;;;;SI;NASDAQ
NEWTG;NO;SI;NO;;;;SI;NASDAQ
NEUP;NO;SI;NO;;;;SI;NASDAQ
NETL;NO;SI;NO;;;;NO;ARCA
AIMDW;NO;SI;NO;;;;SI;NASDAQ
BSMQ;NO;SI;NO;;;;NO;NASDAQ
NETG;NO;SI;NO;;;;NO;NASDAQ
NERV;NO;SI;NO;;;;SI;NASDAQ
NERD;NO;SI;NO;;;;NO;BATS
BSMC;NO;SI;NO;;;;NO;BATS
NEOVW;NO;SI;NO;;;;SI;NASDAQ
NEON;NO;SI;NO;;;;SI;NASDAQ
NEN;NO;SI;NO;;;;SI;AMEX
NEMG;NO;SI;NO;;;;NO;NASDAQ
NEMD;NO;SI;NO;;;;NO;ARCA
FAI;NO;SI;NO;;;;NO;ARCA
FAD;NO;SI;NO;;;;NO;NASDAQ
BSL;NO;SI;NO;;;;NO;NYSE
NEHI;NO;SI;NO;;;;NO;BATS
FACTU;NO;SI;NO;;;;SI;NASDAQ
FACT;NO;SI;NO;;;;SI;NASDAQ
FAC;NO;SI;NO;;;;NO;NASDAQ
BSJY;NO;SI;NO;;;;NO;NASDAQ
BSJX;NO;SI;NO;;;;NO;NASDAQ
BSJW;NO;SI;NO;;;;NO;NASDAQ
BSJU;NO;SI;NO;;;;NO;NASDAQ
NEGG;NO;SI;NO;;;;SI;NASDAQ
NEE.PRU;NO;SI;NO;;;;SI;NYSE
WRBY;NO;SI;SI;;;;NO;NYSE
NEE.PRN;NO;SI;NO;;;;SI;NYSE
NEBX;NO;SI;NO;;;;NO;BATS
NE.WSA;NO;SI;NO;;;;SI;NYSE
BSJT;NO;SI;NO;;;;NO;NASDAQ
NE.WS;NO;SI;NO;;;;SI;NYSE
NDRA;NO;SI;NO;;;;SI;NASDAQ
BSJS;NO;SI;NO;;;;NO;NASDAQ
NDIV;NO;SI;NO;;;;NO;ARCA
FABC;NO;SI;NO;;;;SI;NASDAQ
FAB;NO;SI;NO;;;;NO;NASDAQ
AERT;NO;SI;NO;;;;SI;NASDAQ
BSJR;NO;SI;NO;;;;NO;NASDAQ
FAAR;NO;SI;NO;;;;NO;NASDAQ
NDIA;NO;SI;NO;;;;NO;ARCA
MRSK;NO;SI;NO;;;;NO;ARCA
NDEC;NO;SI;NO;;;;NO;BATS
URG;NO;SI;SI;;;;NO;AMEX
NDAA;NO;SI;NO;;;;NO;NASDAQ
BSGT;NO;SI;NO;;;;NO;NASDAQ
BSGR;NO;SI;NO;;;;NO;NASDAQ
NCZ.PRA;NO;SI;NO;;;;SI;NYSE
NCZ;NO;SI;NO;;;;NO;NYSE
FAAA;NO;SI;NO;;;;NO;NASDAQ
F.PRD;NO;SI;NO;;;;SI;NYSE
NCV.PRA;NO;SI;NO;;;;SI;NYSE
NCV;NO;SI;NO;;;;NO;NYSE
F.PRB;NO;SI;NO;;;;SI;NYSE
NCTY;NO;SI;NO;;;;SI;NASDAQ
NCT;NO;SI;NO;;;;SI;NASDAQ
NCRA;NO;SI;NO;;;;SI;NASDAQ
EZRO;NO;SI;NO;;;;NO;NASDAQ
BSEM;NO;SI;NO;;;;SI;NASDAQ
BSCY;NO;SI;NO;;;;NO;NASDAQ
BSCV;NO;SI;NO;;;;NO;NASDAQ
NCPLW;NO;SI;NO;;;;SI;NASDAQ
NCPL;NO;SI;NO;;;;SI;NASDAQ
NCPB;NO;SI;NO;;;;NO;NASDAQ
NCOOW;NO;SI;NO;;;;SI;NASDAQ
EZRA;NO;SI;NO;;;;SI;NASDAQ
NCOOU;NO;SI;NO;;;;SI;NASDAQ
BFS;NO;SI;SI;;;;NO;NYSE
NCNA;NO;SI;NO;;;;SI;NASDAQ
NCLD;NO;SI;NO;;;;NO;NASDAQ
NCL;NO;SI;NO;;;;SI;AMEX
NCIQ;NO;SI;NO;;;;NO;NASDAQ
NCI;NO;SI;NO;;;;SI;NASDAQ
NCEW;NO;SI;NO;;;;SI;NASDAQ
NCEL;NO;SI;NO;;;;SI;NASDAQ
NCA;NO;SI;NO;;;;NO;NYSE
NBTR;NO;SI;NO;;;;NO;ARCA
AEMD;NO;SI;NO;;;;SI;NASDAQ
NBSM;NO;SI;NO;;;;NO;ARCA
NBSD;NO;SI;NO;;;;NO;ARCA
NBRGU;NO;SI;NO;;;;SI;NASDAQ
NBRGR;NO;SI;NO;;;;SI;NASDAQ
NBRG;NO;SI;NO;;;;SI;NASDAQ
BSCA;NO;SI;NO;;;;NO;NASDAQ
NBP;NO;SI;NO;;;;NO;NASDAQ
NBOS;NO;SI;NO;;;;NO;ARCA
NBJP;NO;SI;NO;;;;NO;ARCA
NBIZ;NO;SI;NO;;;;NO;BATS
BRZX;NO;SI;NO;;;;NO;BATS
NBIL;NO;SI;NO;;;;NO;NASDAQ
NBIG;NO;SI;NO;;;;NO;NASDAQ
NBIE;NO;SI;NO;;;;NO;ARCA
BRZU;NO;SI;NO;;;;NO;ARCA
NBIC;NO;SI;NO;;;;NO;BATS
NBH;NO;SI;NO;;;;NO;AMEX
AEHG;NO;SI;NO;;;;NO;BATS
NBFR;NO;SI;NO;;;;NO;ARCA
BRVE;NO;SI;NO;;;;NO;NASDAQ
NBFC;NO;SI;NO;;;;NO;ARCA
NBET;NO;SI;NO;;;;NO;ARCA
BRUNW;NO;SI;NO;;;;SI;NASDAQ
AMA;NO;SI;NO;;;;NO;NASDAQ
BRTX;NO;SI;NO;;;;SI;NASDAQ
NBDS;NO;SI;NO;;;;NO;ARCA
NBCM;NO;SI;NO;;;;NO;ARCA
NAZ;NO;SI;NO;;;;NO;NYSE
NAUT;NO;SI;NO;;;;NO;NASDAQ
NAUG;NO;SI;NO;;;;NO;BATS
BRTR;NO;SI;NO;;;;NO;NASDAQ
NAPR;NO;SI;NO;;;;NO;BATS
BRTMU;NO;SI;NO;;;;SI;NASDAQ
BRSM;NO;SI;NO;;;;NO;ARCA
NANR;NO;SI;NO;;;;NO;ARCA
NAN;NO;SI;NO;;;;NO;NYSE
NAMSW;NO;SI;NO;;;;SI;NASDAQ
NAMMW;NO;SI;NO;;;;SI;NASDAQ
NAMI;NO;SI;NO;;;;SI;NASDAQ
NAII;NO;SI;NO;;;;SI;NASDAQ
NAD;NO;SI;NO;;;;NO;NYSE
ALZN;NO;SI;NO;;;;SI;NASDAQ
NACP;NO;SI;NO;;;;NO;ARCA
NAC;NO;SI;NO;;;;NO;NYSE
NABZY;NO;SI;NO;;;;NO;OTC
EZMO;NO;SI;NO;;;;NO;NASDAQ
BRRWW;NO;SI;NO;;;;SI;NASDAQ
ARBEW;NO;SI;NO;;;;SI;NASDAQ
EZM;NO;SI;NO;;;;NO;ARCA
BRRR;NO;SI;NO;;;;NO;NASDAQ
NAAS;NO;SI;NO;;;;SI;NASDAQ
MZZ;NO;SI;NO;;;;NO;ARCA
HXGBY;NO;SI;NO;;;;NO;OTC
BRR;NO;SI;NO;;;;NO;NASDAQ
AEFC;NO;SI;NO;;;;SI;NYSE
EZJ;NO;SI;NO;;;;NO;ARCA
AKA;NO;SI;NO;;;;SI;NYSE
NMPAR;NO;SI;NO;;;;SI;NASDAQ
EZGO;NO;SI;NO;;;;SI;NASDAQ
MZYX.WS;NO;SI;NO;;;;SI;NYSE
BROL;NO;SI;NO;;;;NO;NYSE
MYI;NO;SI;SI;;;;NO;NYSE
MZYX.U;NO;SI;NO;;;;SI;NYSE
MYY;NO;SI;NO;;;;NO;ARCA
MYXXW;NO;SI;NO;;;;SI;NASDAQ
MYXXU;NO;SI;NO;;;;SI;NASDAQ
AEAQW;NO;SI;NO;;;;SI;NASDAQ
MYXXR;NO;SI;NO;;;;SI;NASDAQ
MYX;NO;SI;NO;;;;SI;NASDAQ
MYSZ;NO;SI;NO;;;;SI;NASDAQ
MYSEW;NO;SI;NO;;;;SI;NASDAQ
MYSE;NO;SI;NO;;;;SI;NASDAQ
MYPS;NO;SI;NO;;;;NO;NASDAQ
DANA;NO;SI;NO;;;;NO;ARCA
GLMD;NO;SI;NO;;;;SI;NASDAQ
DDM;NO;SI;NO;;;;NO;ARCA
MYND;NO;SI;NO;;;;SI;AMEX
MYMK;NO;SI;NO;;;;NO;NASDAQ
MYMJ;NO;SI;NO;;;;NO;NASDAQ
MYMI;NO;SI;NO;;;;NO;NASDAQ
SZZLR;NO;SI;NO;;;;SI;NASDAQ
MYHC;NO;SI;NO;;;;NO;NASDAQ
EYUBY;NO;SI;NO;;;;NO;OTC
MYHB;NO;SI;NO;;;;NO;NASDAQ
MXF;NO;SI;SI;;;;NO;NYSE
MYHA;NO;SI;NO;;;;NO;NASDAQ
EYES;NO;SI;NO;;;;NO;BATS
MYCO;NO;SI;NO;;;;NO;NASDAQ
EYEG;NO;SI;NO;;;;NO;NASDAQ
EXYNW;NO;SI;NO;;;;SI;NASDAQ
MYCN;NO;SI;NO;;;;NO;NASDAQ
AEAQU;NO;SI;NO;;;;SI;NASDAQ
EXUS;NO;SI;NO;;;;NO;NASDAQ
EXPN;NO;SI;NO;;;;NO;BATS
MYCM;NO;SI;NO;;;;NO;NASDAQ
EXOZ;NO;SI;NO;;;;SI;NASDAQ
EXOD;NO;SI;NO;;;;NO;AMEX
MYCL;NO;SI;NO;;;;NO;NASDAQ
EXEQ;NO;SI;NO;;;;NO;ARCA
MYCK;NO;SI;NO;;;;NO;NASDAQ
ACCL;NO;SI;NO;;;;SI;NASDAQ
EVX;NO;SI;SI;;;;NO;ARCA
EWV;NO;SI;NO;;;;NO;ARCA
MYCJ;NO;SI;NO;;;;NO;NASDAQ
MYCI;NO;SI;NO;;;;NO;NASDAQ
MYCH;NO;SI;NO;;;;NO;NASDAQ
MYCG;NO;SI;NO;;;;NO;NASDAQ
MYCF;NO;SI;NO;;;;NO;NASDAQ
MXLL;NO;SI;NO;;;;NO;BATS
MXI;NO;SI;NO;;;;NO;ARCA
MXE;NO;SI;NO;;;;NO;NYSE
BUDA;NO;SI;NO;;;;SI;AMEX
EWUS;NO;SI;NO;;;;NO;BATS
MWHS;NO;SI;NO;;;;NO;ARCA
MWG;NO;SI;NO;;;;SI;AMEX
MWC;NO;SI;NO;;;;NO;NASDAQ
MVV;NO;SI;NO;;;;NO;ARCA
PLYX;NO;SI;NO;;;;SI;NASDAQ
EWQ;NO;SI;NO;;;;NO;ARCA
MVST;NO;SI;NO;;;;NO;NASDAQ
BRNY;NO;SI;NO;;;;NO;NASDAQ
MVRL;NO;SI;NO;;;;NO;ARCA
EWN;NO;SI;NO;;;;NO;ARCA
MVPL;NO;SI;NO;;;;NO;ARCA
MVLL;NO;SI;NO;;;;NO;NASDAQ
EWK;NO;SI;NO;;;;NO;ARCA
BRN;NO;SI;NO;;;;SI;AMEX
BRLT;NO;SI;NO;;;;SI;NASDAQ
BRLSW;NO;SI;NO;;;;SI;NASDAQ
MVIS;NO;SI;NO;;;;SI;NASDAQ
MVFG;NO;SI;NO;;;;NO;BATS
MVFD;NO;SI;NO;;;;NO;BATS
MVAL;NO;SI;NO;;;;NO;BATS
EWI;NO;SI;NO;;;;NO;ARCA
MUZEW;NO;SI;NO;;;;SI;NASDAQ
MUZEU;NO;SI;NO;;;;SI;NASDAQ
MUZE;NO;SI;NO;;;;SI;NASDAQ
EWG;NO;SI;NO;;;;NO;ARCA
EWD;NO;SI;NO;;;;NO;ARCA
MUZ;NO;SI;NO;;;;NO;ARCA
BRLS;NO;SI;NO;;;;SI;NASDAQ
MUYY;NO;SI;NO;;;;NO;NASDAQ
MUU;NO;SI;NO;;;;NO;NASDAQ
MUST;NO;SI;NO;;;;NO;ARCA
MUSQ;NO;SI;NO;;;;NO;ARCA
MUNY;NO;SI;NO;;;;NO;BATS
MUNI;NO;SI;NO;;;;NO;ARCA
EWAV;NO;SI;NO;;;;NO;NASDAQ
MUNC;NO;SI;NO;;;;NO;ARCA
MUNB;NO;SI;NO;;;;NO;ARCA
BRLN;NO;SI;NO;;;;NO;BATS
MUNA;NO;SI;NO;;;;NO;ARCA
EVYM;NO;SI;NO;;;;NO;NASDAQ
MULT;NO;SI;NO;;;;NO;NASDAQ
MULL;NO;SI;NO;;;;NO;NASDAQ
MUJ;NO;SI;NO;;;;NO;NYSE
MUIB;NO;SI;NO;;;;NO;BATS
EVVTY;NO;SI;NO;;;;NO;OTC
MUD;NO;SI;NO;;;;NO;NASDAQ
BRKW;NO;SI;NO;;;;NO;BATS
MUB;NO;SI;NO;;;;NO;ARCA
BRKU;NO;SI;NO;;;;NO;NASDAQ
MUA.RT;NO;SI;NO;;;;SI;NYSE
MUA;NO;SI;NO;;;;NO;NYSE
MTYY;NO;SI;NO;;;;NO;NASDAQ
AEAQ;NO;SI;NO;;;;SI;NASDAQ
MTVA;NO;SI;NO;;;;SI;NASDAQ
MTUL;NO;SI;NO;;;;NO;ARCA
ATFV;NO;SI;NO;;;;NO;ARCA
CRUX;NO;SI;NO;;;;NO;ARCA
BRKRP;NO;SI;NO;;;;SI;NASDAQ
GMMF;NO;SI;NO;;;;NO;NYSE
MTSUY;NO;SI;NO;;;;NO;OTC
MTRX;NO;SI;NO;;;;SI;NASDAQ
EVUS;NO;SI;NO;;;;NO;BATS
MTRA;NO;SI;NO;;;;NO;BATS
MTPOY;NO;SI;NO;;;;NO;OTC
MTNE;NO;SI;NO;;;;SI;NYSE
MTNB;NO;SI;NO;;;;SI;AMEX
AHT.PRF;NO;SI;NO;;;;SI;NYSE
MTLS;NO;SI;NO;;;;NO;NASDAQ
ADXN;NO;SI;NO;;;;SI;NASDAQ
BRKHW;NO;SI;NO;;;;SI;NASDAQ
MTGP;NO;SI;NO;;;;NO;ARCA
MTEX;NO;SI;NO;;;;SI;NASDAQ
MTEN;NO;SI;NO;;;;SI;NASDAQ
MTEKW;NO;SI;NO;;;;SI;NASDAQ
ARKE;NO;SI;NO;;;;NO;BATS
MTEK;NO;SI;NO;;;;SI;NASDAQ
MTC;NO;SI;NO;;;;NO;NASDAQ
EVTL;NO;SI;NO;;;;NO;NYSE
EVT;NO;SI;NO;;;;NO;NYSE
EVSM;NO;SI;NO;;;;NO;ARCA
MTB.PRL;NO;SI;NO;;;;SI;NYSE
BRKHU;NO;SI;NO;;;;SI;NASDAQ
MTB.PRK;NO;SI;NO;;;;SI;NYSE
MTB.PRH;NO;SI;NO;;;;SI;NYSE
BRKH;NO;SI;NO;;;;SI;NASDAQ
MTAW;NO;SI;NO;;;;NO;ARCA
MTAL.WS;NO;SI;NO;;;;SI;NYSE
MSM;NO;SI;SI;;;;NO;NYSE
EVSD;NO;SI;NO;;;;NO;NASDAQ
NXPL;NO;SI;NO;;;;SI;NASDAQ
BRKC;NO;SI;NO;;;;NO;ARCA
MTAL.U;NO;SI;NO;;;;SI;NYSE
EVSB;NO;SI;NO;;;;NO;ARCA
BRIF;NO;SI;NO;;;;NO;ARCA
MTAL;NO;SI;NO;;;;SI;NYSE
MTAKU;NO;SI;NO;;;;SI;NASDAQ
ADVE;NO;SI;NO;;;;NO;ARCA
MSTZ;NO;SI;NO;;;;NO;BATS
MSTY;NO;SI;NO;;;;NO;ARCA
MSTX;NO;SI;NO;;;;NO;NASDAQ
EVPF;NO;SI;NO;;;;NO;NASDAQ
MSTB;NO;SI;NO;;;;NO;BATS
ALUB.WS;NO;SI;NO;;;;SI;NYSE
EVOXU;NO;SI;NO;;;;SI;NASDAQ
MSSS;NO;SI;NO;;;;NO;BATS
MSSE;NO;SI;NO;;;;NO;ARCA
MSR;NO;SI;NO;;;;NO;NASDAQ
MSOX;NO;SI;NO;;;;NO;ARCA
MSOS;NO;SI;NO;;;;NO;ARCA
MSOL;NO;SI;NO;;;;NO;ARCA
MSMR;NO;SI;NO;;;;NO;BATS
BRIE;NO;SI;NO;;;;NO;NYSE
BRID;NO;SI;NO;;;;SI;NASDAQ
MSLE;NO;SI;NO;;;;SI;NASDAQ
BRIB;NO;SI;NO;;;;NO;ARCA
MSLC;NO;SI;NO;;;;NO;ARCA
MSIX;NO;SI;NO;;;;NO;BATS
MSGY;NO;SI;NO;;;;SI;NASDAQ
EVNT;NO;SI;NO;;;;NO;ARCA
MSGM;NO;SI;NO;;;;SI;NASDAQ
MSFY;NO;SI;NO;;;;NO;BATS
MSFU;NO;SI;NO;;;;NO;NASDAQ
MSFO;NO;SI;NO;;;;NO;ARCA
MSFD;NO;SI;NO;;;;NO;NASDAQ
MSFC;NO;SI;NO;;;;NO;BATS
BRFH;NO;SI;NO;;;;SI;NASDAQ
MSEP;NO;SI;NO;;;;NO;BATS
MSDL;NO;SI;NO;;;;NO;NYSE
EVMT;NO;SI;NO;;;;NO;NASDAQ
EVMO;NO;SI;NO;;;;NO;ARCA
MSD;NO;SI;NO;;;;NO;NYSE
EVLU;NO;SI;NO;;;;NO;BATS
MSC;NO;SI;NO;;;;NO;NYSE
MSBIP;NO;SI;NO;;;;SI;NASDAQ
MSAI;NO;SI;NO;;;;SI;NASDAQ
MS.PRQ;NO;SI;NO;;;;SI;NYSE
MS.PRL;NO;SI;NO;;;;SI;NYSE
MS.PRF;NO;SI;NO;;;;SI;NYSE
BREZR;NO;SI;NO;;;;SI;NASDAQ
BREZ;NO;SI;NO;;;;SI;NASDAQ
EVIM;NO;SI;NO;;;;NO;ARCA
ACYQ;NO;SI;NO;;;;NO;ARCA
EVGN;NO;SI;NO;;;;SI;NASDAQ
BREW;NO;SI;NO;;;;NO;BATS
BRES;NO;SI;NO;;;;NO;NASDAQ
BREM;NO;SI;NO;;;;NO;NASDAQ
MS.PRE;NO;SI;NO;;;;SI;NYSE
BRCE;NO;SI;NO;;;;NO;NYSE
MRK;NO;SI;SI;;;;NO;NYSE
MRVX;NO;SI;NO;;;;NO;BATS
MRVU;NO;SI;NO;;;;NO;NASDAQ
MRT;NO;SI;NO;;;;NO;AMEX
MRNY;NO;SI;NO;;;;NO;ARCA
FRIZ;NO;SI;NO;;;;NO;ARCA
SRI;NO;SI;SI;;;;SI;NYSE
EVEX.WS;NO;SI;NO;;;;SI;NYSE
ACAAW;NO;SI;NO;;;;SI;NASDAQ
PYPY;NO;SI;NO;;;;NO;ARCA
TSIB;NO;SI;NO;;;;NO;BATS
YYAI;NO;SI;NO;;;;SI;NASDAQ
MSTI;NO;SI;NO;;;;NO;ARCA
MSTP;NO;SI;NO;;;;NO;NASDAQ
MSTQ;NO;SI;NO;;;;NO;BATS
MSTU;NO;SI;NO;;;;NO;BATS
MSTW;NO;SI;NO;;;;NO;BATS
PEXL;NO;SI;NO;;;;NO;ARCA
PIO;NO;SI;NO;;;;NO;NASDAQ
MRNX;NO;SI;NO;;;;NO;ARCA
BYND;NO;SI;NO;;;;SI;NASDAQ
ZCBC;NO;SI;NO;;;;NO;ARCA
ZDGE;NO;SI;NO;;;;SI;AMEX
ALL.PRH;NO;SI;NO;;;;SI;NYSE
APVO;NO;SI;NO;;;;SI;NASDAQ
ARKT;NO;SI;NO;;;;NO;BATS
BGB;NO;SI;NO;;;;NO;NYSE
BHAVR;NO;SI;NO;;;;SI;NASDAQ
BMVP;NO;SI;NO;;;;NO;ARCA
BRF;NO;SI;NO;;;;NO;ARCA
TRUU;NO;SI;NO;;;;NO;NASDAQ
VFMF;NO;SI;NO;;;;NO;BATS
FBCV;NO;SI;NO;;;;NO;BATS
FELC;NO;SI;NO;;;;NO;ARCA
FGNX;NO;SI;NO;;;;SI;NASDAQ
EDOW;NO;SI;NO;;;;NO;ARCA
NXTG;NO;SI;NO;;;;NO;NASDAQ
HFSI;NO;SI;NO;;;;NO;BATS
HFSP;NO;SI;NO;;;;NO;NASDAQ
PCEF;NO;SI;NO;;;;NO;ARCA
PEY;NO;SI;NO;;;;NO;NASDAQ
UNVGY;NO;SI;NO;;;;NO;OTC
USB.PRS;NO;SI;NO;;;;SI;NYSE
XV;NO;SI;NO;;;;NO;ARCA
YOLO;NO;SI;NO;;;;NO;ARCA
ZEPP;NO;SI;NO;;;;SI;NYSE
USNZ;NO;SI;NO;;;;NO;ARCA
USO;NO;SI;NO;;;;NO;ARCA
UUPP;NO;SI;NO;;;;NO;BATS
HXHX;NO;SI;NO;;;;SI;NASDAQ
IHY;NO;SI;NO;;;;NO;ARCA
LITL;NO;SI;NO;;;;NO;ARCA
LITX;NO;SI;NO;;;;NO;BATS
MARZ;NO;SI;NO;;;;NO;BATS
MDBH;NO;SI;NO;;;;SI;NASDAQ
MERC;NO;SI;NO;;;;NO;NASDAQ
MESH;NO;SI;NO;;;;SI;NASDAQ
MESO;NO;SI;NO;;;;NO;NASDAQ
NFX;NO;SI;NO;;;;NO;BATS
QJN;NO;SI;NO;;;;NO;BATS
AHT.PRG;NO;SI;NO;;;;SI;NYSE
ARTCU;NO;SI;NO;;;;SI;NASDAQ
SCKT;NO;SI;NO;;;;SI;NASDAQ
SMIZ;NO;SI;NO;;;;NO;ARCA
SOFC;NO;SI;NO;;;;NO;BATS
SUIL;NO;SI;NO;;;;NO;BATS
MRNO;NO;SI;NO;;;;NO;NASDAQ
EAD;NO;SI;NO;;;;NO;AMEX
MWYN;NO;SI;NO;;;;SI;NASDAQ
SEA;NO;SI;NO;;;;NO;ARCA
SPD;NO;SI;NO;;;;NO;ARCA
BRIA;NO;SI;NO;;;;SI;AMEX
CPSA;NO;SI;NO;;;;NO;ARCA
CPSF;NO;SI;NO;;;;NO;ARCA
CPSJ;NO;SI;NO;;;;NO;ARCA
TKNZ;NO;SI;NO;;;;NO;ARCA
DMAX;NO;SI;NO;;;;NO;BATS
GLND;NO;SI;NO;;;;SI;NASDAQ
GLNDW;NO;SI;NO;;;;SI;NASDAQ
GQRE;NO;SI;NO;;;;NO;ARCA
GRABW;NO;SI;NO;;;;SI;NASDAQ
JAPAY;NO;SI;NO;;;;NO;OTC
INDFY;NO;SI;NO;;;;NO;OTC
CDX;NO;SI;NO;;;;NO;ARCA
VLOSW;NO;SI;NO;;;;SI;NASDAQ
MRM;NO;SI;NO;;;;SI;NASDAQ
PHAR;NO;SI;NO;;;;NO;NASDAQ
PJIO;NO;SI;NO;;;;NO;ARCA
BRCC;NO;SI;NO;;;;NO;NYSE
QBQF;NO;SI;NO;;;;NO;BATS
HPP.PRC;NO;SI;NO;;;;SI;NYSE
XW;NO;SI;NO;;;;NO;BATS
EVAC.WS;NO;SI;NO;;;;SI;NYSE
PGZ;NO;SI;NO;;;;NO;NYSE
USDE;NO;SI;NO;;;;SI;NASDAQ
ELTK;NO;SI;NO;;;;SI;NASDAQ
RMBC;NO;SI;NO;;;;NO;BATS
SDOT;NO;SI;NO;;;;SI;NASDAQ
UCOP;NO;SI;NO;;;;NO;ARCA
OCTT;NO;SI;NO;;;;NO;BATS
NVDB;NO;SI;NO;;;;NO;ARCA
OAKG;NO;SI;NO;;;;NO;ARCA
SPYA;NO;SI;NO;;;;NO;BATS
HAUS;NO;SI;NO;;;;NO;BATS
HGLB;NO;SI;NO;;;;NO;NYSE
IQSZ;NO;SI;NO;;;;NO;ARCA
MRCP;NO;SI;NO;;;;NO;BATS
HCACR;NO;SI;NO;;;;SI;NASDAQ
UPC;NO;SI;NO;;;;SI;NASDAQ
NTZ;NO;SI;NO;;;;SI;NYSE
A;NO;SI;SI;;;;NO;NYSE
AAXJ;NO;SI;SI;;;;NO;NASDAQ
AGCO;NO;SI;SI;;;;NO;NYSE
AGI;NO;SI;SI;;;;NO;NYSE
AMZA;NO;SI;SI;;;;NO;ARCA
AXSM;NO;SI;SI;;;;NO;NASDAQ
AXTA;NO;SI;SI;;;;NO;NYSE
BAB;NO;SI;SI;;;;NO;ARCA
BCAT;NO;SI;SI;;;;NO;NYSE
BILL;NO;SI;SI;;;;NO;NYSE
BL;NO;SI;SI;;;;NO;NASDAQ
BMI;NO;SI;SI;;;;NO;NYSE
BMY;NO;SI;SI;;;;NO;NYSE
CBZ;NO;SI;SI;;;;NO;NYSE
CEVA;NO;SI;SI;;;;NO;NASDAQ
CHCO;NO;SI;SI;;;;NO;NASDAQ
CODI;NO;SI;SI;;;;NO;NYSE
COTY;NO;SI;SI;;;;NO;NYSE
CRBG;NO;SI;SI;;;;NO;NYSE
DBI;NO;SI;SI;;;;NO;NYSE
DVYA;NO;SI;SI;;;;NO;ARCA
E;NO;SI;SI;;;;NO;NYSE
EQT;NO;SI;SI;;;;NO;NYSE
FDX;NO;SI;SI;;;;NO;NYSE
FLBL;NO;SI;SI;;;;NO;BATS
FLR;NO;SI;SI;;;;NO;NYSE
FRCOY;NO;SI;SI;;;;NO;OTC
GIB;NO;SI;SI;;;;NO;NYSE
GVAL;NO;SI;SI;;;;NO;BATS
HAS;NO;SI;SI;;;;NO;NASDAQ
HCA;NO;SI;SI;;;;NO;NYSE
HHS;NO;SI;SI;;;;SI;NASDAQ
HIW;NO;SI;SI;;;;NO;NYSE
HNGE;NO;SI;SI;;;;NO;NYSE
HSBC;NO;SI;SI;;;;NO;NYSE
HUBB;NO;SI;SI;;;;NO;NYSE
IDT;NO;SI;SI;;;;NO;NYSE
ISD;NO;SI;SI;;;;NO;NYSE
JBL;NO;SI;SI;;;;NO;NYSE
JOYY;NO;SI;SI;;;;SI;NASDAQ
KBH;NO;SI;SI;;;;NO;NYSE
KDDIY;NO;SI;SI;;;;NO;OTC
L;NO;SI;SI;;;;NO;NYSE
LULU;NO;SI;SI;;;;NO;NASDAQ
MBI;NO;SI;SI;;;;NO;NYSE
MEC;NO;SI;SI;;;;SI;NYSE
MTZ;NO;SI;SI;;;;NO;NYSE
NBCE;NO;SI;SI;;;;NO;ARCA
NL;NO;SI;SI;;;;SI;NYSE
NMR;NO;SI;SI;;;;NO;NYSE
OPER;NO;SI;SI;;;;NO;ARCA
PACS;NO;SI;SI;;;;NO;NYSE
PAMT;NO;SI;SI;;;;SI;NASDAQ
PD;NO;SI;SI;;;;NO;NYSE
PERF;NO;SI;SI;;;;NO;NYSE
PPL;NO;SI;SI;;;;NO;NYSE
PWR;NO;SI;SI;;;;NO;NYSE
QQQU;NO;SI;SI;;;;NO;ARCA
RRC;NO;SI;SI;;;;NO;NYSE
SAP;NO;SI;SI;;;;NO;NYSE
SJB;NO;SI;SI;;;;NO;ARCA
SMWB;NO;SI;SI;;;;NO;NYSE
SON;NO;SI;SI;;;;NO;NYSE
TS;NO;SI;SI;;;;NO;NYSE
UMC;NO;SI;SI;;;;NO;NYSE
VOC;NO;SI;SI;;;;SI;NYSE
WEX;NO;SI;SI;;;;NO;NYSE
ZTR;NO;SI;SI;;;;NO;NYSE
ZTS;NO;SI;SI;;;;NO;NYSE
ZUMZ;NO;SI;SI;;;;NO;NASDAQ
ZURA;NO;SI;SI;;;;NO;NASDAQ
ZVIA;NO;SI;SI;;;;NO;NYSE
ZVRA;NO;SI;SI;;;;NO;NASDAQ
AA;NO;SI;SI;;;;NO;NYSE
AAAU;NO;SI;SI;;;;NO;BATS
AAEQ;NO;SI;SI;;;;NO;NASDAQ
AAGIY;NO;SI;SI;;;;NO;OTC
AAOI;NO;SI;SI;;;;NO;NASDAQ
AAON;NO;SI;SI;;;;NO;NASDAQ
AAP;NO;SI;SI;;;;NO;NYSE
AAPD;NO;SI;SI;;;;NO;NASDAQ
AAPL;NO;SI;SI;;;;NO;NASDAQ
AAPR;NO;SI;SI;;;;NO;BATS
AAPX;NO;SI;SI;;;;NO;BATS
AAPY;NO;SI;SI;;;;NO;BATS
AARD;NO;SI;SI;;;;SI;NASDAQ
AAT;NO;SI;SI;;;;NO;NYSE
AAUC;NO;SI;SI;;;;NO;NYSE
AB;NO;SI;SI;;;;NO;NYSE
ABAT;NO;SI;SI;;;;NO;NASDAQ
ABBV;NO;SI;SI;;;;NO;NYSE
ABCB;NO;SI;SI;;;;NO;NYSE
ABEO;NO;SI;SI;;;;NO;NASDAQ
ABEV;NO;SI;SI;;;;NO;NYSE
ABG;NO;SI;SI;;;;NO;NYSE
ABM;NO;SI;SI;;;;NO;NYSE
ABNB;NO;SI;SI;;;;NO;NASDAQ
ABOS;NO;SI;SI;;;;NO;NASDAQ
ABUS;NO;SI;SI;;;;NO;NASDAQ
ABVX;NO;SI;SI;;;;NO;NASDAQ
ABX;NO;SI;SI;;;;NO;NYSE
ACA;NO;SI;SI;;;;NO;NYSE
ACAD;NO;SI;SI;;;;NO;NASDAQ
ACCO;NO;SI;SI;;;;NO;NYSE
ACDC;NO;SI;SI;;;;NO;NASDAQ
ACEL;NO;SI;SI;;;;NO;NYSE
ACET;NO;SI;SI;;;;SI;NASDAQ
ACFN;NO;SI;SI;;;;SI;NASDAQ
ACGBY;NO;SI;SI;;;;NO;OTC
ACGL;NO;SI;SI;;;;NO;NASDAQ
ACHC;NO;SI;SI;;;;NO;NASDAQ
ACHR;NO;SI;SI;;;;NO;NYSE
ACHV;NO;SI;SI;;;;NO;NASDAQ
ACI;NO;SI;SI;;;;NO;NYSE
ACIC;NO;SI;SI;;;;NO;NASDAQ
ACIW;NO;SI;SI;;;;NO;NASDAQ
ACMR;NO;SI;SI;;;;NO;NASDAQ
ACN;NO;SI;SI;;;;NO;NYSE
ACNB;NO;SI;SI;;;;NO;NASDAQ
ACNT;NO;SI;SI;;;;SI;NASDAQ
ACOG;NO;SI;SI;;;;SI;NASDAQ
ACR;NO;SI;SI;;;;NO;NYSE
ACRE;NO;SI;SI;;;;NO;NYSE
ACRS;NO;SI;SI;;;;NO;NASDAQ
ACRV;NO;SI;SI;;;;SI;NASDAQ
ACU;NO;SI;SI;;;;SI;AMEX
ACVA;NO;SI;SI;;;;NO;NYSE
ACVF;NO;SI;SI;;;;NO;ARCA
ACWI;NO;SI;SI;;;;NO;NASDAQ
ACWV;NO;SI;SI;;;;NO;BATS
ACWX;NO;SI;SI;;;;NO;NASDAQ
AD;NO;SI;SI;;;;NO;NYSE
ADAM;NO;SI;SI;;;;NO;NASDAQ
ADBE;NO;SI;SI;;;;NO;NASDAQ
ADC;NO;SI;SI;;;;NO;NYSE
ADCT;NO;SI;SI;;;;NO;NYSE
ADEA;NO;SI;SI;;;;NO;NASDAQ
ADI;NO;SI;SI;;;;NO;NASDAQ
ADIG;NO;SI;SI;;;;NO;NYSE
ADM;NO;SI;SI;;;;NO;NYSE
ADMA;NO;SI;SI;;;;NO;NASDAQ
ADNT;NO;SI;SI;;;;NO;NYSE
ADP;NO;SI;SI;;;;NO;NASDAQ
ADPT;NO;SI;SI;;;;NO;NASDAQ
ADSK;NO;SI;SI;;;;NO;NASDAQ
ADT;NO;SI;SI;;;;NO;NYSE
ADTN;NO;SI;SI;;;;NO;NASDAQ
ADUS;NO;SI;SI;;;;NO;NASDAQ
ADV;NO;SI;SI;;;;NO;NASDAQ
ADYEY;NO;SI;SI;;;;NO;OTC
AEBI;NO;SI;SI;;;;NO;NASDAQ
AEE;NO;SI;SI;;;;NO;NYSE
AEF;NO;SI;SI;;;;NO;AMEX
AEG;NO;SI;SI;;;;NO;NYSE
AEHR;NO;SI;SI;;;;NO;NASDAQ
AEI;NO;SI;SI;;;;SI;NASDAQ
AEIS;NO;SI;SI;;;;NO;NASDAQ
AEM;NO;SI;SI;;;;NO;NYSE
AEO;NO;SI;SI;;;;NO;NYSE
AEP;NO;SI;SI;;;;NO;NASDAQ
AER;NO;SI;SI;;;;NO;NYSE
AES;NO;SI;SI;;;;NO;NYSE
AESI;NO;SI;SI;;;;NO;NYSE
AEVA;NO;SI;SI;;;;NO;NASDAQ
AFCG;NO;SI;SI;;;;SI;NASDAQ
AFG;NO;SI;SI;;;;NO;NYSE
AFK;NO;SI;SI;;;;NO;ARCA
AFRM;NO;SI;SI;;;;NO;NASDAQ
AFYA;NO;SI;SI;;;;NO;NASDAQ
AG;NO;SI;SI;;;;NO;NYSE
AGEN;NO;SI;SI;;;;SI;NASDAQ
AGESY;NO;SI;SI;;;;NO;OTC
AGG;NO;SI;SI;;;;NO;ARCA
AGIO;NO;SI;SI;;;;NO;NASDAQ
AGIQ;NO;SI;SI;;;;NO;ARCA
AGIX;NO;SI;SI;;;;NO;NASDAQ
AGL;NO;SI;SI;;;;NO;NYSE
AGM;NO;SI;SI;;;;NO;NYSE
AGM.PRG;NO;SI;SI;;;;SI;NYSE
AGNC;NO;SI;SI;;;;NO;NASDAQ
AGNT;NO;SI;SI;;;;NO;NASDAQ
AGO;NO;SI;SI;;;;NO;NYSE
AGQ;NO;SI;SI;;;;SI;ARCA
AGRO;NO;SI;SI;;;;NO;NYSE
AGX;NO;SI;SI;;;;NO;NYSE
AGYS;NO;SI;SI;;;;NO;NASDAQ
AHCO;NO;SI;SI;;;;NO;NASDAQ
AHLT;NO;SI;SI;;;;NO;ARCA
AHR;NO;SI;SI;;;;NO;NYSE
AHRT;NO;SI;SI;;;;NO;NYSE
AHT;NO;SI;SI;;;;NO;NYSE
AI;NO;SI;SI;;;;NO;NYSE
AIG;NO;SI;SI;;;;NO;NYSE
AIN;NO;SI;SI;;;;NO;NYSE
AIOT;NO;SI;SI;;;;NO;NASDAQ
AIP;NO;SI;SI;;;;NO;NASDAQ
AIPO;NO;SI;SI;;;;NO;NASDAQ
AIQ;NO;SI;SI;;;;NO;NASDAQ
AIRG;NO;SI;SI;;;;SI;NASDAQ
AIRI;NO;SI;SI;;;;SI;AMEX
AIRJ;NO;SI;SI;;;;NO;NASDAQ
AIRO;NO;SI;SI;;;;SI;NASDAQ
AIRR;NO;SI;SI;;;;NO;NASDAQ
AIRS;NO;SI;SI;;;;NO;NASDAQ
AIS;NO;SI;SI;;;;NO;ARCA
AIT;NO;SI;SI;;;;NO;NYSE
AIV;NO;SI;SI;;;;NO;NYSE
AIZ;NO;SI;SI;;;;NO;NYSE
AJG;NO;SI;SI;;;;NO;NYSE
AKAM;NO;SI;SI;;;;NO;NASDAQ
AKR;NO;SI;SI;;;;NO;NYSE
AKTS;NO;SI;SI;;;;NO;NASDAQ
ALAB;NO;SI;SI;;;;NO;NASDAQ
ALB;NO;SI;SI;;;;NO;NYSE
ALB.PRA;NO;SI;SI;;;;SI;NYSE
ALC;NO;SI;SI;;;;NO;NYSE
ALCO;NO;SI;SI;;;;SI;NASDAQ
ALDX;NO;SI;SI;;;;NO;NASDAQ
ALEC;NO;SI;SI;;;;NO;NASDAQ
ALG;NO;SI;SI;;;;NO;NYSE
ALGM;NO;SI;SI;;;;NO;NASDAQ
ALGN;NO;SI;SI;;;;NO;NASDAQ
ALH;NO;SI;SI;;;;NO;NYSE
ALIT;NO;SI;SI;;;;SI;NYSE
ALK;NO;SI;SI;;;;NO;NYSE
ALKS;NO;SI;SI;;;;NO;NASDAQ
ALKT;NO;SI;SI;;;;NO;NASDAQ
ALL;NO;SI;SI;;;;NO;NYSE
ALLE;NO;SI;SI;;;;NO;NYSE
ALLO;NO;SI;SI;;;;NO;NASDAQ
ALLT;NO;SI;SI;;;;SI;NASDAQ
ALLW;NO;SI;SI;;;;NO;NASDAQ
ALLY;NO;SI;SI;;;;NO;NYSE
ALM;NO;SI;SI;;;;NO;NASDAQ
ALMR;NO;SI;SI;;;;NO;NASDAQ
ALMS;NO;SI;SI;;;;NO;NASDAQ
ALMU;NO;SI;SI;;;;SI;NASDAQ
ALNY;NO;SI;SI;;;;NO;NASDAQ
ALOT;NO;SI;SI;;;;SI;NASDAQ
ALRM;NO;SI;SI;;;;NO;NASDAQ
ALSN;NO;SI;SI;;;;NO;NYSE
ALT;NO;SI;SI;;;;NO;NASDAQ
ALTI;NO;SI;SI;;;;NO;NASDAQ
ALTO;NO;SI;SI;;;;NO;NASDAQ
ALV;NO;SI;SI;;;;NO;NYSE
ALX;NO;SI;SI;;;;NO;NYSE
ALXO;NO;SI;SI;;;;NO;NASDAQ
AM;NO;SI;SI;;;;NO;NYSE
AMAL;NO;SI;SI;;;;NO;NASDAQ
AMAT;NO;SI;SI;;;;NO;NASDAQ
AMBA;NO;SI;SI;;;;NO;NASDAQ
AMBQ;NO;SI;SI;;;;NO;NYSE
AMC;NO;SI;SI;;;;NO;NYSE
AMCR;NO;SI;SI;;;;NO;NYSE
AMCX;NO;SI;SI;;;;NO;NASDAQ
AMD;NO;SI;SI;;;;NO;NASDAQ
AMDG;NO;SI;SI;;;;NO;NASDAQ
AME;NO;SI;SI;;;;NO;NYSE
AMG;NO;SI;SI;;;;NO;NYSE
AMGN;NO;SI;SI;;;;NO;NASDAQ
AMH;NO;SI;SI;;;;NO;NYSE
AMKR;NO;SI;SI;;;;NO;NASDAQ
AMLP;NO;SI;SI;;;;NO;ARCA
AMLX;NO;SI;SI;;;;NO;NASDAQ
AMP;NO;SI;SI;;;;NO;NYSE
AMPH;NO;SI;SI;;;;NO;NASDAQ
AMPL;NO;SI;SI;;;;NO;NASDAQ
AMPX;NO;SI;SI;;;;NO;NYSE
AMPY;NO;SI;SI;;;;SI;NYSE
AMR;NO;SI;SI;;;;NO;NYSE
AMRC;NO;SI;SI;;;;NO;NYSE
AMRX;NO;SI;SI;;;;NO;NASDAQ
AMRZ;NO;SI;SI;;;;NO;NYSE
AMSC;NO;SI;SI;;;;NO;NASDAQ
AMSF;NO;SI;SI;;;;NO;NASDAQ
AMT;NO;SI;SI;;;;NO;NYSE
AMTB;NO;SI;SI;;;;NO;NYSE
AMTM;NO;SI;SI;;;;NO;NYSE
AMTX;NO;SI;SI;;;;NO;NASDAQ
AMWL;NO;SI;SI;;;;SI;NYSE
AMX;NO;SI;SI;;;;NO;NYSE
AMZN;NO;SI;SI;;;;NO;NASDAQ
AN;NO;SI;SI;;;;NO;NYSE
ANAB;NO;SI;SI;;;;NO;NASDAQ
ANDE;NO;SI;SI;;;;NO;NASDAQ
ANDG;NO;SI;SI;;;;SI;NYSE
ANET;NO;SI;SI;;;;NO;NYSE
ANF;NO;SI;SI;;;;NO;NYSE
ANGL;NO;SI;SI;;;;NO;NASDAQ
ANGO;NO;SI;SI;;;;NO;NASDAQ
ANGX;NO;SI;SI;;;;NO;NYSE
ANIK;NO;SI;SI;;;;NO;NASDAQ
ANIP;NO;SI;SI;;;;NO;NASDAQ
ANIX;NO;SI;SI;;;;SI;NASDAQ
ANNX;NO;SI;SI;;;;NO;NASDAQ
ANRO;NO;SI;SI;;;;NO;NYSE
ANTX;NO;SI;SI;;;;SI;NASDAQ
AOA;NO;SI;SI;;;;NO;ARCA
AOM;NO;SI;SI;;;;NO;ARCA
AOMN;NO;SI;SI;;;;SI;NYSE
AOMR;NO;SI;SI;;;;NO;NYSE
AON;NO;SI;SI;;;;NO;NYSE
AOR;NO;SI;SI;;;;NO;ARCA
AORT;NO;SI;SI;;;;NO;NYSE
AOS;NO;SI;SI;;;;NO;NYSE
AOSL;NO;SI;SI;;;;NO;NASDAQ
AOUT;NO;SI;SI;;;;SI;NASDAQ
AP;NO;SI;SI;;;;SI;NYSE
APA;NO;SI;SI;;;;NO;NASDAQ
APAM;NO;SI;SI;;;;NO;NYSE
APC;NO;SI;SI;;;;SI;NASDAQ
APD;NO;SI;SI;;;;NO;NYSE
APEI;NO;SI;SI;;;;NO;NASDAQ
APG;NO;SI;SI;;;;NO;NYSE
APGE;NO;SI;SI;;;;NO;NASDAQ
APH;NO;SI;SI;;;;NO;NYSE
APHG;NO;SI;SI;;;;NO;BATS
APLD;NO;SI;SI;;;;NO;NASDAQ
APLE;NO;SI;SI;;;;NO;NYSE
APO;NO;SI;SI;;;;NO;NYSE
APOG;NO;SI;SI;;;;NO;NASDAQ
APP;NO;SI;SI;;;;NO;NASDAQ
APPF;NO;SI;SI;;;;NO;NASDAQ
APPN;NO;SI;SI;;;;NO;NASDAQ
APPS;NO;SI;SI;;;;NO;NASDAQ
APPX;NO;SI;SI;;;;NO;NASDAQ
APT;NO;SI;SI;;;;SI;AMEX
APTV;NO;SI;SI;;;;NO;NYSE
APWC;NO;SI;SI;;;;SI;NASDAQ
APYX;NO;SI;SI;;;;SI;NASDAQ
AQN;NO;SI;SI;;;;NO;NYSE
AQST;NO;SI;SI;;;;NO;NASDAQ
AR;NO;SI;SI;;;;NO;NYSE
ARCB;NO;SI;SI;;;;NO;NASDAQ
ARCO;NO;SI;SI;;;;NO;NYSE
ARCT;NO;SI;SI;;;;NO;NASDAQ
ARCX;NO;SI;SI;;;;NO;BATS
ARDC;NO;SI;SI;;;;NO;NYSE
ARDT;NO;SI;SI;;;;NO;NYSE
ARDX;NO;SI;SI;;;;NO;NASDAQ
ARE;NO;SI;SI;;;;NO;NYSE
AREN;NO;SI;SI;;;;SI;AMEX
ARES;NO;SI;SI;;;;NO;NYSE
ARES.PRB;NO;SI;SI;;;;SI;NYSE
ARGT;NO;SI;SI;;;;NO;ARCA
ARGX;NO;SI;SI;;;;NO;NASDAQ
ARHS;NO;SI;SI;;;;NO;NASDAQ
ARI;NO;SI;SI;;;;NO;NYSE
ARIS;NO;SI;SI;;;;NO;NYSE
ARKF;NO;SI;SI;;;;NO;BATS
ARKK;NO;SI;SI;;;;NO;BATS
ARKO;NO;SI;SI;;;;NO;NASDAQ
ARKQ;NO;SI;SI;;;;NO;BATS
ARKR;NO;SI;SI;;;;SI;NASDAQ
ARKW;NO;SI;SI;;;;NO;BATS
ARKX;NO;SI;SI;;;;NO;BATS
ARL;NO;SI;SI;;;;SI;NYSE
ARLO;NO;SI;SI;;;;NO;NYSE
ARM;NO;SI;SI;;;;NO;NASDAQ
ARMP;NO;SI;SI;;;;SI;AMEX
AROC;NO;SI;SI;;;;NO;NYSE
ARQ;NO;SI;SI;;;;SI;NASDAQ
ARQT;NO;SI;SI;;;;NO;NASDAQ
ARR;NO;SI;SI;;;;NO;NYSE
ARRY;NO;SI;SI;;;;NO;NASDAQ
ARTV;NO;SI;SI;;;;SI;NASDAQ
ARTY;NO;SI;SI;;;;NO;ARCA
ARVN;NO;SI;SI;;;;NO;NASDAQ
ARW;NO;SI;SI;;;;NO;NYSE
ARWR;NO;SI;SI;;;;NO;NASDAQ
ARX;NO;SI;SI;;;;NO;NYSE
ARXS;NO;SI;SI;;;;NO;NASDAQ
AS;NO;SI;SI;;;;NO;NYSE
ASA;NO;SI;SI;;;;NO;NYSE
ASAN;NO;SI;SI;;;;NO;NYSE
ASAZY;NO;SI;SI;;;;NO;OTC
ASB;NO;SI;SI;;;;NO;NYSE
ASC;NO;SI;SI;;;;NO;NYSE
ASEA;NO;SI;SI;;;;NO;ARCA
ASG;NO;SI;SI;;;;NO;NYSE
ASH;NO;SI;SI;;;;NO;NYSE
ASIC;NO;SI;SI;;;;SI;NYSE
ASIX;NO;SI;SI;;;;NO;NYSE
ASLE;NO;SI;SI;;;;NO;NASDAQ
ASM;NO;SI;SI;;;;NO;AMEX
ASMB;NO;SI;SI;;;;SI;NASDAQ
ASML;NO;SI;SI;;;;NO;NASDAQ
ASND;NO;SI;SI;;;;NO;NASDAQ
ASO;NO;SI;SI;;;;NO;NASDAQ
ASPI;NO;SI;SI;;;;NO;NASDAQ
ASPN;NO;SI;SI;;;;NO;NYSE
ASPS;NO;SI;SI;;;;SI;NASDAQ
ASR;NO;SI;SI;;;;SI;NYSE
ASRV;NO;SI;SI;;;;SI;NASDAQ
ASST;NO;SI;SI;;;;NO;NASDAQ
ASTE;NO;SI;SI;;;;NO;NASDAQ
ASTH;NO;SI;SI;;;;NO;NASDAQ
ASTS;NO;SI;SI;;;;NO;NASDAQ
ASUR;NO;SI;SI;;;;NO;NASDAQ
ASX;NO;SI;SI;;;;NO;NYSE
ASYS;NO;SI;SI;;;;SI;NASDAQ
ATAI;NO;SI;SI;;;;NO;NASDAQ
ATAT;NO;SI;SI;;;;NO;NASDAQ
ATEC;NO;SI;SI;;;;NO;NASDAQ
ATEN;NO;SI;SI;;;;NO;NYSE
ATEX;NO;SI;SI;;;;NO;NASDAQ
ATH.PRE;NO;SI;SI;;;;SI;NYSE
ATHM;NO;SI;SI;;;;NO;NYSE
ATI;NO;SI;SI;;;;NO;NYSE
ATKR;NO;SI;SI;;;;NO;NYSE
ATLC;NO;SI;SI;;;;SI;NASDAQ
ATLO;NO;SI;SI;;;;SI;NASDAQ
ATMU;NO;SI;SI;;;;NO;NYSE
ATNI;NO;SI;SI;;;;NO;NASDAQ
ATNM;NO;SI;SI;;;;SI;AMEX
ATOM;NO;SI;SI;;;;SI;NASDAQ
ATOS;NO;SI;SI;;;;SI;NASDAQ
ATR;NO;SI;SI;;;;NO;NYSE
ATRC;NO;SI;SI;;;;NO;NASDAQ
ATRO;NO;SI;SI;;;;NO;NASDAQ
ATS;NO;SI;SI;;;;NO;NYSE
AU;NO;SI;SI;;;;NO;NYSE
AUB;NO;SI;SI;;;;NO;NYSE
AUDC;NO;SI;SI;;;;SI;NASDAQ
AUGO;NO;SI;SI;;;;NO;NASDAQ
AUNA;NO;SI;SI;;;;SI;NYSE
AUPH;NO;SI;SI;;;;NO;NASDAQ
AUR;NO;SI;SI;;;;NO;NASDAQ
AURA;NO;SI;SI;;;;NO;NASDAQ
AUST;NO;SI;SI;;;;SI;AMEX
AV;NO;SI;SI;;;;NO;BATS
AVAH;NO;SI;SI;;;;NO;NASDAQ
AVAL;NO;SI;SI;;;;NO;NYSE
AVAV;NO;SI;SI;;;;NO;NASDAQ
AVBC;NO;SI;SI;;;;SI;NYSE
AVBH;NO;SI;SI;;;;SI;NASDAQ
AVBP;NO;SI;SI;;;;NO;NASDAQ
AVDE;NO;SI;SI;;;;NO;ARCA
AVDS;NO;SI;SI;;;;NO;ARCA
AVDV;NO;SI;SI;;;;NO;ARCA
AVEM;NO;SI;SI;;;;NO;ARCA
AVES;NO;SI;SI;;;;NO;ARCA
AVGE;NO;SI;SI;;;;NO;ARCA
AVGO;NO;SI;SI;;;;NO;NASDAQ
AVGV;NO;SI;SI;;;;NO;ARCA
AVIG;NO;SI;SI;;;;NO;ARCA
AVIR;NO;SI;SI;;;;NO;NASDAQ
AVIV;NO;SI;SI;;;;NO;ARCA
AVLN;NO;SI;SI;;;;NO;NASDAQ
AVLV;NO;SI;SI;;;;NO;ARCA
AVNM;NO;SI;SI;;;;NO;ARCA
AVNT;NO;SI;SI;;;;NO;NYSE
AVNW;NO;SI;SI;;;;NO;NASDAQ
AVO;NO;SI;SI;;;;NO;NASDAQ
AVPT;NO;SI;SI;;;;NO;NASDAQ
AVR;NO;SI;SI;;;;NO;NASDAQ
AVRE;NO;SI;SI;;;;NO;ARCA
AVSC;NO;SI;SI;;;;NO;ARCA
AVT;NO;SI;SI;;;;NO;NASDAQ
AVTR;NO;SI;SI;;;;NO;NYSE
AVTX;NO;SI;SI;;;;NO;NASDAQ
AVUQ;NO;SI;SI;;;;NO;NASDAQ
AVUV;NO;SI;SI;;;;NO;ARCA
AVVIY;NO;SI;SI;;;;NO;OTC
AVXL;NO;SI;SI;;;;NO;NASDAQ
AVY;NO;SI;SI;;;;NO;NYSE
AWF;NO;SI;SI;;;;NO;NYSE
AWI;NO;SI;SI;;;;NO;NYSE
AWK;NO;SI;SI;;;;NO;NYSE
AWR;NO;SI;SI;;;;NO;NYSE
AWRE;NO;SI;SI;;;;SI;NASDAQ
AX;NO;SI;SI;;;;NO;NYSE
AXGN;NO;SI;SI;;;;NO;NASDAQ
AXON;NO;SI;SI;;;;NO;NASDAQ
AXR;NO;SI;SI;;;;SI;NYSE
AXS;NO;SI;SI;;;;NO;NYSE
AXTI;NO;SI;SI;;;;NO;NASDAQ
AYA;NO;SI;SI;;;;NO;NASDAQ
AYI;NO;SI;SI;;;;NO;NYSE
AZ;NO;SI;SI;;;;SI;NASDAQ
AZTA;NO;SI;SI;;;;NO;NASDAQ
AZZ;NO;SI;SI;;;;NO;NYSE
B;NO;SI;SI;;;;NO;NYSE
BA;NO;SI;SI;;;;NO;NYSE
BABA;NO;SI;SI;;;;NO;NYSE
BAC;NO;SI;SI;;;;NO;NYSE
BAC.PRN;NO;SI;SI;;;;SI;NYSE
BAC.PRQ;NO;SI;SI;;;;SI;NYSE
BACHY;NO;SI;SI;;;;NO;OTC
BAER;NO;SI;SI;;;;NO;NASDAQ
BAESY;NO;SI;SI;;;;NO;OTC
BAI;NO;SI;SI;;;;NO;ARCA
BALL;NO;SI;SI;;;;NO;NYSE
BAM;NO;SI;SI;;;;NO;NYSE
BANC.PRF;NO;SI;SI;;;;SI;NYSE
BAND;NO;SI;SI;;;;NO;NASDAQ
BANF;NO;SI;SI;;;;NO;NASDAQ
BANR;NO;SI;SI;;;;NO;NASDAQ
BANX;NO;SI;SI;;;;NO;NASDAQ
BAP;NO;SI;SI;;;;NO;NYSE
BASV;NO;SI;SI;;;;NO;NASDAQ
BATRA;NO;SI;SI;;;;NO;NASDAQ
BATRK;NO;SI;SI;;;;NO;NASDAQ
BAUG;NO;SI;SI;;;;NO;BATS
BAX;NO;SI;SI;;;;NO;NYSE
BAYRY;NO;SI;SI;;;;NO;OTC
BB;NO;SI;SI;;;;NO;NYSE
BBAI;NO;SI;SI;;;;NO;NYSE
BBAR;NO;SI;SI;;;;NO;NYSE
BBCA;NO;SI;SI;;;;NO;BATS
BBCP;NO;SI;SI;;;;NO;NASDAQ
BBCQ;NO;SI;SI;;;;SI;NASDAQ
BBD;NO;SI;SI;;;;NO;NYSE
BBDC;NO;SI;SI;;;;NO;NYSE
BBEU;NO;SI;SI;;;;NO;BATS
BBIN;NO;SI;SI;;;;NO;BATS
BBIO;NO;SI;SI;;;;NO;NASDAQ
BBJP;NO;SI;SI;;;;NO;BATS
BBN;NO;SI;SI;;;;NO;NYSE
BBNX;NO;SI;SI;;;;NO;NASDAQ
BBOT;NO;SI;SI;;;;NO;NASDAQ
BBSI;NO;SI;SI;;;;NO;NASDAQ
BBT;NO;SI;SI;;;;NO;NYSE
BBUC;NO;SI;SI;;;;NO;NYSE
BBUS;NO;SI;SI;;;;NO;BATS
BBVA;NO;SI;SI;;;;NO;NYSE
BBW;NO;SI;SI;;;;NO;NYSE
BBWI;NO;SI;SI;;;;NO;NYSE
BC;NO;SI;SI;;;;NO;NYSE
BCAL;NO;SI;SI;;;;NO;NASDAQ
BCAX;NO;SI;SI;;;;NO;NASDAQ
BCBP;NO;SI;SI;;;;NO;NASDAQ
BCC;NO;SI;SI;;;;NO;NYSE
BCD;NO;SI;SI;;;;NO;ARCA
BCE;NO;SI;SI;;;;NO;NYSE
BCIC;NO;SI;SI;;;;SI;NASDAQ
BCML;NO;SI;SI;;;;NO;NASDAQ
BCO;NO;SI;SI;;;;NO;NYSE
BCPC;NO;SI;SI;;;;NO;NASDAQ
BCRX;NO;SI;SI;;;;NO;NASDAQ
BCS;NO;SI;SI;;;;NO;NYSE
BCSF;NO;SI;SI;;;;NO;NYSE
BCX;NO;SI;SI;;;;NO;NYSE
BCYC;NO;SI;SI;;;;NO;NASDAQ
BDC;NO;SI;SI;;;;NO;NYSE
BDCX;NO;SI;SI;;;;NO;ARCA
BDJ;NO;SI;SI;;;;NO;NYSE
BDN;NO;SI;SI;;;;NO;NYSE
BDORY;NO;SI;SI;;;;NO;OTC
BDTX;NO;SI;SI;;;;NO;NASDAQ
BDX;NO;SI;SI;;;;NO;NYSE
BE;NO;SI;SI;;;;NO;NYSE
BEAM;NO;SI;SI;;;;NO;NASDAQ
BEEP;NO;SI;SI;;;;SI;NASDAQ
BEKE;NO;SI;SI;;;;NO;NYSE
BELFA;NO;SI;SI;;;;SI;NASDAQ
BELFB;NO;SI;SI;;;;NO;NASDAQ
BEN;NO;SI;SI;;;;NO;NYSE
BEP;NO;SI;SI;;;;SI;NYSE
BEPC;NO;SI;SI;;;;NO;NYSE
BEPH;NO;SI;SI;;;;SI;NYSE
BESS;NO;SI;SI;;;;SI;AMEX
BETA;NO;SI;SI;;;;NO;NYSE
BF.A;NO;SI;SI;;;;NO;NYSE
BF.B;NO;SI;SI;;;;NO;NYSE
BFAM;NO;SI;SI;;;;NO;NYSE
BFC;NO;SI;SI;;;;NO;NASDAQ
BFH;NO;SI;SI;;;;NO;NYSE
BFLY;NO;SI;SI;;;;NO;NYSE
BFRI;NO;SI;SI;;;;SI;NASDAQ
BFST;NO;SI;SI;;;;NO;NASDAQ
BGC;NO;SI;SI;;;;NO;NASDAQ
BGLD;NO;SI;SI;;;;NO;BATS
BGRN;NO;SI;SI;;;;NO;NASDAQ
BGS;NO;SI;SI;;;;NO;NYSE
BGSF;NO;SI;SI;;;;SI;NYSE
BGSI;NO;SI;SI;;;;SI;NYSE
BGT;NO;SI;SI;;;;NO;NYSE
BGX;NO;SI;SI;;;;NO;NYSE
BGY;NO;SI;SI;;;;NO;NYSE
BH;NO;SI;SI;;;;SI;NYSE
BHE;NO;SI;SI;;;;NO;NYSE
BHF;NO;SI;SI;;;;NO;NASDAQ
BHK;NO;SI;SI;;;;NO;NYSE
BHM;NO;SI;SI;;;;NO;AMEX
BHP;NO;SI;SI;;;;NO;NYSE
BHR;NO;SI;SI;;;;NO;NYSE
BHRB;NO;SI;SI;;;;NO;NASDAQ
BHST;NO;SI;SI;;;;SI;NASDAQ
BHVN;NO;SI;SI;;;;NO;NYSE
BIDU;NO;SI;SI;;;;NO;NASDAQ
BIIB;NO;SI;SI;;;;NO;NASDAQ
BIL;NO;SI;SI;;;;NO;ARCA
BILI;NO;SI;SI;;;;NO;NASDAQ
BILS;NO;SI;SI;;;;NO;ARCA
BINC;NO;SI;SI;;;;NO;ARCA
BIOA;NO;SI;SI;;;;NO;NASDAQ
BIP;NO;SI;SI;;;;SI;NYSE
BIPC;NO;SI;SI;;;;NO;NYSE
BIPI;NO;SI;SI;;;;SI;NYSE
BITB;NO;SI;SI;;;;NO;ARCA
BITO;NO;SI;SI;;;;NO;ARCA
BITQ;NO;SI;SI;;;;NO;ARCA
BITX;NO;SI;SI;;;;NO;BATS
BJ;NO;SI;SI;;;;NO;NYSE
BJRI;NO;SI;SI;;;;NO;NASDAQ
BKAG;NO;SI;SI;;;;NO;ARCA
BKD;NO;SI;SI;;;;NO;NYSE
BKE;NO;SI;SI;;;;NO;NYSE
BKF;NO;SI;SI;;;;NO;ARCA
BKH;NO;SI;SI;;;;NO;NYSE
BKLC;NO;SI;SI;;;;NO;ARCA
BKNG;NO;SI;SI;;;;NO;NASDAQ
BKR;NO;SI;SI;;;;NO;NASDAQ
BKSY;NO;SI;SI;;;;NO;NYSE
BKT;NO;SI;SI;;;;NO;NYSE
BKTI;NO;SI;SI;;;;SI;AMEX
BKV;NO;SI;SI;;;;NO;NYSE
BLBD;NO;SI;SI;;;;NO;NASDAQ
BLCO;NO;SI;SI;;;;NO;NYSE
BLCV;NO;SI;SI;;;;NO;ARCA
BLDP;NO;SI;SI;;;;NO;NASDAQ
BLDR;NO;SI;SI;;;;NO;NYSE
BLFS;NO;SI;SI;;;;NO;NASDAQ
BLK;NO;SI;SI;;;;NO;NYSE
BLKB;NO;SI;SI;;;;NO;NASDAQ
BLLN;NO;SI;SI;;;;SI;NASDAQ
BLMN;NO;SI;SI;;;;NO;NASDAQ
BLOK;NO;SI;SI;;;;NO;ARCA
BLTE;NO;SI;SI;;;;SI;NASDAQ
BLV;NO;SI;SI;;;;NO;ARCA
BLW;NO;SI;SI;;;;NO;NYSE
BLZE;NO;SI;SI;;;;NO;NASDAQ
BMAR;NO;SI;SI;;;;NO;BATS
BMBL;NO;SI;SI;;;;NO;NASDAQ
BME;NO;SI;SI;;;;NO;NYSE
BMEA;NO;SI;SI;;;;NO;NASDAQ
BMEZ;NO;SI;SI;;;;NO;NYSE
BML.PRH;NO;SI;SI;;;;SI;NYSE
BMNR;NO;SI;SI;;;;NO;NYSE
BMO;NO;SI;SI;;;;NO;NYSE
BMR;NO;SI;SI;;;;SI;NASDAQ
BMRA;NO;SI;SI;;;;SI;NASDAQ
BMRC;NO;SI;SI;;;;NO;NASDAQ
BMRN;NO;SI;SI;;;;NO;NASDAQ
BN;NO;SI;SI;;;;NO;NYSE
BNC;NO;SI;SI;;;;SI;NASDAQ
BND;NO;SI;SI;;;;NO;NASDAQ
BNDW;NO;SI;SI;;;;NO;NASDAQ
BNDX;NO;SI;SI;;;;NO;NASDAQ
BNED;NO;SI;SI;;;;SI;NYSE
BNGO;NO;SI;SI;;;;SI;NASDAQ
BNL;NO;SI;SI;;;;NO;NYSE
BNO;NO;SI;SI;;;;NO;ARCA
BNS;NO;SI;SI;;;;NO;NYSE
BNTC;NO;SI;SI;;;;SI;NASDAQ
BNTX;NO;SI;SI;;;;NO;NASDAQ
BNY;NO;SI;SI;;;;NO;NYSE
BOBS;NO;SI;SI;;;;NO;NYSE
BOC;NO;SI;SI;;;;NO;NYSE
BODI;NO;SI;SI;;;;SI;NASDAQ
BOE;NO;SI;SI;;;;NO;NYSE
BOF;NO;SI;SI;;;;SI;NASDAQ
BOH;NO;SI;SI;;;;NO;NYSE
BOKF;NO;SI;SI;;;;NO;NASDAQ
BOND;NO;SI;SI;;;;NO;NYSE
BOOM;NO;SI;SI;;;;SI;NASDAQ
BOOT;NO;SI;SI;;;;NO;NYSE
BORR;NO;SI;SI;;;;NO;NYSE
BOTJ;NO;SI;SI;;;;SI;NASDAQ
BOW;NO;SI;SI;;;;NO;NYSE
BOX;NO;SI;SI;;;;NO;NYSE
BOXX;NO;SI;SI;;;;NO;BATS
BP;NO;SI;SI;;;;NO;NYSE
BPOP;NO;SI;SI;;;;NO;NASDAQ
BPRE;NO;SI;SI;;;;NO;NYSE
BPRN;NO;SI;SI;;;;SI;NASDAQ
BR;NO;SI;SI;;;;NO;NYSE
BRBR;NO;SI;SI;;;;NO;NYSE
BRBS;NO;SI;SI;;;;NO;AMEX
BRC;NO;SI;SI;;;;SI;NYSE
BRCB;NO;SI;SI;;;;NO;NASDAQ
BRDCY;NO;SI;SI;;;;NO;OTC
BRHY;NO;SI;SI;;;;NO;NASDAQ
BRK.B;NO;SI;SI;;;;NO;NYSE
BRKR;NO;SI;SI;;;;NO;NASDAQ
BRO;NO;SI;SI;;;;NO;NYSE
BROS;NO;SI;SI;;;;NO;NYSE
BRSL;NO;SI;SI;;;;NO;NYSE
BRSP;NO;SI;SI;;;;NO;NYSE
BRUN;NO;SI;SI;;;;SI;NASDAQ
BRW;NO;SI;SI;;;;NO;NYSE
BRX;NO;SI;SI;;;;NO;NYSE
BRZE;NO;SI;SI;;;;NO;NASDAQ
BSAC;NO;SI;SI;;;;NO;NYSE
BSBK;NO;SI;SI;;;;SI;NASDAQ
BSCR;NO;SI;SI;;;;NO;NASDAQ
BSCS;NO;SI;SI;;;;NO;NASDAQ
BSCT;NO;SI;SI;;;;NO;NASDAQ
BSCU;NO;SI;SI;;;;NO;NASDAQ
BSCW;NO;SI;SI;;;;NO;NASDAQ
BSCX;NO;SI;SI;;;;NO;NASDAQ
BSCZ;NO;SI;SI;;;;NO;NASDAQ
BSET;NO;SI;SI;;;;SI;NASDAQ
BSIN;NO;SI;SI;;;;NO;NASDAQ
BSJQ;NO;SI;SI;;;;NO;NASDAQ
BSMV;NO;SI;SI;;;;NO;NASDAQ
BSOL;NO;SI;SI;;;;NO;ARCA
BSRR;NO;SI;SI;;;;NO;NASDAQ
BST;NO;SI;SI;;;;NO;NYSE
BSTZ;NO;SI;SI;;;;NO;NYSE
BSV;NO;SI;SI;;;;NO;ARCA
BSVN;NO;SI;SI;;;;SI;NASDAQ
BSVO;NO;SI;SI;;;;NO;NASDAQ
BSX;NO;SI;SI;;;;NO;NYSE
BSY;NO;SI;SI;;;;NO;NASDAQ
BTBT;NO;SI;SI;;;;NO;NASDAQ
BTC;NO;SI;SI;;;;NO;ARCA
BTCI;NO;SI;SI;;;;NO;BATS
BTCO;NO;SI;SI;;;;NO;BATS
BTCS;NO;SI;SI;;;;SI;NASDAQ
BTDR;NO;SI;SI;;;;NO;NASDAQ
BTE;NO;SI;SI;;;;NO;NYSE
BTG;NO;SI;SI;;;;NO;AMEX
BTGD;NO;SI;SI;;;;NO;NASDAQ
BTGO;NO;SI;SI;;;;NO;NYSE
BTI;NO;SI;SI;;;;NO;NYSE
BTMD;NO;SI;SI;;;;SI;NASDAQ
BTO;NO;SI;SI;;;;NO;NYSE
BTSG;NO;SI;SI;;;;NO;NASDAQ
BTSGU;NO;SI;SI;;;;SI;NASDAQ
BTU;NO;SI;SI;;;;NO;NYSE
BTX;NO;SI;SI;;;;NO;NYSE
BTZ;NO;SI;SI;;;;NO;NYSE
BUCK;NO;SI;SI;;;;NO;ARCA
BUD;NO;SI;SI;;;;NO;NYSE
BUG;NO;SI;SI;;;;NO;NASDAQ
BULL;NO;SI;SI;;;;NO;NASDAQ
BUR;NO;SI;SI;;;;NO;NYSE
BUSE;NO;SI;SI;;;;NO;NASDAQ
BUZZ;NO;SI;SI;;;;NO;ARCA
BV;NO;SI;SI;;;;NO;NYSE
BVFL;NO;SI;SI;;;;SI;NASDAQ
BVN;NO;SI;SI;;;;NO;NYSE
BVS;NO;SI;SI;;;;NO;NASDAQ
BW;NO;SI;SI;;;;NO;NYSE
BWA;NO;SI;SI;;;;NO;NYSE
BWAY;NO;SI;SI;;;;SI;NASDAQ
BWB;NO;SI;SI;;;;NO;NASDAQ
BWEN;NO;SI;SI;;;;SI;NASDAQ
BWFG;NO;SI;SI;;;;SI;NASDAQ
BWIN;NO;SI;SI;;;;NO;NASDAQ
BWLP;NO;SI;SI;;;;NO;NYSE
BWMN;NO;SI;SI;;;;NO;NASDAQ
BWXT;NO;SI;SI;;;;NO;NYSE
BWZ;NO;SI;SI;;;;NO;ARCA
BXBLY;NO;SI;SI;;;;NO;OTC
BXC;NO;SI;SI;;;;NO;NYSE
BXDC;NO;SI;SI;;;;NO;NYSE
BXMT;NO;SI;SI;;;;NO;NYSE
BXP;NO;SI;SI;;;;NO;NYSE
BY;NO;SI;SI;;;;NO;NYSE
BYD;NO;SI;SI;;;;NO;NYSE
BYDDY;NO;SI;SI;;;;NO;OTC
BYFC;NO;SI;SI;;;;SI;NASDAQ
BYRN;NO;SI;SI;;;;SI;NASDAQ
BZ;NO;SI;SI;;;;NO;NASDAQ
BZFD;NO;SI;SI;;;;NO;NASDAQ
BZH;NO;SI;SI;;;;NO;NYSE
BZLFY;NO;SI;SI;;;;NO;OTC
BZUN;NO;SI;SI;;;;NO;NASDAQ
C;NO;SI;SI;;;;NO;NYSE
C.PRN;NO;SI;SI;;;;SI;NYSE
CAAS;NO;SI;SI;;;;SI;NASDAQ
CABA;NO;SI;SI;;;;NO;NASDAQ
CABO;NO;SI;SI;;;;NO;NYSE
CAC;NO;SI;SI;;;;NO;NASDAQ
CACC;NO;SI;SI;;;;NO;NASDAQ
CACI;NO;SI;SI;;;;NO;NYSE
CADL;NO;SI;SI;;;;NO;NASDAQ
CAE;NO;SI;SI;;;;NO;NASDAQ
CAG;NO;SI;SI;;;;NO;NYSE
CAH;NO;SI;SI;;;;NO;NYSE
CAI;NO;SI;SI;;;;NO;NASDAQ
CAKE;NO;SI;SI;;;;NO;NASDAQ
CAL;NO;SI;SI;;;;NO;NYSE
CALF;NO;SI;SI;;;;NO;BATS
CALI;NO;SI;SI;;;;NO;NASDAQ
CALM;NO;SI;SI;;;;NO;NASDAQ
CALX;NO;SI;SI;;;;NO;NYSE
CALY;NO;SI;SI;;;;NO;NYSE
CAOS;NO;SI;SI;;;;NO;BATS
CAPL;NO;SI;SI;;;;SI;NYSE
CAPR;NO;SI;SI;;;;NO;NASDAQ
CAR;NO;SI;SI;;;;NO;NASDAQ
CARE;NO;SI;SI;;;;NO;NASDAQ
CARG;NO;SI;SI;;;;NO;NASDAQ
CARL;NO;SI;SI;;;;SI;NASDAQ
CARR;NO;SI;SI;;;;NO;NYSE
CARS;NO;SI;SI;;;;NO;NYSE
CART;NO;SI;SI;;;;NO;NASDAQ
CARY;NO;SI;SI;;;;NO;NASDAQ
CASH;NO;SI;SI;;;;NO;NASDAQ
CASS;NO;SI;SI;;;;NO;NASDAQ
CASY;NO;SI;SI;;;;NO;NASDAQ
CAT;NO;SI;SI;;;;NO;NYSE
CATO;NO;SI;SI;;;;SI;NYSE
CATX;NO;SI;SI;;;;NO;AMEX
CATY;NO;SI;SI;;;;NO;NASDAQ
CAVA;NO;SI;SI;;;;NO;NYSE
CBAN;NO;SI;SI;;;;NO;NYSE
CBC;NO;SI;SI;;;;NO;NASDAQ
CBFV;NO;SI;SI;;;;SI;NASDAQ
CBIO;NO;SI;SI;;;;SI;NASDAQ
CBK;NO;SI;SI;;;;SI;NASDAQ
CBL;NO;SI;SI;;;;NO;NYSE
CBNA;NO;SI;SI;;;;SI;NYSE
CBNK;NO;SI;SI;;;;SI;NASDAQ
CBOE;NO;SI;SI;;;;NO;BATS
CBRE;NO;SI;SI;;;;NO;NYSE
CBRL;NO;SI;SI;;;;NO;NASDAQ
CBRS;NO;SI;SI;;;;NO;NASDAQ
CBSH;NO;SI;SI;;;;NO;NASDAQ
CBT;NO;SI;SI;;;;NO;NYSE
CBTJ;NO;SI;SI;;;;NO;BATS
CBU;NO;SI;SI;;;;NO;NYSE
CC;NO;SI;SI;;;;NO;NYSE
CCAP;NO;SI;SI;;;;SI;NASDAQ
CCB;NO;SI;SI;;;;NO;NASDAQ
CCBG;NO;SI;SI;;;;NO;NASDAQ
CCC;NO;SI;SI;;;;NO;NASDAQ
CCD;NO;SI;SI;;;;NO;NASDAQ
CCEC;NO;SI;SI;;;;NO;NASDAQ
CCEL;NO;SI;SI;;;;SI;AMEX
CCEP;NO;SI;SI;;;;NO;NASDAQ
CCI;NO;SI;SI;;;;NO;NYSE
CCII;NO;SI;SI;;;;SI;NASDAQ
CCJ;NO;SI;SI;;;;NO;NYSE
CCK;NO;SI;SI;;;;NO;NYSE
CCL;NO;SI;SI;;;;NO;NYSE
CCNE;NO;SI;SI;;;;NO;NASDAQ
CCNR;NO;SI;SI;;;;NO;NASDAQ
CCO;NO;SI;SI;;;;NO;NYSE
CCOI;NO;SI;SI;;;;NO;NASDAQ
CCS;NO;SI;SI;;;;NO;NYSE
CCSI;NO;SI;SI;;;;NO;NASDAQ
CCU;NO;SI;SI;;;;NO;NYSE
CDC;NO;SI;SI;;;;NO;NASDAQ
CDLR;NO;SI;SI;;;;NO;NYSE
CDLX;NO;SI;SI;;;;SI;NASDAQ
CDNA;NO;SI;SI;;;;NO;NASDAQ
CDNG;NO;SI;SI;;;;NO;BATS
CDNL;NO;SI;SI;;;;NO;NASDAQ
CDNS;NO;SI;SI;;;;NO;NASDAQ
CDP;NO;SI;SI;;;;NO;NYSE
CDRE;NO;SI;SI;;;;NO;NYSE
CDW;NO;SI;SI;;;;NO;NASDAQ
CDXS;NO;SI;SI;;;;NO;NASDAQ
CDZI;NO;SI;SI;;;;NO;NASDAQ
CE;NO;SI;SI;;;;NO;NYSE
CECO;NO;SI;SI;;;;NO;NASDAQ
CEF;NO;SI;SI;;;;NO;ARCA
CEFS;NO;SI;SI;;;;NO;BATS
CEG;NO;SI;SI;;;;NO;NASDAQ
CEGX;NO;SI;SI;;;;NO;BATS
CELC;NO;SI;SI;;;;NO;NASDAQ
CELH;NO;SI;SI;;;;NO;NASDAQ
CENN;NO;SI;SI;;;;SI;NASDAQ
CENT;NO;SI;SI;;;;NO;NASDAQ
CENTA;NO;SI;SI;;;;NO;NASDAQ
CENX;NO;SI;SI;;;;NO;NASDAQ
CEPL;NO;SI;SI;;;;SI;NASDAQ
CERS;NO;SI;SI;;;;NO;NASDAQ
CERT;NO;SI;SI;;;;NO;NASDAQ
CF;NO;SI;SI;;;;NO;NYSE
CFBK;NO;SI;SI;;;;SI;NASDAQ
CFFI;NO;SI;SI;;;;SI;NASDAQ
CFFN;NO;SI;SI;;;;NO;NASDAQ
CFG;NO;SI;SI;;;;NO;NYSE
CFG.PRI;NO;SI;SI;;;;SI;NYSE
CFR;NO;SI;SI;;;;NO;NYSE
CFRUY;NO;SI;SI;;;;NO;OTC
CG;NO;SI;SI;;;;NO;NASDAQ
CGAU;NO;SI;SI;;;;NO;NYSE
CGDV;NO;SI;SI;;;;NO;ARCA
CGEM;NO;SI;SI;;;;NO;NASDAQ
CGEN;NO;SI;SI;;;;NO;NASDAQ
CGGO;NO;SI;SI;;;;NO;ARCA
CGGR;NO;SI;SI;;;;NO;ARCA
CGMS;NO;SI;SI;;;;NO;ARCA
CGNG;NO;SI;SI;;;;NO;ARCA
CGNT;NO;SI;SI;;;;NO;NASDAQ
CGNX;NO;SI;SI;;;;NO;NASDAQ
CGO;NO;SI;SI;;;;NO;NASDAQ
CGON;NO;SI;SI;;;;NO;NASDAQ
CGTX;NO;SI;SI;;;;NO;NASDAQ
CHA;NO;SI;SI;;;;NO;NASDAQ
CHCI;NO;SI;SI;;;;SI;NASDAQ
CHCT;NO;SI;SI;;;;NO;NYSE
CHD;NO;SI;SI;;;;NO;NYSE
CHDN;NO;SI;SI;;;;NO;NASDAQ
CHE;NO;SI;SI;;;;NO;NYSE
CHEF;NO;SI;SI;;;;NO;NASDAQ
CHH;NO;SI;SI;;;;NO;NYSE
CHIQ;NO;SI;SI;;;;NO;ARCA
CHKP;NO;SI;SI;;;;NO;NASDAQ
CHMG;NO;SI;SI;;;;SI;NASDAQ
CHMI;NO;SI;SI;;;;NO;NYSE
CHPX;NO;SI;SI;;;;NO;NASDAQ
CHRD;NO;SI;SI;;;;NO;NASDAQ
CHRS;NO;SI;SI;;;;NO;NASDAQ
CHRW;NO;SI;SI;;;;NO;NASDAQ
CHSCM;NO;SI;SI;;;;SI;NASDAQ
CHSCN;NO;SI;SI;;;;SI;NASDAQ
CHSCP;NO;SI;SI;;;;SI;NASDAQ
CHT;NO;SI;SI;;;;NO;NYSE
CHTR;NO;SI;SI;;;;NO;NASDAQ
CHW;NO;SI;SI;;;;NO;NASDAQ
CHWY;NO;SI;SI;;;;NO;NYSE
CHY;NO;SI;SI;;;;NO;NASDAQ
CHYM;NO;SI;SI;;;;NO;NASDAQ
CIB;NO;SI;SI;;;;NO;NYSE
CIBR;NO;SI;SI;;;;NO;NASDAQ
CIEN;NO;SI;SI;;;;NO;NYSE
CIFR;NO;SI;SI;;;;NO;NASDAQ
CIG;NO;SI;SI;;;;NO;NYSE
CIGI;NO;SI;SI;;;;SI;NASDAQ
CIM;NO;SI;SI;;;;NO;NYSE
CIM.PRB;NO;SI;SI;;;;SI;NYSE
CIM.PRC;NO;SI;SI;;;;SI;NYSE
CIMN;NO;SI;SI;;;;SI;NYSE
CIMP;NO;SI;SI;;;;SI;NYSE
CINF;NO;SI;SI;;;;NO;NASDAQ
CINT;NO;SI;SI;;;;SI;NYSE
CION;NO;SI;SI;;;;SI;NYSE
CIVB;NO;SI;SI;;;;NO;NASDAQ
CIX;NO;SI;SI;;;;SI;AMEX
CJPRY;NO;SI;SI;;;;NO;OTC
CL;NO;SI;SI;;;;NO;NYSE
CLAR;NO;SI;SI;;;;SI;NASDAQ
CLB;NO;SI;SI;;;;NO;NYSE
CLBK;NO;SI;SI;;;;NO;NASDAQ
CLBT;NO;SI;SI;;;;NO;NASDAQ
CLDT;NO;SI;SI;;;;NO;NYSE
CLDX;NO;SI;SI;;;;NO;NASDAQ
CLF;NO;SI;SI;;;;NO;NYSE
CLFD;NO;SI;SI;;;;NO;NASDAQ
CLIP;NO;SI;SI;;;;NO;ARCA
CLIR;NO;SI;SI;;;;SI;NASDAQ
CLLS;NO;SI;SI;;;;NO;NASDAQ
CLMB;NO;SI;SI;;;;NO;NASDAQ
CLNE;NO;SI;SI;;;;NO;NASDAQ
CLOA;NO;SI;SI;;;;NO;NASDAQ
CLOI;NO;SI;SI;;;;NO;ARCA
CLOV;NO;SI;SI;;;;NO;NASDAQ
CLPBY;NO;SI;SI;;;;NO;OTC
CLPHY;NO;SI;SI;;;;NO;OTC
CLPR;NO;SI;SI;;;;NO;NYSE
CLPT;NO;SI;SI;;;;NO;NASDAQ
CLS;NO;SI;SI;;;;NO;NYSE
CLSE;NO;SI;SI;;;;NO;BATS
CLSK;NO;SI;SI;;;;NO;NASDAQ
CLVT;NO;SI;SI;;;;NO;NYSE
CLW;NO;SI;SI;;;;NO;NYSE
CLX;NO;SI;SI;;;;NO;NYSE
CLYM;NO;SI;SI;;;;NO;NASDAQ
CM;NO;SI;SI;;;;NO;NYSE
CMC;NO;SI;SI;;;;NO;NYSE
CMCL;NO;SI;SI;;;;NO;AMEX
CMCO;NO;SI;SI;;;;NO;NASDAQ
CMCSA;NO;SI;SI;;;;NO;NASDAQ
CMDB;NO;SI;SI;;;;NO;NYSE
CME;NO;SI;SI;;;;NO;NASDAQ
CMG;NO;SI;SI;;;;NO;NYSE
CMI;NO;SI;SI;;;;NO;NYSE
CMP;NO;SI;SI;;;;NO;NYSE
CMPR;NO;SI;SI;;;;NO;NASDAQ
CMPS;NO;SI;SI;;;;NO;NASDAQ
CMPX;NO;SI;SI;;;;NO;NASDAQ
CMRC;NO;SI;SI;;;;NO;NASDAQ
CMS;NO;SI;SI;;;;NO;NYSE
CMT;NO;SI;SI;;;;NO;AMEX
CMTG;NO;SI;SI;;;;NO;NYSE
CMTL;NO;SI;SI;;;;SI;NASDAQ
CNA;NO;SI;SI;;;;NO;NYSE
CNBS;NO;SI;SI;;;;NO;ARCA
CNC;NO;SI;SI;;;;NO;NYSE
CNDT;NO;SI;SI;;;;NO;NASDAQ
CNH;NO;SI;SI;;;;NO;NYSE
CNI;NO;SI;SI;;;;NO;NYSE
CNK;NO;SI;SI;;;;NO;NYSE
CNM;NO;SI;SI;;;;NO;NYSE
CNMD;NO;SI;SI;;;;NO;NYSE
CNNE;NO;SI;SI;;;;NO;NYSE
CNO;NO;SI;SI;;;;NO;NYSE
CNOB;NO;SI;SI;;;;NO;NASDAQ
CNP;NO;SI;SI;;;;NO;NYSE
CNQ;NO;SI;SI;;;;NO;NYSE
CNR;NO;SI;SI;;;;NO;NYSE
CNS;NO;SI;SI;;;;NO;NYSE
CNTB;NO;SI;SI;;;;NO;NASDAQ
CNVS;NO;SI;SI;;;;SI;NASDAQ
CNX;NO;SI;SI;;;;NO;NYSE
CNXC;NO;SI;SI;;;;NO;NASDAQ
CNXN;NO;SI;SI;;;;NO;NASDAQ
COCO;NO;SI;SI;;;;NO;NASDAQ
COF;NO;SI;SI;;;;NO;NYSE
COFS;NO;SI;SI;;;;NO;NASDAQ
COGT;NO;SI;SI;;;;NO;NASDAQ
COHR;NO;SI;SI;;;;NO;NYSE
COHU;NO;SI;SI;;;;NO;NASDAQ
COIN;NO;SI;SI;;;;NO;NASDAQ
COKE;NO;SI;SI;;;;NO;NASDAQ
COLB;NO;SI;SI;;;;NO;NASDAQ
COLD;NO;SI;SI;;;;NO;NYSE
COLL;NO;SI;SI;;;;NO;NASDAQ
COLM;NO;SI;SI;;;;NO;NASDAQ
COLO;NO;SI;SI;;;;NO;ARCA
COM;NO;SI;SI;;;;NO;ARCA
COMP;NO;SI;SI;;;;NO;NYSE
CON;NO;SI;SI;;;;NO;NYSE
COO;NO;SI;SI;;;;NO;NASDAQ
COP;NO;SI;SI;;;;NO;NYSE
COPJ;NO;SI;SI;;;;NO;NASDAQ
COPP;NO;SI;SI;;;;NO;NASDAQ
COPX;NO;SI;SI;;;;NO;ARCA
COPY;NO;SI;SI;;;;NO;ARCA
COR;NO;SI;SI;;;;NO;NYSE
CORT;NO;SI;SI;;;;NO;NASDAQ
CORZ;NO;SI;SI;;;;NO;NASDAQ
COSO;NO;SI;SI;;;;SI;NYSE
COST;NO;SI;SI;;;;NO;NASDAQ
COUR;NO;SI;SI;;;;NO;NYSE
COWZ;NO;SI;SI;;;;NO;BATS
COYA;NO;SI;SI;;;;SI;NASDAQ
COYY;NO;SI;SI;;;;NO;NASDAQ
CP;NO;SI;SI;;;;NO;NYSE
CPA;NO;SI;SI;;;;SI;NYSE
CPAC;NO;SI;SI;;;;NO;NYSE
CPAY;NO;SI;SI;;;;NO;NYSE
CPB;NO;SI;SI;;;;NO;NASDAQ
CPBI;NO;SI;SI;;;;SI;NASDAQ
CPER;NO;SI;SI;;;;NO;ARCA
CPIX;NO;SI;SI;;;;SI;NASDAQ
CPK;NO;SI;SI;;;;NO;NYSE
CPRI;NO;SI;SI;;;;NO;NYSE
CPRT;NO;SI;SI;;;;NO;NASDAQ
CPS;NO;SI;SI;;;;NO;NYSE
CPSD;NO;SI;SI;;;;NO;ARCA
CPSH;NO;SI;SI;;;;SI;NASDAQ
CPSP;NO;SI;SI;;;;NO;ARCA
CPSR;NO;SI;SI;;;;NO;ARCA
CPSS;NO;SI;SI;;;;SI;NASDAQ
CPT;NO;SI;SI;;;;NO;NYSE
CPZ;NO;SI;SI;;;;NO;NASDAQ
CQP;NO;SI;SI;;;;SI;NYSE
CR;NO;SI;SI;;;;NO;NYSE
CRBD;NO;SI;SI;;;;SI;NYSE
CRBP;NO;SI;SI;;;;SI;NASDAQ
CRBU;NO;SI;SI;;;;NO;NASDAQ
CRC;NO;SI;SI;;;;NO;NYSE
CRCL;NO;SI;SI;;;;NO;NYSE
CRCT;NO;SI;SI;;;;NO;NASDAQ
CRD.A;NO;SI;SI;;;;SI;NYSE
CRDL;NO;SI;SI;;;;NO;NASDAQ
CRDO;NO;SI;SI;;;;NO;NASDAQ
CRDU;NO;SI;SI;;;;NO;BATS
CRESY;NO;SI;SI;;;;NO;NASDAQ
CREX;NO;SI;SI;;;;SI;NASDAQ
CRGY;NO;SI;SI;;;;NO;NYSE
CRH;NO;SI;SI;;;;NO;NYSE
CRHKY;NO;SI;SI;;;;NO;OTC
CRI;NO;SI;SI;;;;NO;NYSE
CRK;NO;SI;SI;;;;NO;NYSE
CRL;NO;SI;SI;;;;NO;NYSE
CRM;NO;SI;SI;;;;NO;NYSE
CRMD;NO;SI;SI;;;;NO;NASDAQ
CRNC;NO;SI;SI;;;;NO;NASDAQ
CRNT;NO;SI;SI;;;;NO;NASDAQ
CRNX;NO;SI;SI;;;;NO;NASDAQ
CRON;NO;SI;SI;;;;NO;NASDAQ
CROX;NO;SI;SI;;;;NO;NASDAQ
CRPT;NO;SI;SI;;;;NO;ARCA
CRS;NO;SI;SI;;;;NO;NYSE
CRSP;NO;SI;SI;;;;NO;NASDAQ
CRSR;NO;SI;SI;;;;NO;NASDAQ
CRT;NO;SI;SI;;;;SI;NYSE
CRTO;NO;SI;SI;;;;SI;NASDAQ
CRUS;NO;SI;SI;;;;NO;NASDAQ
CRVL;NO;SI;SI;;;;NO;NASDAQ
CRVS;NO;SI;SI;;;;NO;NASDAQ
CRWD;NO;SI;SI;;;;NO;NASDAQ
CRWV;NO;SI;SI;;;;NO;NASDAQ
CRZBY;NO;SI;SI;;;;NO;OTC
CSB;NO;SI;SI;;;;NO;NASDAQ
CSBR;NO;SI;SI;;;;SI;NASDAQ
CSCO;NO;SI;SI;;;;NO;NASDAQ
CSEN;NO;SI;SI;;;;NO;NASDAQ
CSGP;NO;SI;SI;;;;NO;NASDAQ
CSHI;NO;SI;SI;;;;NO;ARCA
CSIQ;NO;SI;SI;;;;NO;NASDAQ
CSL;NO;SI;SI;;;;NO;NYSE
CSLLY;NO;SI;SI;;;;NO;OTC
CSPI;NO;SI;SI;;;;SI;NASDAQ
CSQ;NO;SI;SI;;;;NO;NASDAQ
CSQR;NO;SI;SI;;;;NO;NYSE
CSR;NO;SI;SI;;;;NO;NYSE
CSTE;NO;SI;SI;;;;SI;NASDAQ
CSTL;NO;SI;SI;;;;NO;NASDAQ
CSTM;NO;SI;SI;;;;NO;NYSE
CSV;NO;SI;SI;;;;NO;NYSE
CSW;NO;SI;SI;;;;NO;NYSE
CSX;NO;SI;SI;;;;NO;NASDAQ
CTA;NO;SI;SI;;;;NO;ARCA
CTAS;NO;SI;SI;;;;NO;NASDAQ
CTBI;NO;SI;SI;;;;NO;NASDAQ
CTEV;NO;SI;SI;;;;SI;NYSE
CTGO;NO;SI;SI;;;;SI;AMEX
CTKB;NO;SI;SI;;;;NO;NASDAQ
CTMX;NO;SI;SI;;;;NO;NASDAQ
CTNM;NO;SI;SI;;;;SI;NASDAQ
CTO;NO;SI;SI;;;;NO;NYSE
CTOS;NO;SI;SI;;;;NO;NYSE
CTRE;NO;SI;SI;;;;NO;NYSE
CTRN;NO;SI;SI;;;;SI;NASDAQ
CTSH;NO;SI;SI;;;;NO;NASDAQ
CTTAY;NO;SI;SI;;;;NO;OTC
CTVA;NO;SI;SI;;;;NO;NYSE
CUBE;NO;SI;SI;;;;NO;NYSE
CUBI;NO;SI;SI;;;;NO;NYSE
CULP;NO;SI;SI;;;;SI;NASDAQ
CURB;NO;SI;SI;;;;NO;NYSE
CURV;NO;SI;SI;;;;NO;NYSE
CUZ;NO;SI;SI;;;;NO;NYSE
CVBF;NO;SI;SI;;;;NO;NASDAQ
CVCO;NO;SI;SI;;;;NO;NASDAQ
CVE;NO;SI;SI;;;;NO;NYSE
CVEO;NO;SI;SI;;;;SI;NYSE
CVGI;NO;SI;SI;;;;SI;NASDAQ
CVI;NO;SI;SI;;;;NO;NYSE
CVLC;NO;SI;SI;;;;NO;ARCA
CVLG;NO;SI;SI;;;;NO;NYSE
CVLT;NO;SI;SI;;;;NO;NASDAQ
CVNA;NO;SI;SI;;;;NO;NYSE
CVRX;NO;SI;SI;;;;NO;NASDAQ
CVS;NO;SI;SI;;;;NO;NYSE
CVSA;NO;SI;SI;;;;NO;NYSE
CVU;NO;SI;SI;;;;SI;AMEX
CVV;NO;SI;SI;;;;SI;NASDAQ
CVX;NO;SI;SI;;;;NO;NYSE
CW;NO;SI;SI;;;;NO;NYSE
CWB;NO;SI;SI;;;;NO;ARCA
CWBC;NO;SI;SI;;;;NO;NASDAQ
CWCO;NO;SI;SI;;;;NO;NASDAQ
CWEB;NO;SI;SI;;;;SI;ARCA
CWEN;NO;SI;SI;;;;NO;NYSE
CWH;NO;SI;SI;;;;NO;NYSE
CWK;NO;SI;SI;;;;NO;NYSE
CWS;NO;SI;SI;;;;NO;ARCA
CWT;NO;SI;SI;;;;NO;NYSE
CX;NO;SI;SI;;;;NO;NYSE
CXDO;NO;SI;SI;;;;SI;NASDAQ
CXM;NO;SI;SI;;;;NO;NYSE
CXT;NO;SI;SI;;;;NO;NYSE
CYD;NO;SI;SI;;;;SI;NYSE
CYH;NO;SI;SI;;;;NO;NYSE
CYRX;NO;SI;SI;;;;NO;NASDAQ
CYTK;NO;SI;SI;;;;NO;NASDAQ
CZFS;NO;SI;SI;;;;NO;NASDAQ
CZNC;NO;SI;SI;;;;NO;NASDAQ
CZR;NO;SI;SI;;;;NO;NASDAQ
CZWI;NO;SI;SI;;;;SI;NASDAQ
D;NO;SI;SI;;;;NO;NYSE
DAKT;NO;SI;SI;;;;NO;NASDAQ
DAL;NO;SI;SI;;;;NO;NYSE
DAN;NO;SI;SI;;;;NO;NYSE
DAO;NO;SI;SI;;;;SI;NYSE
DAR;NO;SI;SI;;;;NO;NYSE
DASH;NO;SI;SI;;;;NO;NASDAQ
DAVA;NO;SI;SI;;;;NO;NYSE
DAVE;NO;SI;SI;;;;NO;NASDAQ
DAX;NO;SI;SI;;;;NO;NASDAQ
DB;NO;SI;SI;;;;NO;NYSE
DBA;NO;SI;SI;;;;NO;ARCA
DBB;NO;SI;SI;;;;NO;ARCA
DBC;NO;SI;SI;;;;NO;ARCA
DBD;NO;SI;SI;;;;NO;NYSE
DBEF;NO;SI;SI;;;;NO;ARCA
DBL;NO;SI;SI;;;;NO;NYSE
DBMF;NO;SI;SI;;;;NO;ARCA
DBRG;NO;SI;SI;;;;NO;NYSE
DBSDY;NO;SI;SI;;;;NO;OTC
DBX;NO;SI;SI;;;;NO;NASDAQ
DC;NO;SI;SI;;;;NO;AMEX
DCH;NO;SI;SI;;;;NO;NYSE
DCO;NO;SI;SI;;;;NO;NYSE
DCOM;NO;SI;SI;;;;NO;NYSE
DCOR;NO;SI;SI;;;;NO;ARCA
DCTH;NO;SI;SI;;;;SI;NASDAQ
DD;NO;SI;SI;;;;SI;NYSE
DDD;NO;SI;SI;;;;NO;NYSE
DDI;NO;SI;SI;;;;SI;NASDAQ
DDL;NO;SI;SI;;;;NO;NYSE
DDOG;NO;SI;SI;;;;NO;NASDAQ
DDS;NO;SI;SI;;;;NO;NYSE
DDWM;NO;SI;SI;;;;NO;BATS
DEA;NO;SI;SI;;;;NO;NYSE
DEC;NO;SI;SI;;;;NO;NYSE
DECK;NO;SI;SI;;;;NO;NYSE
DECU;NO;SI;SI;;;;NO;BATS
DEEP;NO;SI;SI;;;;NO;ARCA
DEI;NO;SI;SI;;;;NO;NYSE
DELL;NO;SI;SI;;;;NO;NYSE
DEM;NO;SI;SI;;;;NO;ARCA
DEO;NO;SI;SI;;;;NO;NYSE
DERM;NO;SI;SI;;;;SI;NASDAQ
DES;NO;SI;SI;;;;NO;ARCA
DFAC;NO;SI;SI;;;;NO;ARCA
DFAE;NO;SI;SI;;;;NO;ARCA
DFAI;NO;SI;SI;;;;NO;ARCA
DFAR;NO;SI;SI;;;;NO;ARCA
DFAS;NO;SI;SI;;;;NO;ARCA
DFAT;NO;SI;SI;;;;NO;ARCA
DFAU;NO;SI;SI;;;;NO;ARCA
DFAW;NO;SI;SI;;;;NO;ARCA
DFAX;NO;SI;SI;;;;NO;ARCA
DFCF;NO;SI;SI;;;;NO;ARCA
DFEB;NO;SI;SI;;;;NO;BATS
DFEM;NO;SI;SI;;;;NO;ARCA
DFEN;NO;SI;SI;;;;NO;ARCA
DFEV;NO;SI;SI;;;;NO;ARCA
DFGR;NO;SI;SI;;;;NO;ARCA
DFH;NO;SI;SI;;;;NO;NYSE
DFIC;NO;SI;SI;;;;NO;BATS
DFIN;NO;SI;SI;;;;NO;NYSE
DFIS;NO;SI;SI;;;;NO;BATS
DFIV;NO;SI;SI;;;;NO;ARCA
DFJ;NO;SI;SI;;;;NO;ARCA
DFNL;NO;SI;SI;;;;NO;BATS
DFP;NO;SI;SI;;;;NO;NYSE
DFSV;NO;SI;SI;;;;NO;ARCA
DFTX;NO;SI;SI;;;;NO;NASDAQ
DFUS;NO;SI;SI;;;;NO;ARCA
DFUV;NO;SI;SI;;;;NO;ARCA
DG;NO;SI;SI;;;;NO;NYSE
DGICA;NO;SI;SI;;;;NO;NASDAQ
DGII;NO;SI;SI;;;;NO;NASDAQ
DGRS;NO;SI;SI;;;;NO;NASDAQ
DGRW;NO;SI;SI;;;;NO;NASDAQ
DGS;NO;SI;SI;;;;NO;ARCA
DGX;NO;SI;SI;;;;NO;NYSE
DGXX;NO;SI;SI;;;;NO;NASDAQ
DHC;NO;SI;SI;;;;NO;NASDAQ
DHF;NO;SI;SI;;;;NO;NYSE
DHI;NO;SI;SI;;;;NO;NYSE
DHR;NO;SI;SI;;;;NO;NYSE
DHT;NO;SI;SI;;;;NO;NYSE
DHY;NO;SI;SI;;;;NO;AMEX
DIA;NO;SI;SI;;;;NO;ARCA
DIDIY;NO;SI;SI;;;;NO;OTC
DIHP;NO;SI;SI;;;;NO;BATS
DIN;NO;SI;SI;;;;NO;NYSE
DINO;NO;SI;SI;;;;NO;NYSE
DIOD;NO;SI;SI;;;;NO;NASDAQ
DIPS;NO;SI;SI;;;;NO;ARCA
DIS;NO;SI;SI;;;;NO;NYSE
DISV;NO;SI;SI;;;;NO;BATS
DIV;NO;SI;SI;;;;NO;ARCA
DIVI;NO;SI;SI;;;;NO;ARCA
DIVO;NO;SI;SI;;;;NO;ARCA
DJCO;NO;SI;SI;;;;NO;NASDAQ
DJP;NO;SI;SI;;;;NO;ARCA
DJT;NO;SI;SI;;;;NO;NASDAQ
DK;NO;SI;SI;;;;NO;NYSE
DKL;NO;SI;SI;;;;SI;NYSE
DKNG;NO;SI;SI;;;;NO;NASDAQ
DLB;NO;SI;SI;;;;NO;NYSE
DLN;NO;SI;SI;;;;NO;ARCA
DLO;NO;SI;SI;;;;NO;NASDAQ
DLR;NO;SI;SI;;;;NO;NYSE
DLR.PRL;NO;SI;SI;;;;SI;NYSE
DLTH;NO;SI;SI;;;;SI;NASDAQ
DLTR;NO;SI;SI;;;;NO;NASDAQ
DLX;NO;SI;SI;;;;NO;NYSE
DLY;NO;SI;SI;;;;NO;NYSE
DMA;NO;SI;SI;;;;NO;NYSE
DMAC;NO;SI;SI;;;;NO;NASDAQ
DMB;NO;SI;SI;;;;NO;NYSE
DMLP;NO;SI;SI;;;;SI;NASDAQ
DMO;NO;SI;SI;;;;NO;NYSE
DMRC;NO;SI;SI;;;;NO;NASDAQ
DNA;NO;SI;SI;;;;NO;NYSE
DNBBY;NO;SI;SI;;;;NO;OTC
DNLI;NO;SI;SI;;;;NO;NASDAQ
DNOW;NO;SI;SI;;;;NO;NYSE
DNTH;NO;SI;SI;;;;NO;NASDAQ
DNUT;NO;SI;SI;;;;NO;NASDAQ
DNZOY;NO;SI;SI;;;;NO;OTC
DOC;NO;SI;SI;;;;NO;NYSE
DOCN;NO;SI;SI;;;;NO;NYSE
DOCS;NO;SI;SI;;;;NO;NYSE
DOCT;NO;SI;SI;;;;NO;BATS
DOCU;NO;SI;SI;;;;NO;NASDAQ
DOLE;NO;SI;SI;;;;NO;NYSE
DOMH;NO;SI;SI;;;;SI;NASDAQ
DOMO;NO;SI;SI;;;;NO;NASDAQ
DON;NO;SI;SI;;;;NO;ARCA
DOO;NO;SI;SI;;;;SI;NASDAQ
DORM;NO;SI;SI;;;;NO;NASDAQ
DOUG;NO;SI;SI;;;;NO;NYSE
DOV;NO;SI;SI;;;;NO;NYSE
DOX;NO;SI;SI;;;;NO;NASDAQ
DOYU;NO;SI;SI;;;;SI;NASDAQ
DPG;NO;SI;SI;;;;NO;NYSE
DPZ;NO;SI;SI;;;;NO;NASDAQ
DQ;NO;SI;SI;;;;NO;NYSE
DRAM;NO;SI;SI;;;;NO;BATS
DRD;NO;SI;SI;;;;NO;NYSE
DRGN;NO;SI;SI;;;;NO;BATS
DRH;NO;SI;SI;;;;NO;NASDAQ
DRI;NO;SI;SI;;;;NO;NYSE
DRIV;NO;SI;SI;;;;NO;NASDAQ
DRNZ;NO;SI;SI;;;;NO;NASDAQ
DRS;NO;SI;SI;;;;NO;NASDAQ
DRUG;NO;SI;SI;;;;NO;NASDAQ
DRV;NO;SI;SI;;;;NO;ARCA
DRVN;NO;SI;SI;;;;NO;NASDAQ
DSGN;NO;SI;SI;;;;NO;NASDAQ
DSGR;NO;SI;SI;;;;NO;NASDAQ
DSGX;NO;SI;SI;;;;NO;NASDAQ
DSI;NO;SI;SI;;;;NO;ARCA
DSM;NO;SI;SI;;;;NO;NYSE
DSP;NO;SI;SI;;;;NO;NASDAQ
DSTL;NO;SI;SI;;;;NO;ARCA
DSU;NO;SI;SI;;;;NO;NYSE
DT;NO;SI;SI;;;;NO;NYSE
DTB;NO;SI;SI;;;;SI;NYSE
DTCR;NO;SI;SI;;;;NO;NASDAQ
DTD;NO;SI;SI;;;;NO;ARCA
DTE;NO;SI;SI;;;;NO;NYSE
DTEGY;NO;SI;SI;;;;NO;OTC
DTI;NO;SI;SI;;;;SI;NASDAQ
DTIL;NO;SI;SI;;;;SI;NASDAQ
DTK;NO;SI;SI;;;;SI;NYSE
DTM;NO;SI;SI;;;;NO;NYSE
DUHP;NO;SI;SI;;;;NO;ARCA
DUK;NO;SI;SI;;;;NO;NYSE
DUOG;NO;SI;SI;;;;NO;NASDAQ
DUOL;NO;SI;SI;;;;NO;NASDAQ
DUOT;NO;SI;SI;;;;SI;NASDAQ
DVA;NO;SI;SI;;;;NO;NYSE
DVLU;NO;SI;SI;;;;NO;NASDAQ
DVN;NO;SI;SI;;;;NO;NYSE
DVY;NO;SI;SI;;;;NO;NASDAQ
DWAHY;NO;SI;SI;;;;NO;OTC
DWLD;NO;SI;SI;;;;NO;BATS
DWTX;NO;SI;SI;;;;SI;NASDAQ
DWX;NO;SI;SI;;;;NO;ARCA
DX;NO;SI;SI;;;;NO;NYSE
DXC;NO;SI;SI;;;;NO;NYSE
DXCM;NO;SI;SI;;;;NO;NASDAQ
DXJ;NO;SI;SI;;;;NO;ARCA
DXPE;NO;SI;SI;;;;NO;NASDAQ
DY;NO;SI;SI;;;;NO;NYSE
DYFI;NO;SI;SI;;;;NO;NASDAQ
DYN;NO;SI;SI;;;;NO;NASDAQ
DYNC;NO;SI;SI;;;;SI;NASDAQ
DYNF;NO;SI;SI;;;;NO;ARCA
EADSY;NO;SI;SI;;;;NO;OTC
EAF;NO;SI;SI;;;;SI;NYSE
EAGG;NO;SI;SI;;;;NO;ARCA
EAGL;NO;SI;SI;;;;NO;ARCA
EALT;NO;SI;SI;;;;NO;BATS
EAT;NO;SI;SI;;;;NO;NYSE
EBAY;NO;SI;SI;;;;NO;NASDAQ
EBC;NO;SI;SI;;;;NO;NASDAQ
EBF;NO;SI;SI;;;;NO;NYSE
EBI;NO;SI;SI;;;;NO;NASDAQ
EBKDY;NO;SI;SI;;;;NO;OTC
EBMT;NO;SI;SI;;;;SI;NASDAQ
EBON;NO;SI;SI;;;;SI;NASDAQ
EBS;NO;SI;SI;;;;NO;NYSE
EC;NO;SI;SI;;;;NO;NYSE
ECAT;NO;SI;SI;;;;NO;NYSE
ECBK;NO;SI;SI;;;;SI;NASDAQ
ECG;NO;SI;SI;;;;NO;NYSE
ECH;NO;SI;SI;;;;NO;BATS
ECHO;NO;SI;SI;;;;NO;NASDAQ
ECL;NO;SI;SI;;;;NO;NYSE
ECNS;NO;SI;SI;;;;NO;ARCA
ECO;NO;SI;SI;;;;NO;NYSE
ECOR;NO;SI;SI;;;;SI;NASDAQ
ECPG;NO;SI;SI;;;;NO;NASDAQ
ECVT;NO;SI;SI;;;;NO;NYSE
ED;NO;SI;SI;;;;NO;NYSE
EDD;NO;SI;SI;;;;NO;NYSE
EDIT;NO;SI;SI;;;;NO;NASDAQ
EDIV;NO;SI;SI;;;;NO;ARCA
EDN;NO;SI;SI;;;;SI;NYSE
EDU;NO;SI;SI;;;;NO;NYSE
EDUC;NO;SI;SI;;;;SI;NASDAQ
EDV;NO;SI;SI;;;;NO;ARCA
EE;NO;SI;SI;;;;NO;NYSE
EEFT;NO;SI;SI;;;;NO;NASDAQ
EEM;NO;SI;SI;;;;NO;ARCA
EEMV;NO;SI;SI;;;;NO;BATS
EFA;NO;SI;SI;;;;NO;ARCA
EFAV;NO;SI;SI;;;;NO;BATS
EFC;NO;SI;SI;;;;NO;NYSE
EFG;NO;SI;SI;;;;NO;BATS
EFOR;NO;SI;SI;;;;NO;NYSE
EFSC;NO;SI;SI;;;;NO;NASDAQ
EFSI;NO;SI;SI;;;;SI;NASDAQ
EFT;NO;SI;SI;;;;NO;NYSE
EFV;NO;SI;SI;;;;NO;BATS
EFX;NO;SI;SI;;;;NO;NYSE
EFXT;NO;SI;SI;;;;NO;NYSE
EG;NO;SI;SI;;;;NO;NYSE
EGAN;NO;SI;SI;;;;SI;NASDAQ
EGGY;NO;SI;SI;;;;NO;ARCA
EGHT;NO;SI;SI;;;;NO;NASDAQ
EGO;NO;SI;SI;;;;NO;NYSE
EGP;NO;SI;SI;;;;NO;NYSE
EGY;NO;SI;SI;;;;NO;NYSE
EH;NO;SI;SI;;;;NO;NASDAQ
EHC;NO;SI;SI;;;;NO;NYSE
EHTH;NO;SI;SI;;;;SI;NASDAQ
EIC;NO;SI;SI;;;;NO;NYSE
EIPI;NO;SI;SI;;;;NO;ARCA
EIS;NO;SI;SI;;;;NO;ARCA
EIX;NO;SI;SI;;;;NO;NYSE
EJAN;NO;SI;SI;;;;NO;ARCA
EJPRY;NO;SI;SI;;;;NO;OTC
EL;NO;SI;SI;;;;NO;NYSE
ELA;NO;SI;SI;;;;SI;AMEX
ELAN;NO;SI;SI;;;;NO;NYSE
ELDN;NO;SI;SI;;;;NO;NASDAQ
ELF;NO;SI;SI;;;;NO;NYSE
ELMD;NO;SI;SI;;;;SI;AMEX
ELPC;NO;SI;SI;;;;NO;NYSE
ELS;NO;SI;SI;;;;NO;NYSE
ELV;NO;SI;SI;;;;NO;NYSE
ELVN;NO;SI;SI;;;;NO;NASDAQ
EMA;NO;SI;SI;;;;NO;NYSE
EMB;NO;SI;SI;;;;NO;NASDAQ
EMBC;NO;SI;SI;;;;NO;NASDAQ
EMBJ;NO;SI;SI;;;;NO;NYSE
EMD;NO;SI;SI;;;;NO;NYSE
EME;NO;SI;SI;;;;NO;NYSE
EMF;NO;SI;SI;;;;NO;NYSE
EMGF;NO;SI;SI;;;;NO;BATS
EMHY;NO;SI;SI;;;;NO;BATS
EML;NO;SI;SI;;;;SI;NASDAQ
EMLC;NO;SI;SI;;;;NO;ARCA
EMLP;NO;SI;SI;;;;NO;ARCA
EMO;NO;SI;SI;;;;NO;NYSE
EMP;NO;SI;SI;;;;SI;NYSE
EMQQ;NO;SI;SI;;;;NO;ARCA
EMR;NO;SI;SI;;;;NO;NYSE
EMXC;NO;SI;SI;;;;NO;NASDAQ
ENDW;NO;SI;SI;;;;NO;NASDAQ
ENFR;NO;SI;SI;;;;NO;ARCA
ENGN;NO;SI;SI;;;;NO;NASDAQ
ENIC;NO;SI;SI;;;;NO;NYSE
ENOV;NO;SI;SI;;;;NO;NYSE
ENPH;NO;SI;SI;;;;NO;NASDAQ
ENR;NO;SI;SI;;;;NO;NYSE
ENS;NO;SI;SI;;;;NO;NYSE
ENSG;NO;SI;SI;;;;NO;NASDAQ
ENTA;NO;SI;SI;;;;NO;NASDAQ
ENTG;NO;SI;SI;;;;NO;NASDAQ
ENVA;NO;SI;SI;;;;NO;NYSE
ENVX;NO;SI;SI;;;;NO;NASDAQ
EOD;NO;SI;SI;;;;NO;NYSE
EOG;NO;SI;SI;;;;NO;NYSE
EOI;NO;SI;SI;;;;NO;NYSE
EOLS;NO;SI;SI;;;;NO;NASDAQ
EOS;NO;SI;SI;;;;NO;NYSE
EOSE;NO;SI;SI;;;;NO;NASDAQ
EP;NO;SI;SI;;;;SI;AMEX
EPAC;NO;SI;SI;;;;NO;NYSE
EPAM;NO;SI;SI;;;;NO;NYSE
EPC;NO;SI;SI;;;;NO;NYSE
EPD;NO;SI;SI;;;;NO;NYSE
EPI;NO;SI;SI;;;;NO;ARCA
EPM;NO;SI;SI;;;;NO;AMEX
EPOL;NO;SI;SI;;;;NO;ARCA
EPP;NO;SI;SI;;;;NO;ARCA
EPR;NO;SI;SI;;;;NO;NYSE
EPRT;NO;SI;SI;;;;NO;NYSE
EPRX;NO;SI;SI;;;;NO;NASDAQ
EPSN;NO;SI;SI;;;;SI;NASDAQ
EPU;NO;SI;SI;;;;NO;ARCA
EQAL;NO;SI;SI;;;;NO;ARCA
EQBK;NO;SI;SI;;;;NO;NYSE
EQH;NO;SI;SI;;;;NO;NYSE
EQH.PRC;NO;SI;SI;;;;SI;NYSE
EQIX;NO;SI;SI;;;;NO;NASDAQ
EQNR;NO;SI;SI;;;;NO;NYSE
EQPT;NO;SI;SI;;;;NO;NASDAQ
EQWL;NO;SI;SI;;;;NO;ARCA
EQX;NO;SI;SI;;;;NO;AMEX
ERAS;NO;SI;SI;;;;NO;NASDAQ
ERC;NO;SI;SI;;;;NO;AMEX
ERIC;NO;SI;SI;;;;NO;NASDAQ
ERIE;NO;SI;SI;;;;NO;NASDAQ
ERII;NO;SI;SI;;;;NO;NASDAQ
ERO;NO;SI;SI;;;;NO;NYSE
EROC;NO;SI;SI;;;;SI;NYSE
EROK;NO;SI;SI;;;;SI;NYSE
ES;NO;SI;SI;;;;NO;NYSE
ESAB;NO;SI;SI;;;;NO;NYSE
ESCA;NO;SI;SI;;;;SI;NASDAQ
ESE;NO;SI;SI;;;;NO;NYSE
ESEA;NO;SI;SI;;;;SI;NASDAQ
ESGD;NO;SI;SI;;;;NO;NASDAQ
ESGE;NO;SI;SI;;;;NO;NASDAQ
ESGU;NO;SI;SI;;;;NO;NASDAQ
ESGV;NO;SI;SI;;;;NO;BATS
ESI;NO;SI;SI;;;;NO;NYSE
ESLT;NO;SI;SI;;;;NO;NASDAQ
ESML;NO;SI;SI;;;;NO;BATS
ESNT;NO;SI;SI;;;;NO;NYSE
ESOA;NO;SI;SI;;;;SI;NASDAQ
ESQ;NO;SI;SI;;;;NO;NASDAQ
ESS;NO;SI;SI;;;;NO;NYSE
ESTA;NO;SI;SI;;;;NO;NASDAQ
ESTC;NO;SI;SI;;;;NO;NYSE
ET;NO;SI;SI;;;;NO;NYSE
ETD;NO;SI;SI;;;;NO;NYSE
ETG;NO;SI;SI;;;;NO;NYSE
ETH;NO;SI;SI;;;;NO;ARCA
ETHA;NO;SI;SI;;;;NO;NASDAQ
ETHE;NO;SI;SI;;;;NO;ARCA
ETJ;NO;SI;SI;;;;NO;NYSE
ETN;NO;SI;SI;;;;NO;NYSE
ETON;NO;SI;SI;;;;NO;NASDAQ
ETOR;NO;SI;SI;;;;NO;NASDAQ
ETR;NO;SI;SI;;;;NO;NYSE
ETS;NO;SI;SI;;;;SI;NASDAQ
ETSY;NO;SI;SI;;;;NO;NYSE
ETU;NO;SI;SI;;;;NO;BATS
ETV;NO;SI;SI;;;;NO;NYSE
ETW;NO;SI;SI;;;;NO;NYSE
ETY;NO;SI;SI;;;;NO;NYSE
EU;NO;SI;SI;;;;NO;NASDAQ
EUAD;NO;SI;SI;;;;NO;BATS
EUFN;NO;SI;SI;;;;NO;NASDAQ
EUO;NO;SI;SI;;;;NO;ARCA
EURL;NO;SI;SI;;;;NO;ARCA
EUSA;NO;SI;SI;;;;NO;ARCA
EVAX;NO;SI;SI;;;;SI;NASDAQ
EVC;NO;SI;SI;;;;NO;NYSE
EVER;NO;SI;SI;;;;NO;NASDAQ
EVEX;NO;SI;SI;;;;NO;NYSE
EVG;NO;SI;SI;;;;NO;NYSE
EVGO;NO;SI;SI;;;;NO;NASDAQ
EVH;NO;SI;SI;;;;NO;NYSE
EVI;NO;SI;SI;;;;SI;AMEX
EVLN;NO;SI;SI;;;;NO;ARCA
EVLV;NO;SI;SI;;;;NO;NASDAQ
EVMN;NO;SI;SI;;;;SI;NYSE
EVR;NO;SI;SI;;;;NO;NYSE
EVRG;NO;SI;SI;;;;NO;NASDAQ
EVTC;NO;SI;SI;;;;NO;NYSE
EVTR;NO;SI;SI;;;;NO;NYSE
EVV;NO;SI;SI;;;;NO;AMEX
EW;NO;SI;SI;;;;NO;NYSE
EWA;NO;SI;SI;;;;NO;ARCA
EWBC;NO;SI;SI;;;;NO;NASDAQ
EWC;NO;SI;SI;;;;NO;ARCA
EWH;NO;SI;SI;;;;NO;ARCA
EWJV;NO;SI;SI;;;;NO;NASDAQ
EWL;NO;SI;SI;;;;NO;ARCA
EWM;NO;SI;SI;;;;NO;ARCA
EWP;NO;SI;SI;;;;NO;ARCA
EWS;NO;SI;SI;;;;NO;ARCA
EWT;NO;SI;SI;;;;NO;ARCA
EWTX;NO;SI;SI;;;;NO;NASDAQ
EWW;NO;SI;SI;;;;NO;ARCA
EWX;NO;SI;SI;;;;NO;ARCA
EWY;NO;SI;SI;;;;NO;ARCA
EWZ;NO;SI;SI;;;;NO;ARCA
EWZS;NO;SI;SI;;;;NO;NASDAQ
EXC;NO;SI;SI;;;;NO;NASDAQ
EXE;NO;SI;SI;;;;NO;NASDAQ
EXG;NO;SI;SI;;;;NO;NYSE
EXI;NO;SI;SI;;;;NO;ARCA
EXK;NO;SI;SI;;;;NO;NYSE
EXLS;NO;SI;SI;;;;NO;NASDAQ
EXP;NO;SI;SI;;;;NO;NYSE
EXPD;NO;SI;SI;;;;NO;NYSE
EXPE;NO;SI;SI;;;;NO;NASDAQ
EXPGY;NO;SI;SI;;;;NO;OTC
EXPO;NO;SI;SI;;;;NO;NASDAQ
EXR;NO;SI;SI;;;;NO;NYSE
EXTR;NO;SI;SI;;;;NO;NASDAQ
EYE;NO;SI;SI;;;;NO;NASDAQ
EYPT;NO;SI;SI;;;;NO;NASDAQ
EZA;NO;SI;SI;;;;NO;ARCA
EZBC;NO;SI;SI;;;;NO;BATS
EZPW;NO;SI;SI;;;;NO;NASDAQ
EZU;NO;SI;SI;;;;NO;BATS
F;NO;SI;SI;;;;NO;NYSE
FA;NO;SI;SI;;;;NO;NASDAQ
FAF;NO;SI;SI;;;;NO;NYSE
FANG;NO;SI;SI;;;;NO;NASDAQ
FAS;NO;SI;SI;;;;NO;ARCA
FAST;NO;SI;SI;;;;NO;NASDAQ
FATE;NO;SI;SI;;;;NO;NASDAQ
FAUG;NO;SI;SI;;;;NO;BATS
FAX;NO;SI;SI;;;;NO;AMEX
FBCG;NO;SI;SI;;;;NO;BATS
FBIN;NO;SI;SI;;;;NO;NYSE
FBIZ;NO;SI;SI;;;;NO;NASDAQ
FBK;NO;SI;SI;;;;NO;NYSE
FBLA;NO;SI;SI;;;;SI;NASDAQ
FBNC;NO;SI;SI;;;;NO;NASDAQ
FBND;NO;SI;SI;;;;NO;ARCA
FBP;NO;SI;SI;;;;NO;NYSE
FBRT;NO;SI;SI;;;;NO;NYSE
FBRX;NO;SI;SI;;;;NO;NASDAQ
FBT;NO;SI;SI;;;;NO;ARCA
FBTC;NO;SI;SI;;;;NO;BATS
FC;NO;SI;SI;;;;NO;NYSE
FCAP;NO;SI;SI;;;;SI;NASDAQ
FCBC;NO;SI;SI;;;;NO;NASDAQ
FCCO;NO;SI;SI;;;;SI;NASDAQ
FCEL;NO;SI;SI;;;;NO;NASDAQ
FCF;NO;SI;SI;;;;NO;NYSE
FCFS;NO;SI;SI;;;;NO;NASDAQ
FCG;NO;SI;SI;;;;NO;ARCA
FCN;NO;SI;SI;;;;NO;NYSE
FCNCA;NO;SI;SI;;;;NO;NASDAQ
FCOM;NO;SI;SI;;;;NO;ARCA
FCPT;NO;SI;SI;;;;NO;NYSE
FCVT;NO;SI;SI;;;;NO;NASDAQ
FCX;NO;SI;SI;;;;NO;NYSE
FDBC;NO;SI;SI;;;;NO;NASDAQ
FDD;NO;SI;SI;;;;NO;ARCA
FDIS;NO;SI;SI;;;;NO;ARCA
FDLO;NO;SI;SI;;;;NO;ARCA
FDM;NO;SI;SI;;;;NO;ARCA
FDMT;NO;SI;SI;;;;NO;NASDAQ
FDRR;NO;SI;SI;;;;NO;ARCA
FDRV;NO;SI;SI;;;;NO;BATS
FDSB;NO;SI;SI;;;;SI;NASDAQ
FDUS;NO;SI;SI;;;;SI;NASDAQ
FDVV;NO;SI;SI;;;;NO;ARCA
FDXF;NO;SI;SI;;;;NO;NYSE
FEIM;NO;SI;SI;;;;SI;NASDAQ
FELE;NO;SI;SI;;;;NO;NASDAQ
FELG;NO;SI;SI;;;;NO;ARCA
FENI;NO;SI;SI;;;;NO;ARCA
FEPI;NO;SI;SI;;;;NO;NASDAQ
FER;NO;SI;SI;;;;NO;NASDAQ
FERG;NO;SI;SI;;;;NO;NYSE
FESM;NO;SI;SI;;;;NO;ARCA
FET;NO;SI;SI;;;;NO;NYSE
FETH;NO;SI;SI;;;;NO;BATS
FEZ;NO;SI;SI;;;;NO;ARCA
FF;NO;SI;SI;;;;SI;NYSE
FFA;NO;SI;SI;;;;NO;NYSE
FFBC;NO;SI;SI;;;;NO;NASDAQ
FFC;NO;SI;SI;;;;NO;NYSE
FFEB;NO;SI;SI;;;;NO;BATS
FFIN;NO;SI;SI;;;;NO;NASDAQ
FFIV;NO;SI;SI;;;;NO;NASDAQ
FFLC;NO;SI;SI;;;;NO;BATS
FFLX;NO;SI;SI;;;;NO;ARCA
FG;NO;SI;SI;;;;NO;NYSE
FGBI;NO;SI;SI;;;;SI;NASDAQ
FGDL;NO;SI;SI;;;;NO;ARCA
FGSN;NO;SI;SI;;;;SI;NYSE
FHB;NO;SI;SI;;;;NO;NASDAQ
FHI;NO;SI;SI;;;;NO;NYSE
FHLC;NO;SI;SI;;;;NO;ARCA
FHN;NO;SI;SI;;;;NO;NYSE
FHTX;NO;SI;SI;;;;NO;NASDAQ
FIBK;NO;SI;SI;;;;NO;NASDAQ
FICO;NO;SI;SI;;;;NO;NYSE
FIG;NO;SI;SI;;;;NO;NYSE
FIGR;NO;SI;SI;;;;NO;NASDAQ
FIGS;NO;SI;SI;;;;NO;NYSE
FINV;NO;SI;SI;;;;NO;NYSE
FINW;NO;SI;SI;;;;SI;NASDAQ
FIP;NO;SI;SI;;;;NO;NASDAQ
FIRY;NO;SI;SI;;;;SI;NYSE
FIS;NO;SI;SI;;;;NO;NYSE
FISI;NO;SI;SI;;;;NO;NASDAQ
FISK;NO;SI;SI;;;;SI;ARCA
FISV;NO;SI;SI;;;;NO;NASDAQ
FITB;NO;SI;SI;;;;NO;NYSE
FIVA;NO;SI;SI;;;;NO;ARCA
FIVE;NO;SI;SI;;;;NO;NASDAQ
FIVN;NO;SI;SI;;;;NO;NASDAQ
FIW;NO;SI;SI;;;;NO;ARCA
FIZZ;NO;SI;SI;;;;NO;NASDAQ
FJTSY;NO;SI;SI;;;;NO;OTC
FLBR;NO;SI;SI;;;;NO;ARCA
FLG;NO;SI;SI;;;;NO;NYSE
FLGB;NO;SI;SI;;;;NO;ARCA
FLGR;NO;SI;SI;;;;NO;ARCA
FLGT;NO;SI;SI;;;;NO;NASDAQ
FLHY;NO;SI;SI;;;;NO;BATS
FLJP;NO;SI;SI;;;;NO;ARCA
FLKR;NO;SI;SI;;;;NO;ARCA
FLL;NO;SI;SI;;;;SI;NASDAQ
FLNC;NO;SI;SI;;;;NO;NASDAQ
FLNG;NO;SI;SI;;;;NO;NYSE
FLNT;NO;SI;SI;;;;SI;NASDAQ
FLO;NO;SI;SI;;;;NO;NYSE
FLOC;NO;SI;SI;;;;NO;NYSE
FLOT;NO;SI;SI;;;;NO;BATS
FLRN;NO;SI;SI;;;;NO;ARCA
FLS;NO;SI;SI;;;;NO;NYSE
FLTR;NO;SI;SI;;;;NO;ARCA
FLUT;NO;SI;SI;;;;NO;NYSE
FLWS;NO;SI;SI;;;;NO;NASDAQ
FLXR;NO;SI;SI;;;;NO;NYSE
FLXS;NO;SI;SI;;;;SI;NASDAQ
FLY;NO;SI;SI;;;;NO;NASDAQ
FLYW;NO;SI;SI;;;;NO;NASDAQ
FMAO;NO;SI;SI;;;;NO;NASDAQ
FMAR;NO;SI;SI;;;;NO;BATS
FMBH;NO;SI;SI;;;;NO;NASDAQ
FMC;NO;SI;SI;;;;NO;NYSE
FMNB;NO;SI;SI;;;;NO;NASDAQ
FMST;NO;SI;SI;;;;SI;NASDAQ
FMUN;NO;SI;SI;;;;NO;NASDAQ
FMX;NO;SI;SI;;;;NO;NYSE
FN;NO;SI;SI;;;;NO;NYSE
FNB;NO;SI;SI;;;;NO;NYSE
FNCL;NO;SI;SI;;;;NO;ARCA
FND;NO;SI;SI;;;;NO;NYSE
FNDA;NO;SI;SI;;;;NO;ARCA
FNDC;NO;SI;SI;;;;NO;ARCA
FNDE;NO;SI;SI;;;;NO;ARCA
FNDF;NO;SI;SI;;;;NO;ARCA
FNDX;NO;SI;SI;;;;NO;ARCA
FNF;NO;SI;SI;;;;NO;NYSE
FNKO;NO;SI;SI;;;;NO;NASDAQ
FNLC;NO;SI;SI;;;;NO;NASDAQ
FNOV;NO;SI;SI;;;;NO;BATS
FNRN;NO;SI;SI;;;;SI;NASDAQ
FNV;NO;SI;SI;;;;NO;NYSE
FNY;NO;SI;SI;;;;NO;NASDAQ
FOA;NO;SI;SI;;;;SI;NYSE
FOCL;NO;SI;SI;;;;SI;NASDAQ
FOCT;NO;SI;SI;;;;NO;BATS
FOR;NO;SI;SI;;;;NO;NYSE
FORM;NO;SI;SI;;;;NO;NASDAQ
FORR;NO;SI;SI;;;;SI;NASDAQ
FOSL;NO;SI;SI;;;;NO;NASDAQ
FOUR;NO;SI;SI;;;;NO;NYSE
FOX;NO;SI;SI;;;;NO;NASDAQ
FOXA;NO;SI;SI;;;;NO;NASDAQ
FOXF;NO;SI;SI;;;;NO;NASDAQ
FOXY;NO;SI;SI;;;;NO;ARCA
FPF;NO;SI;SI;;;;NO;NYSE
FPH;NO;SI;SI;;;;NO;NYSE
FPI;NO;SI;SI;;;;NO;NYSE
FPS;NO;SI;SI;;;;NO;NYSE
FPX;NO;SI;SI;;;;NO;ARCA
FQAL;NO;SI;SI;;;;NO;ARCA
FR;NO;SI;SI;;;;NO;NYSE
FRA;NO;SI;SI;;;;NO;NYSE
FRAF;NO;SI;SI;;;;SI;NASDAQ
FRBA;NO;SI;SI;;;;NO;NASDAQ
FRD;NO;SI;SI;;;;SI;NASDAQ
FRDM;NO;SI;SI;;;;NO;BATS
FREL;NO;SI;SI;;;;NO;ARCA
FRME;NO;SI;SI;;;;NO;NASDAQ
FRMI;NO;SI;SI;;;;NO;NASDAQ
FRPH;NO;SI;SI;;;;NO;NASDAQ
FRPT;NO;SI;SI;;;;NO;NASDAQ
FRSH;NO;SI;SI;;;;NO;NASDAQ
FRST;NO;SI;SI;;;;NO;NASDAQ
FRT;NO;SI;SI;;;;NO;NYSE
FRVO;NO;SI;SI;;;;NO;NASDAQ
FSBW;NO;SI;SI;;;;NO;NASDAQ
FSCO;NO;SI;SI;;;;NO;NYSE
FSEC;NO;SI;SI;;;;NO;ARCA
FSI;NO;SI;SI;;;;SI;AMEX
FSK;NO;SI;SI;;;;NO;NYSE
FSLR;NO;SI;SI;;;;NO;NASDAQ
FSLY;NO;SI;SI;;;;NO;NASDAQ
FSM;NO;SI;SI;;;;NO;NYSE
FSS;NO;SI;SI;;;;NO;NYSE
FSSL;NO;SI;SI;;;;NO;NYSE
FSTA;NO;SI;SI;;;;NO;ARCA
FSTR;NO;SI;SI;;;;SI;NASDAQ
FSUGY;NO;SI;SI;;;;NO;OTC
FSUN;NO;SI;SI;;;;NO;NASDAQ
FSV;NO;SI;SI;;;;SI;NASDAQ
FTAI;NO;SI;SI;;;;NO;NASDAQ
FTCI;NO;SI;SI;;;;SI;NASDAQ
FTCS;NO;SI;SI;;;;NO;NASDAQ
FTDR;NO;SI;SI;;;;NO;NASDAQ
FTEC;NO;SI;SI;;;;NO;ARCA
FTGC;NO;SI;SI;;;;NO;NASDAQ
FTHY;NO;SI;SI;;;;NO;NYSE
FTI;NO;SI;SI;;;;NO;NYSE
FTK;NO;SI;SI;;;;SI;NYSE
FTKI;NO;SI;SI;;;;NO;ARCA
FTLF;NO;SI;SI;;;;SI;NASDAQ
FTLS;NO;SI;SI;;;;NO;ARCA
FTNT;NO;SI;SI;;;;NO;NASDAQ
FTNY;NO;SI;SI;;;;NO;ARCA
FTRE;NO;SI;SI;;;;NO;NASDAQ
FTS;NO;SI;SI;;;;NO;NYSE
FTV;NO;SI;SI;;;;NO;NYSE
FTWO;NO;SI;SI;;;;NO;NYSE
FTXL;NO;SI;SI;;;;NO;NASDAQ
FTXN;NO;SI;SI;;;;NO;NASDAQ
FTXR;NO;SI;SI;;;;NO;NASDAQ
FUL;NO;SI;SI;;;;NO;NYSE
FULC;NO;SI;SI;;;;NO;NASDAQ
FULT;NO;SI;SI;;;;NO;NASDAQ
FUMB;NO;SI;SI;;;;NO;ARCA
FUN;NO;SI;SI;;;;NO;NYSE
FUNC;NO;SI;SI;;;;SI;NASDAQ
FUND;NO;SI;SI;;;;NO;NASDAQ
FUTU;NO;SI;SI;;;;NO;NASDAQ
FUTY;NO;SI;SI;;;;NO;ARCA
FV;NO;SI;SI;;;;NO;NASDAQ
FVAL;NO;SI;SI;;;;NO;ARCA
FVCB;NO;SI;SI;;;;SI;NASDAQ
FVR;NO;SI;SI;;;;NO;NYSE
FVRR;NO;SI;SI;;;;NO;NYSE
FWDI;NO;SI;SI;;;;NO;NASDAQ
FWONA;NO;SI;SI;;;;NO;NASDAQ
FWONK;NO;SI;SI;;;;NO;NASDAQ
FWRD;NO;SI;SI;;;;NO;NASDAQ
FWRG;NO;SI;SI;;;;NO;NASDAQ
FXA;NO;SI;SI;;;;NO;ARCA
FXF;NO;SI;SI;;;;NO;ARCA
FXI;NO;SI;SI;;;;NO;ARCA
FXNC;NO;SI;SI;;;;SI;NASDAQ
FYLD;NO;SI;SI;;;;NO;BATS
G;NO;SI;SI;;;;NO;NYSE
GAB;NO;SI;SI;;;;NO;NYSE
GABC;NO;SI;SI;;;;NO;NASDAQ
GAIA;NO;SI;SI;;;;SI;NASDAQ
GAIN;NO;SI;SI;;;;SI;NASDAQ
GAINZ;NO;SI;SI;;;;SI;NASDAQ
GANX;NO;SI;SI;;;;SI;NASDAQ
GAP;NO;SI;SI;;;;NO;NYSE
GARP;NO;SI;SI;;;;NO;BATS
GASZ;NO;SI;SI;;;;NO;BATS
GATX;NO;SI;SI;;;;NO;NYSE
GBAB;NO;SI;SI;;;;NO;NYSE
GBCI;NO;SI;SI;;;;NO;NYSE
GBFH;NO;SI;SI;;;;SI;NASDAQ
GBLI;NO;SI;SI;;;;SI;NASDAQ
GBOOY;NO;SI;SI;;;;NO;OTC
GBTC;NO;SI;SI;;;;NO;ARCA
GBTG;NO;SI;SI;;;;NO;NYSE
GBUG;NO;SI;SI;;;;NO;NASDAQ
GBX;NO;SI;SI;;;;NO;NYSE
GCBC;NO;SI;SI;;;;SI;NASDAQ
GCMG;NO;SI;SI;;;;NO;NASDAQ
GCO;NO;SI;SI;;;;NO;NYSE
GCT;NO;SI;SI;;;;NO;NASDAQ
GDDY;NO;SI;SI;;;;NO;NYSE
GD;NO;SI;SI;;;;NO;NYSE
GDE;NO;SI;SI;;;;NO;BATS
GDMN;NO;SI;SI;;;;NO;BATS
GDO;NO;SI;SI;;;;NO;NYSE
GDOT;NO;SI;SI;;;;NO;NYSE
GDRX;NO;SI;SI;;;;NO;NASDAQ
GDS;NO;SI;SI;;;;NO;NASDAQ
GDX;NO;SI;SI;;;;NO;ARCA
GDXJ;NO;SI;SI;;;;NO;ARCA
GDYN;NO;SI;SI;;;;NO;NASDAQ
GE;NO;SI;SI;;;;NO;NYSE
GECC;NO;SI;SI;;;;SI;NASDAQ
GEF;NO;SI;SI;;;;NO;NYSE
GEHC;NO;SI;SI;;;;NO;NASDAQ
GELHY;NO;SI;SI;;;;NO;OTC
GEMI;NO;SI;SI;;;;NO;NASDAQ
GEN;NO;SI;SI;;;;NO;NASDAQ
GENI;NO;SI;SI;;;;NO;NYSE
GENK;NO;SI;SI;;;;SI;NASDAQ
GEO;NO;SI;SI;;;;NO;NYSE
GEOS;NO;SI;SI;;;;SI;NASDAQ
GERN;NO;SI;SI;;;;NO;NASDAQ
GEV;NO;SI;SI;;;;NO;NYSE
GEVO;NO;SI;SI;;;;NO;NASDAQ
GFF;NO;SI;SI;;;;NO;NYSE
GFI;NO;SI;SI;;;;NO;NYSE
GFL;NO;SI;SI;;;;NO;NYSE
GFR;NO;SI;SI;;;;NO;NYSE
GFS;NO;SI;SI;;;;NO;NASDAQ
GGAL;NO;SI;SI;;;;NO;NASDAQ
GGB;NO;SI;SI;;;;NO;NYSE
GGG;NO;SI;SI;;;;NO;NYSE
GGT;NO;SI;SI;;;;NO;NYSE
GH;NO;SI;SI;;;;NO;NASDAQ
GHC;NO;SI;SI;;;;NO;NYSE
GHM;NO;SI;SI;;;;NO;NYSE
GHRS;NO;SI;SI;;;;NO;NASDAQ
GHY;NO;SI;SI;;;;NO;NYSE
GHYB;NO;SI;SI;;;;NO;ARCA
GIC;NO;SI;SI;;;;NO;NYSE
GII;NO;SI;SI;;;;NO;ARCA
GIII;NO;SI;SI;;;;NO;NASDAQ
GIL;NO;SI;SI;;;;NO;NYSE
GILD;NO;SI;SI;;;;NO;NASDAQ
GILT;NO;SI;SI;;;;NO;NASDAQ
GIS;NO;SI;SI;;;;NO;NYSE
GJAN;NO;SI;SI;;;;NO;BATS
GJUL;NO;SI;SI;;;;NO;BATS
GKOS;NO;SI;SI;;;;NO;NYSE
GL;NO;SI;SI;;;;NO;NYSE
GLAD;NO;SI;SI;;;;SI;NASDAQ
GLAS;NO;SI;SI;;;;NO;NYSE
GLBE;NO;SI;SI;;;;NO;NASDAQ
GLD;NO;SI;SI;;;;NO;ARCA
GLDB;NO;SI;SI;;;;NO;NASDAQ
GLDM;NO;SI;SI;;;;NO;ARCA
GLDW;NO;SI;SI;;;;NO;BATS
GLIBA;NO;SI;SI;;;;NO;NASDAQ
GLIBK;NO;SI;SI;;;;NO;NASDAQ
GLNCY;NO;SI;SI;;;;NO;OTC
GLNK;NO;SI;SI;;;;NO;ARCA
GLO;NO;SI;SI;;;;NO;AMEX
GLOB;NO;SI;SI;;;;NO;NYSE
GLPI;NO;SI;SI;;;;NO;NASDAQ
GLRE;NO;SI;SI;;;;NO;NASDAQ
GLTR;NO;SI;SI;;;;NO;ARCA
GLUE;NO;SI;SI;;;;NO;NASDAQ
GLV;NO;SI;SI;;;;NO;AMEX
GLW;NO;SI;SI;;;;NO;NYSE
GLXY;NO;SI;SI;;;;NO;NASDAQ
GM;NO;SI;SI;;;;NO;NYSE
GMAB;NO;SI;SI;;;;NO;NASDAQ
GME;NO;SI;SI;;;;NO;NYSE
GMED;NO;SI;SI;;;;NO;NYSE
GMOM;NO;SI;SI;;;;NO;BATS
GMRS;NO;SI;SI;;;;NO;NYSE
GNE;NO;SI;SI;;;;NO;NYSE
GNK;NO;SI;SI;;;;NO;NYSE
GNL;NO;SI;SI;;;;NO;NYSE
GNLX;NO;SI;SI;;;;SI;NASDAQ
GNMA;NO;SI;SI;;;;NO;NASDAQ
GNR;NO;SI;SI;;;;NO;ARCA
GNRC;NO;SI;SI;;;;NO;NYSE
GNSS;NO;SI;SI;;;;SI;NASDAQ
GNTX;NO;SI;SI;;;;NO;NASDAQ
GNW;NO;SI;SI;;;;NO;NYSE
GO;NO;SI;SI;;;;NO;NASDAQ
GOAU;NO;SI;SI;;;;NO;ARCA
GOEX;NO;SI;SI;;;;NO;ARCA
GOF;NO;SI;SI;;;;NO;NYSE
GOGO;NO;SI;SI;;;;NO;NASDAQ
GOLD;NO;SI;SI;;;;NO;NYSE
GOLF;NO;SI;SI;;;;NO;NYSE
GOLY;NO;SI;SI;;;;NO;BATS
GOOD;NO;SI;SI;;;;NO;NASDAQ
GOOG;NO;SI;SI;;;;NO;NASDAQ
GOOGL;NO;SI;SI;;;;NO;NASDAQ
GOOGM;NO;SI;SI;;;;SI;NASDAQ
GOOS;NO;SI;SI;;;;NO;NYSE
GOTU;NO;SI;SI;;;;NO;NYSE
GOVT;NO;SI;SI;;;;NO;BATS
GOVZ;NO;SI;SI;;;;NO;BATS
GPC;NO;SI;SI;;;;NO;NYSE
GPCR;NO;SI;SI;;;;NO;NASDAQ
GPIQ;NO;SI;SI;;;;NO;NASDAQ
GPIX;NO;SI;SI;;;;NO;NASDAQ
GPK;NO;SI;SI;;;;NO;NYSE
GPN;NO;SI;SI;;;;NO;NYSE
GPOR;NO;SI;SI;;;;NO;NYSE
GPRE;NO;SI;SI;;;;NO;NASDAQ
GPRK;NO;SI;SI;;;;NO;NYSE
GRAB;NO;SI;SI;;;;NO;NASDAQ
GRAL;NO;SI;SI;;;;NO;NASDAQ
GRBK;NO;SI;SI;;;;NO;NYSE
GRC;NO;SI;SI;;;;NO;NYSE
GRDN;NO;SI;SI;;;;NO;NYSE
GREK;NO;SI;SI;;;;NO;ARCA
GRFS;NO;SI;SI;;;;NO;NASDAQ
GRID;NO;SI;SI;;;;NO;NASDAQ
GRND;NO;SI;SI;;;;NO;NYSE
GRNJ;NO;SI;SI;;;;NO;ARCA
GRNQ;NO;SI;SI;;;;SI;NASDAQ
GRNT;NO;SI;SI;;;;NO;NYSE
GRNY;NO;SI;SI;;;;NO;ARCA
GROW;NO;SI;SI;;;;SI;NASDAQ
GROY;NO;SI;SI;;;;NO;AMEX
GRPM;NO;SI;SI;;;;NO;ARCA
GRPN;NO;SI;SI;;;;NO;NASDAQ
GRSD;NO;SI;SI;;;;SI;NASDAQ
GRW;NO;SI;SI;;;;NO;NASDAQ
GRWG;NO;SI;SI;;;;NO;NASDAQ
GS;NO;SI;SI;;;;NO;NYSE
GS.PRD;NO;SI;SI;;;;SI;NYSE
GSAT;NO;SI;SI;;;;NO;NASDAQ
GSBC;NO;SI;SI;;;;NO;NASDAQ
GSC;NO;SI;SI;;;;NO;ARCA
GSEU;NO;SI;SI;;;;NO;ARCA
GSEW;NO;SI;SI;;;;NO;BATS
GSG;NO;SI;SI;;;;NO;ARCA
GSGO;NO;SI;SI;;;;NO;NASDAQ
GSHD;NO;SI;SI;;;;NO;NASDAQ
GSIE;NO;SI;SI;;;;NO;ARCA
GSIT;NO;SI;SI;;;;SI;NASDAQ
GSK;NO;SI;SI;;;;NO;NYSE
GSL;NO;SI;SI;;;;SI;NYSE
GSLC;NO;SI;SI;;;;NO;ARCA
GSM;NO;SI;SI;;;;NO;NASDAQ
GSST;NO;SI;SI;;;;NO;BATS
GSWO;NO;SI;SI;;;;NO;BATS
GSY;NO;SI;SI;;;;NO;ARCA
GT;NO;SI;SI;;;;NO;NASDAQ
GTE;NO;SI;SI;;;;SI;AMEX
GTEK;NO;SI;SI;;;;NO;ARCA
GTES;NO;SI;SI;;;;NO;NYSE
GTLB;NO;SI;SI;;;;NO;NASDAQ
GTM;NO;SI;SI;;;;NO;NASDAQ
GTN;NO;SI;SI;;;;NO;NYSE
GTO;NO;SI;SI;;;;NO;ARCA
GTX;NO;SI;SI;;;;NO;NASDAQ
GTY;NO;SI;SI;;;;NO;NYSE
GUNR;NO;SI;SI;;;;NO;ARCA
GVA;NO;SI;SI;;;;NO;NYSE
GVLU;NO;SI;SI;;;;NO;ARCA
GWRS;NO;SI;SI;;;;SI;NASDAQ
GWW;NO;SI;SI;;;;NO;NYSE
GWX;NO;SI;SI;;;;NO;ARCA
GXC;NO;SI;SI;;;;NO;ARCA
GXO;NO;SI;SI;;;;NO;NYSE
GXYYY;NO;SI;SI;;;;NO;OTC
GYRE;NO;SI;SI;;;;NO;NASDAQ
H;NO;SI;SI;;;;NO;NYSE
HACK;NO;SI;SI;;;;NO;ARCA
HAE;NO;SI;SI;;;;NO;NYSE
HAFC;NO;SI;SI;;;;NO;NASDAQ
HAFN;NO;SI;SI;;;;NO;NYSE
HAL;NO;SI;SI;;;;NO;NYSE
HALO;NO;SI;SI;;;;NO;NASDAQ
HAPN;NO;SI;SI;;;;NO;NASDAQ
HASI;NO;SI;SI;;;;NO;NYSE
HAUZ;NO;SI;SI;;;;NO;ARCA
HAWK;NO;SI;SI;;;;NO;NYSE
HAWX;NO;SI;SI;;;;NO;ARCA
HAYW;NO;SI;SI;;;;NO;NYSE
HBAN;NO;SI;SI;;;;NO;NASDAQ
HBB;NO;SI;SI;;;;SI;NYSE
HBCP;NO;SI;SI;;;;NO;NASDAQ
HBIO;NO;SI;SI;;;;SI;NASDAQ
HBM;NO;SI;SI;;;;NO;NYSE
HBMX;NO;SI;SI;;;;NO;BATS
HBNC;NO;SI;SI;;;;NO;NASDAQ
HBT;NO;SI;SI;;;;NO;NASDAQ
HCAT;NO;SI;SI;;;;NO;NASDAQ
HCKT;NO;SI;SI;;;;NO;NASDAQ
HCSG;NO;SI;SI;;;;NO;NASDAQ
HD;NO;SI;SI;;;;NO;NYSE
HDB;NO;SI;SI;;;;NO;NYSE
HDEF;NO;SI;SI;;;;NO;ARCA
HDSN;NO;SI;SI;;;;NO;NASDAQ
HDV;NO;SI;SI;;;;NO;ARCA
HE;NO;SI;SI;;;;NO;NYSE
HEFA;NO;SI;SI;;;;NO;BATS
HEGD;NO;SI;SI;;;;NO;BATS
HEI.A;NO;SI;SI;;;;NO;NYSE
HELE;NO;SI;SI;;;;NO;NASDAQ
HELO;NO;SI;SI;;;;NO;ARCA
HELP;NO;SI;SI;;;;NO;NASDAQ
HEPS;NO;SI;SI;;;;NO;NASDAQ
HEQ;NO;SI;SI;;;;NO;NYSE
HEQT;NO;SI;SI;;;;NO;ARCA
HESAY;NO;SI;SI;;;;NO;OTC
HESM;NO;SI;SI;;;;NO;NYSE
HEWJ;NO;SI;SI;;;;NO;ARCA
HEZU;NO;SI;SI;;;;NO;ARCA
HF;NO;SI;SI;;;;NO;NYSE
HFFG;NO;SI;SI;;;;NO;NASDAQ
HFND;NO;SI;SI;;;;NO;NYSE
HFRO;NO;SI;SI;;;;NO;NYSE
HFWA;NO;SI;SI;;;;NO;NASDAQ
HG;NO;SI;SI;;;;NO;NYSE
HGBL;NO;SI;SI;;;;SI;NASDAQ
HGTY;NO;SI;SI;;;;NO;NYSE
HGV;NO;SI;SI;;;;NO;NYSE
HHH;NO;SI;SI;;;;NO;NYSE
HIFS;NO;SI;SI;;;;NO;NASDAQ
HIG;NO;SI;SI;;;;NO;NYSE
HII;NO;SI;SI;;;;NO;NYSE
HIMS;NO;SI;SI;;;;NO;NYSE
HIMU;NO;SI;SI;;;;NO;BATS
HIMX;NO;SI;SI;;;;NO;NASDAQ
HIPO;NO;SI;SI;;;;NO;NYSE
HIS;NO;SI;SI;;;;NO;NASDAQ
HITI;NO;SI;SI;;;;NO;NASDAQ
HKXCY;NO;SI;SI;;;;NO;OTC
HL;NO;SI;SI;;;;NO;NYSE
HLAL;NO;SI;SI;;;;NO;NASDAQ
HLF;NO;SI;SI;;;;NO;NYSE
HLI;NO;SI;SI;;;;NO;NYSE
HLIO;NO;SI;SI;;;;NO;NYSE
HLIT;NO;SI;SI;;;;NO;NASDAQ
HLLY;NO;SI;SI;;;;NO;NYSE
HLMN;NO;SI;SI;;;;NO;NASDAQ
HLN;NO;SI;SI;;;;NO;NYSE
HLNE;NO;SI;SI;;;;NO;NASDAQ
HLT;NO;SI;SI;;;;NO;NYSE
HLX;NO;SI;SI;;;;NO;NYSE
HMC;NO;SI;SI;;;;NO;NYSE
HMH;NO;SI;SI;;;;SI;NASDAQ
HMN;NO;SI;SI;;;;NO;NYSE
HMY;NO;SI;SI;;;;NO;NYSE
HNI;NO;SI;SI;;;;NO;NYSE
HNRG;NO;SI;SI;;;;NO;NASDAQ
HNST;NO;SI;SI;;;;NO;NASDAQ
HNVR;NO;SI;SI;;;;SI;NASDAQ
HOCPY;NO;SI;SI;;;;NO;OTC
HODL;NO;SI;SI;;;;NO;BATS
HOFT;NO;SI;SI;;;;SI;NASDAQ
HOG;NO;SI;SI;;;;NO;NYSE
HOMB;NO;SI;SI;;;;NO;NYSE
HON;NO;SI;SI;;;;NO;NASDAQ
HONA;NO;SI;SI;;;;NO;NASDAQ
HOOD;NO;SI;SI;;;;NO;NASDAQ
HOOW;NO;SI;SI;;;;NO;BATS
HOOY;NO;SI;SI;;;;NO;ARCA
HOPE;NO;SI;SI;;;;NO;NASDAQ
HOV;NO;SI;SI;;;;NO;NYSE
HP;NO;SI;SI;;;;NO;NYSE
HPE;NO;SI;SI;;;;NO;NYSE
HPE.PRC;NO;SI;SI;;;;SI;NYSE
HPF;NO;SI;SI;;;;NO;NYSE
HPK;NO;SI;SI;;;;NO;NASDAQ
HPP;NO;SI;SI;;;;NO;NYSE
HQI;NO;SI;SI;;;;SI;NASDAQ
HQY;NO;SI;SI;;;;NO;NASDAQ
HR;NO;SI;SI;;;;NO;NYSE
HRB;NO;SI;SI;;;;NO;NYSE
HRI;NO;SI;SI;;;;NO;NYSE
HRL;NO;SI;SI;;;;NO;NYSE
HRMY;NO;SI;SI;;;;NO;NASDAQ
HROW;NO;SI;SI;;;;NO;NASDAQ
HRTG;NO;SI;SI;;;;NO;NYSE
HSAI;NO;SI;SI;;;;NO;NASDAQ
HSIC;NO;SI;SI;;;;NO;NASDAQ
HSLV;NO;SI;SI;;;;NO;AMEX
HSQVY;NO;SI;SI;;;;NO;OTC
HST;NO;SI;SI;;;;NO;NASDAQ
HSTM;NO;SI;SI;;;;NO;NASDAQ
HSY;NO;SI;SI;;;;NO;NYSE
HTB;NO;SI;SI;;;;NO;NYSE
HTD;NO;SI;SI;;;;NO;NYSE
HTFL;NO;SI;SI;;;;NO;NASDAQ
HTGC;NO;SI;SI;;;;NO;NYSE
HTH;NO;SI;SI;;;;NO;NYSE
HTHIY;NO;SI;SI;;;;NO;OTC
HTHT;NO;SI;SI;;;;NO;NASDAQ
HTLD;NO;SI;SI;;;;NO;NASDAQ
HTO;NO;SI;SI;;;;NO;NASDAQ
HTT;NO;SI;SI;;;;NO;NYSE
HUBG;NO;SI;SI;;;;NO;NASDAQ
HUM;NO;SI;SI;;;;NO;NYSE
HUMN;NO;SI;SI;;;;NO;BATS
HUN;NO;SI;SI;;;;NO;NYSE
HURC;NO;SI;SI;;;;SI;NASDAQ
HURN;NO;SI;SI;;;;NO;NASDAQ
HUT;NO;SI;SI;;;;NO;NASDAQ
HUYA;NO;SI;SI;;;;NO;NYSE
HVT;NO;SI;SI;;;;NO;NYSE
HWBK;NO;SI;SI;;;;SI;NASDAQ
HWC;NO;SI;SI;;;;NO;NASDAQ
HWKN;NO;SI;SI;;;;NO;NASDAQ
HWM;NO;SI;SI;;;;NO;NYSE
HXL;NO;SI;SI;;;;NO;NYSE
HY;NO;SI;SI;;;;NO;NYSE
HYBB;NO;SI;SI;;;;NO;ARCA
HYBL;NO;SI;SI;;;;NO;BATS
HYDB;NO;SI;SI;;;;NO;BATS
HYEM;NO;SI;SI;;;;NO;ARCA
HYFT;NO;SI;SI;;;;SI;NASDAQ
HYG;NO;SI;SI;;;;NO;ARCA
HYGV;NO;SI;SI;;;;NO;ARCA
HYLB;NO;SI;SI;;;;NO;ARCA
HYLN;NO;SI;SI;;;;NO;AMEX
HYMC;NO;SI;SI;;;;NO;NASDAQ
HYNE;NO;SI;SI;;;;SI;NASDAQ
HYPD;NO;SI;SI;;;;SI;NASDAQ
HYS;NO;SI;SI;;;;NO;ARCA
HYT;NO;SI;SI;;;;NO;NYSE
HZO;NO;SI;SI;;;;NO;NYSE
IACO;NO;SI;SI;;;;SI;NASDAQ
IAE;NO;SI;SI;;;;NO;NYSE
IAF;NO;SI;SI;;;;NO;AMEX
IAG;NO;SI;SI;;;;NO;NYSE
IAGG;NO;SI;SI;;;;NO;BATS
IAI;NO;SI;SI;;;;NO;ARCA
IAPR;NO;SI;SI;;;;NO;ARCA
IART;NO;SI;SI;;;;NO;NASDAQ
IAU;NO;SI;SI;;;;NO;ARCA
IAUI;NO;SI;SI;;;;NO;BATS
IAUM;NO;SI;SI;;;;NO;ARCA
IAUX;NO;SI;SI;;;;NO;AMEX
IBB;NO;SI;SI;;;;NO;NASDAQ
IBCP;NO;SI;SI;;;;NO;NASDAQ
IBDR;NO;SI;SI;;;;NO;ARCA
IBDS;NO;SI;SI;;;;NO;ARCA
IBDT;NO;SI;SI;;;;NO;ARCA
IBDU;NO;SI;SI;;;;NO;ARCA
IBDV;NO;SI;SI;;;;NO;ARCA
IBDW;NO;SI;SI;;;;NO;ARCA
IBDX;NO;SI;SI;;;;NO;ARCA
IBDZ;NO;SI;SI;;;;NO;ARCA
IBEX;NO;SI;SI;;;;SI;NASDAQ
IBGL;NO;SI;SI;;;;NO;NASDAQ
IBHG;NO;SI;SI;;;;NO;BATS
IBIC;NO;SI;SI;;;;NO;ARCA
IBIK;NO;SI;SI;;;;NO;ARCA
IBIL;NO;SI;SI;;;;NO;ARCA
IBIT;NO;SI;SI;;;;NO;NASDAQ
IBKR;NO;SI;SI;;;;NO;NASDAQ
IBM;NO;SI;SI;;;;NO;NYSE
IBMO;NO;SI;SI;;;;NO;BATS
IBN;NO;SI;SI;;;;NO;NYSE
IBND;NO;SI;SI;;;;NO;ARCA
IBOC;NO;SI;SI;;;;NO;NASDAQ
IBP;NO;SI;SI;;;;NO;NYSE
IBRX;NO;SI;SI;;;;NO;NASDAQ
IBTO;NO;SI;SI;;;;NO;NASDAQ
IBX;NO;SI;SI;;;;NO;BATS
ICCC;NO;SI;SI;;;;SI;NASDAQ
ICE;NO;SI;SI;;;;NO;NYSE
ICF;NO;SI;SI;;;;NO;BATS
ICFI;NO;SI;SI;;;;NO;NASDAQ
ICHR;NO;SI;SI;;;;NO;NASDAQ
ICLR;NO;SI;SI;;;;NO;NASDAQ
ICOP;NO;SI;SI;;;;NO;NASDAQ
ICPY;NO;SI;SI;;;;NO;ARCA
ICSH;NO;SI;SI;;;;NO;BATS
ICUI;NO;SI;SI;;;;NO;NASDAQ
ICVT;NO;SI;SI;;;;NO;BATS
IDAI;NO;SI;SI;;;;SI;NASDAQ
IDCBY;NO;SI;SI;;;;NO;OTC
IDCC;NO;SI;SI;;;;NO;NASDAQ
IDEV;NO;SI;SI;;;;NO;ARCA
IDEXY;NO;SI;SI;;;;NO;OTC
IDMO;NO;SI;SI;;;;NO;ARCA
IDN;NO;SI;SI;;;;SI;NASDAQ
IDR;NO;SI;SI;;;;NO;AMEX
IDRV;NO;SI;SI;;;;NO;ARCA
IDV;NO;SI;SI;;;;NO;BATS
IDVO;NO;SI;SI;;;;NO;ARCA
IDXX;NO;SI;SI;;;;NO;NASDAQ
IDYA;NO;SI;SI;;;;NO;NASDAQ
IE;NO;SI;SI;;;;NO;AMEX
IEF;NO;SI;SI;;;;NO;NASDAQ
IEFA;NO;SI;SI;;;;NO;BATS
IEI;NO;SI;SI;;;;NO;NASDAQ
IEMG;NO;SI;SI;;;;NO;ARCA
IEO;NO;SI;SI;;;;NO;BATS
IEP;NO;SI;SI;;;;NO;NASDAQ
IESC;NO;SI;SI;;;;NO;NASDAQ
IETC;NO;SI;SI;;;;NO;BATS
IEV;NO;SI;SI;;;;NO;ARCA
IFF;NO;SI;SI;;;;NO;NYSE
IFN;NO;SI;SI;;;;NO;NYSE
IFRA;NO;SI;SI;;;;NO;BATS
IG;NO;SI;SI;;;;NO;BATS
IGA;NO;SI;SI;;;;NO;NYSE
IGEB;NO;SI;SI;;;;NO;BATS
IGF;NO;SI;SI;;;;NO;NASDAQ
IGIB;NO;SI;SI;;;;NO;NASDAQ
IGIC;NO;SI;SI;;;;SI;NASDAQ
IGLB;NO;SI;SI;;;;NO;ARCA
IGLD;NO;SI;SI;;;;NO;BATS
IGM;NO;SI;SI;;;;NO;ARCA
IGPT;NO;SI;SI;;;;NO;ARCA
IGR;NO;SI;SI;;;;NO;NYSE
IGRO;NO;SI;SI;;;;NO;BATS
IGSB;NO;SI;SI;;;;NO;NASDAQ
IGV;NO;SI;SI;;;;NO;BATS
IHAK;NO;SI;SI;;;;NO;ARCA
IHD;NO;SI;SI;;;;NO;NYSE
IHDG;NO;SI;SI;;;;NO;ARCA
IHG;NO;SI;SI;;;;NO;NYSE
IHI;NO;SI;SI;;;;NO;ARCA
IHRT;NO;SI;SI;;;;NO;NASDAQ
IIF;NO;SI;SI;;;;NO;NYSE
III;NO;SI;SI;;;;SI;NASDAQ
IIIN;NO;SI;SI;;;;NO;NYSE
IIIV;NO;SI;SI;;;;NO;NASDAQ
IIPR;NO;SI;SI;;;;NO;NYSE
IJH;NO;SI;SI;;;;NO;ARCA
IJJ;NO;SI;SI;;;;NO;ARCA
IJK;NO;SI;SI;;;;NO;ARCA
IJR;NO;SI;SI;;;;NO;ARCA
IJS;NO;SI;SI;;;;NO;ARCA
IJT;NO;SI;SI;;;;NO;NASDAQ
IKT;NO;SI;SI;;;;NO;NASDAQ
ILCG;NO;SI;SI;;;;NO;ARCA
ILF;NO;SI;SI;;;;NO;ARCA
ILIT;NO;SI;SI;;;;NO;NASDAQ
ILMN;NO;SI;SI;;;;NO;NASDAQ
ILPT;NO;SI;SI;;;;NO;NASDAQ
IMAX;NO;SI;SI;;;;NO;NYSE
IMCB;NO;SI;SI;;;;NO;ARCA
IMCG;NO;SI;SI;;;;NO;ARCA
IMCR;NO;SI;SI;;;;NO;NASDAQ
IMCV;NO;SI;SI;;;;NO;NASDAQ
IMKTA;NO;SI;SI;;;;NO;NASDAQ
IMMR;NO;SI;SI;;;;NO;NASDAQ
IMMX;NO;SI;SI;;;;NO;NASDAQ
IMNM;NO;SI;SI;;;;NO;NASDAQ
IMO;NO;SI;SI;;;;NO;AMEX
IMOS;NO;SI;SI;;;;SI;NASDAQ
IMPP;NO;SI;SI;;;;SI;NASDAQ
IMTM;NO;SI;SI;;;;NO;ARCA
IMTX;NO;SI;SI;;;;NO;NASDAQ
IMUX;NO;SI;SI;;;;SI;NASDAQ
IMVT;NO;SI;SI;;;;NO;NASDAQ
IMXI;NO;SI;SI;;;;NO;NASDAQ
INBX;NO;SI;SI;;;;NO;NASDAQ
INCY;NO;SI;SI;;;;NO;NASDAQ
INDA;NO;SI;SI;;;;NO;BATS
INDB;NO;SI;SI;;;;NO;NASDAQ
INDI;NO;SI;SI;;;;NO;NASDAQ
INDL;NO;SI;SI;;;;NO;ARCA
INDV;NO;SI;SI;;;;NO;NASDAQ
INDY;NO;SI;SI;;;;NO;NASDAQ
INFL;NO;SI;SI;;;;NO;ARCA
INFO;NO;SI;SI;;;;NO;NYSE
INFU;NO;SI;SI;;;;SI;AMEX
INFY;NO;SI;SI;;;;NO;NYSE
ING;NO;SI;SI;;;;NO;NYSE
INGM;NO;SI;SI;;;;NO;NYSE
INGN;NO;SI;SI;;;;NO;NASDAQ
INGR;NO;SI;SI;;;;NO;NYSE
INIO;NO;SI;SI;;;;NO;NASDAQ
INMB;NO;SI;SI;;;;SI;NASDAQ
INMD;NO;SI;SI;;;;NO;NASDAQ
INN;NO;SI;SI;;;;NO;NYSE
INNV;NO;SI;SI;;;;NO;NASDAQ
INOD;NO;SI;SI;;;;NO;NASDAQ
INR;NO;SI;SI;;;;NO;NYSE
INSE;NO;SI;SI;;;;NO;NASDAQ
INSG;NO;SI;SI;;;;SI;NASDAQ
INSM;NO;SI;SI;;;;NO;NASDAQ
INSP;NO;SI;SI;;;;NO;NYSE
INSW;NO;SI;SI;;;;NO;NYSE
INTA;NO;SI;SI;;;;NO;NASDAQ
INTC;NO;SI;SI;;;;NO;NASDAQ
INTF;NO;SI;SI;;;;NO;ARCA
INTJ;NO;SI;SI;;;;SI;NASDAQ
INTR;NO;SI;SI;;;;NO;NASDAQ
INTT;NO;SI;SI;;;;SI;AMEX
INTU;NO;SI;SI;;;;NO;NASDAQ
INV;NO;SI;SI;;;;NO;NASDAQ
INVA;NO;SI;SI;;;;NO;NASDAQ
INVE;NO;SI;SI;;;;SI;NASDAQ
INVH;NO;SI;SI;;;;NO;NYSE
INVX;NO;SI;SI;;;;NO;NYSE
IONQ;NO;SI;SI;;;;NO;NYSE
IONS;NO;SI;SI;;;;NO;NASDAQ
IOO;NO;SI;SI;;;;NO;ARCA
IOSP;NO;SI;SI;;;;NO;NASDAQ
IOT;NO;SI;SI;;;;NO;NYSE
IOVA;NO;SI;SI;;;;NO;NASDAQ
IP;NO;SI;SI;;;;NO;NYSE
IPAC;NO;SI;SI;;;;NO;ARCA
IPAR;NO;SI;SI;;;;NO;NASDAQ
IPFX;NO;SI;SI;;;;SI;NASDAQ
IPGP;NO;SI;SI;;;;NO;NASDAQ
IPI;NO;SI;SI;;;;NO;NYSE
IPKW;NO;SI;SI;;;;NO;NASDAQ
IPO;NO;SI;SI;;;;NO;ARCA
IPSC;NO;SI;SI;;;;NO;NASDAQ
IPWR;NO;SI;SI;;;;SI;NASDAQ
IPX;NO;SI;SI;;;;SI;NASDAQ
IQ;NO;SI;SI;;;;NO;NASDAQ
IQDF;NO;SI;SI;;;;NO;ARCA
IQDG;NO;SI;SI;;;;NO;BATS
IQLT;NO;SI;SI;;;;NO;ARCA
IQMM;NO;SI;SI;;;;NO;ARCA
IQV;NO;SI;SI;;;;NO;NYSE
IR;NO;SI;SI;;;;NO;NYSE
IRD;NO;SI;SI;;;;NO;NASDAQ
IRDM;NO;SI;SI;;;;NO;NASDAQ
IRM;NO;SI;SI;;;;NO;NYSE
IRMD;NO;SI;SI;;;;NO;NASDAQ
IRON;NO;SI;SI;;;;NO;NASDAQ
IRS;NO;SI;SI;;;;NO;NYSE
IRT;NO;SI;SI;;;;NO;NYSE
IRTC;NO;SI;SI;;;;NO;NASDAQ
IRWD;NO;SI;SI;;;;NO;NASDAQ
ISBA;NO;SI;SI;;;;SI;NASDAQ
ISCF;NO;SI;SI;;;;NO;ARCA
ISCG;NO;SI;SI;;;;NO;ARCA
ISCV;NO;SI;SI;;;;NO;ARCA
ISHG;NO;SI;SI;;;;NO;NASDAQ
ISNPY;NO;SI;SI;;;;NO;OTC
ISOU;NO;SI;SI;;;;NO;AMEX
ISPR;NO;SI;SI;;;;NO;NASDAQ
ISRA;NO;SI;SI;;;;NO;ARCA
ISRG;NO;SI;SI;;;;NO;NASDAQ
ISSC;NO;SI;SI;;;;SI;NASDAQ
ISTB;NO;SI;SI;;;;NO;NASDAQ
ISTR;NO;SI;SI;;;;SI;NASDAQ
IT;NO;SI;SI;;;;NO;NYSE
ITA;NO;SI;SI;;;;NO;BATS
ITB;NO;SI;SI;;;;NO;BATS
ITGR;NO;SI;SI;;;;NO;NYSE
ITIC;NO;SI;SI;;;;NO;NASDAQ
ITM;NO;SI;SI;;;;NO;BATS
ITOCY;NO;SI;SI;;;;NO;OTC
ITOT;NO;SI;SI;;;;NO;ARCA
ITRG;NO;SI;SI;;;;NO;AMEX
ITRI;NO;SI;SI;;;;NO;NASDAQ
ITRN;NO;SI;SI;;;;SI;NASDAQ
ITT;NO;SI;SI;;;;NO;NYSE
ITUB;NO;SI;SI;;;;NO;NYSE
ITW;NO;SI;SI;;;;NO;NYSE
IUSB;NO;SI;SI;;;;NO;NASDAQ
IUSG;NO;SI;SI;;;;NO;NASDAQ
IUSV;NO;SI;SI;;;;NO;NASDAQ
IVA;NO;SI;SI;;;;NO;NASDAQ
IVAL;NO;SI;SI;;;;NO;NASDAQ
IVE;NO;SI;SI;;;;NO;ARCA
IVES;NO;SI;SI;;;;NO;ARCA
IVLU;NO;SI;SI;;;;NO;ARCA
IVOG;NO;SI;SI;;;;NO;ARCA
IVOV;NO;SI;SI;;;;NO;ARCA
IVR;NO;SI;SI;;;;NO;NYSE
IVT;NO;SI;SI;;;;NO;NYSE
IVV;NO;SI;SI;;;;NO;ARCA
IVW;NO;SI;SI;;;;NO;ARCA
IVZ;NO;SI;SI;;;;NO;NYSE
IWB;NO;SI;SI;;;;NO;ARCA
IWD;NO;SI;SI;;;;NO;ARCA
IWF;NO;SI;SI;;;;NO;ARCA
IWM;NO;SI;SI;;;;NO;ARCA
IWMI;NO;SI;SI;;;;NO;BATS
IWMW;NO;SI;SI;;;;NO;BATS
IWN;NO;SI;SI;;;;NO;ARCA
IWO;NO;SI;SI;;;;NO;ARCA
IWP;NO;SI;SI;;;;NO;ARCA
IWR;NO;SI;SI;;;;NO;ARCA
IWV;NO;SI;SI;;;;NO;ARCA
IWX;NO;SI;SI;;;;NO;ARCA
IWY;NO;SI;SI;;;;NO;ARCA
IX;NO;SI;SI;;;;NO;NYSE
IXC;NO;SI;SI;;;;NO;ARCA
IXJ;NO;SI;SI;;;;NO;ARCA
IXN;NO;SI;SI;;;;NO;ARCA
IXP;NO;SI;SI;;;;NO;ARCA
IXUS;NO;SI;SI;;;;NO;NASDAQ
IYF;NO;SI;SI;;;;NO;ARCA
IYG;NO;SI;SI;;;;NO;ARCA
IYJ;NO;SI;SI;;;;NO;BATS
IYR;NO;SI;SI;;;;NO;ARCA
IYRI;NO;SI;SI;;;;NO;BATS
IYY;NO;SI;SI;;;;NO;ARCA
IZEA;NO;SI;SI;;;;SI;NASDAQ
IZRL;NO;SI;SI;;;;NO;BATS
J;NO;SI;SI;;;;NO;NYSE
JAAA;NO;SI;SI;;;;NO;ARCA
JACK;NO;SI;SI;;;;NO;NASDAQ
JAKK;NO;SI;SI;;;;NO;NASDAQ
JAN;NO;SI;SI;;;;NO;NYSE
JANX;NO;SI;SI;;;;NO;NASDAQ
JAZZ;NO;SI;SI;;;;NO;NASDAQ
JBAXY;NO;SI;SI;;;;NO;OTC
JBGS;NO;SI;SI;;;;NO;NYSE
JBHT;NO;SI;SI;;;;NO;NASDAQ
JBI;NO;SI;SI;;;;NO;NYSE
JBIO;NO;SI;SI;;;;NO;NASDAQ
JBLG;NO;SI;SI;;;;NO;BATS
JBS;NO;SI;SI;;;;NO;NYSE
JBSS;NO;SI;SI;;;;NO;NASDAQ
JBTM;NO;SI;SI;;;;NO;NYSE
JCAP;NO;SI;SI;;;;NO;NASDAQ
JCE;NO;SI;SI;;;;NO;NYSE
JCI;NO;SI;SI;;;;NO;NYSE
JCPB;NO;SI;SI;;;;NO;ARCA
JD;NO;SI;SI;;;;NO;NASDAQ
JDVI;NO;SI;SI;;;;NO;ARCA
JEF;NO;SI;SI;;;;NO;NYSE
JELD;NO;SI;SI;;;;NO;NYSE
JEPI;NO;SI;SI;;;;NO;ARCA
JEPQ;NO;SI;SI;;;;NO;NASDAQ
JFIN;NO;SI;SI;;;;SI;NASDAQ
JFR;NO;SI;SI;;;;NO;NYSE
JGLO;NO;SI;SI;;;;NO;NASDAQ
JGRO;NO;SI;SI;;;;NO;ARCA
JHI;NO;SI;SI;;;;NO;NYSE
JHX;NO;SI;SI;;;;NO;NYSE
JILL;NO;SI;SI;;;;SI;NYSE
JIRE;NO;SI;SI;;;;NO;ARCA
JJSF;NO;SI;SI;;;;NO;NASDAQ
JKHY;NO;SI;SI;;;;NO;NASDAQ
JKS;NO;SI;SI;;;;NO;NYSE
JLL;NO;SI;SI;;;;NO;NYSE
JLS;NO;SI;SI;;;;NO;NYSE
JMBS;NO;SI;SI;;;;NO;ARCA
JMEE;NO;SI;SI;;;;NO;ARCA
JMIA;NO;SI;SI;;;;NO;NYSE
JMKE;NO;SI;SI;;;;NO;NYSE
JMSB;NO;SI;SI;;;;NO;NASDAQ
JNJ;NO;SI;SI;;;;NO;NYSE
JNK;NO;SI;SI;;;;NO;ARCA
JNUG;NO;SI;SI;;;;NO;ARCA
JOBY;NO;SI;SI;;;;NO;NYSE
JOE;NO;SI;SI;;;;NO;NYSE
JOUT;NO;SI;SI;;;;NO;NASDAQ
JPC;NO;SI;SI;;;;NO;NYSE
JPEF;NO;SI;SI;;;;NO;NASDAQ
JPIE;NO;SI;SI;;;;NO;ARCA
JPLD;NO;SI;SI;;;;NO;ARCA
JPM;NO;SI;SI;;;;NO;NYSE
JPM.PRC;NO;SI;SI;;;;SI;NYSE
JPM.PRK;NO;SI;SI;;;;SI;NYSE
JPM.PRL;NO;SI;SI;;;;SI;NYSE
JPM.PRM;NO;SI;SI;;;;SI;NYSE
JPST;NO;SI;SI;;;;NO;ARCA
JPXN;NO;SI;SI;;;;NO;ARCA
JQC;NO;SI;SI;;;;NO;NYSE
JQUA;NO;SI;SI;;;;NO;ARCA
JRI;NO;SI;SI;;;;NO;NYSE
JRVR;NO;SI;SI;;;;NO;NASDAQ
JSI;NO;SI;SI;;;;NO;ARCA
JVA;NO;SI;SI;;;;SI;NASDAQ
JVAL;NO;SI;SI;;;;NO;ARCA
JXI;NO;SI;SI;;;;NO;ARCA
JXN;NO;SI;SI;;;;NO;NYSE
JXN.PRA;NO;SI;SI;;;;SI;NYSE
JYNT;NO;SI;SI;;;;SI;NASDAQ
KAI;NO;SI;SI;;;;NO;NYSE
KALU;NO;SI;SI;;;;NO;NASDAQ
KAOOY;NO;SI;SI;;;;NO;OTC
KARO;NO;SI;SI;;;;SI;NASDAQ
KB;NO;SI;SI;;;;NO;NYSE
KBA;NO;SI;SI;;;;NO;ARCA
KBCSY;NO;SI;SI;;;;NO;OTC
KBDC;NO;SI;SI;;;;NO;NYSE
KBE;NO;SI;SI;;;;NO;ARCA
KBWB;NO;SI;SI;;;;NO;NASDAQ
KBWD;NO;SI;SI;;;;NO;NASDAQ
KBWY;NO;SI;SI;;;;NO;NASDAQ
KCDMY;NO;SI;SI;;;;NO;OTC
KD;NO;SI;SI;;;;NO;NYSE
KDP;NO;SI;SI;;;;NO;NASDAQ
KE;NO;SI;SI;;;;NO;NASDAQ
KEEL;NO;SI;SI;;;;NO;NASDAQ
KELYA;NO;SI;SI;;;;NO;NASDAQ
KEN;NO;SI;SI;;;;NO;NYSE
KEP;NO;SI;SI;;;;NO;NYSE
KEQU;NO;SI;SI;;;;SI;NASDAQ
KEX;NO;SI;SI;;;;NO;NYSE
KEY;NO;SI;SI;;;;NO;NYSE
KEYS;NO;SI;SI;;;;NO;NYSE
KF;NO;SI;SI;;;;NO;NYSE
KFFB;NO;SI;SI;;;;SI;NASDAQ
KFRC;NO;SI;SI;;;;NO;NYSE
KFY;NO;SI;SI;;;;NO;NYSE
KG;NO;SI;SI;;;;SI;NASDAQ
KGC;NO;SI;SI;;;;NO;NYSE
KGEI;NO;SI;SI;;;;SI;NASDAQ
KGRN;NO;SI;SI;;;;NO;ARCA
KGS;NO;SI;SI;;;;NO;NYSE
KHC;NO;SI;SI;;;;NO;NASDAQ
KIDS;NO;SI;SI;;;;NO;NASDAQ
KIM;NO;SI;SI;;;;NO;NYSE
KIM.PRL;NO;SI;SI;;;;SI;NYSE
KINS;NO;SI;SI;;;;SI;NASDAQ
KKR;NO;SI;SI;;;;NO;NYSE
KLAC;NO;SI;SI;;;;NO;NASDAQ
KLAR;NO;SI;SI;;;;NO;NYSE
KLC;NO;SI;SI;;;;NO;NYSE
KLIC;NO;SI;SI;;;;NO;NASDAQ
KLRA;NO;SI;SI;;;;NO;NASDAQ
KLRS;NO;SI;SI;;;;SI;NASDAQ
KLTR;NO;SI;SI;;;;NO;NASDAQ
KLXE;NO;SI;SI;;;;SI;NASDAQ
KMB;NO;SI;SI;;;;NO;NASDAQ
KMI;NO;SI;SI;;;;NO;NYSE
KMLI;NO;SI;SI;;;;NO;NASDAQ
KMLM;NO;SI;SI;;;;NO;ARCA
KMPR;NO;SI;SI;;;;NO;NYSE
KMT;NO;SI;SI;;;;NO;NYSE
KMTS;NO;SI;SI;;;;NO;NASDAQ
KNCT;NO;SI;SI;;;;NO;ARCA
KNF;NO;SI;SI;;;;NO;NYSE
KNOP;NO;SI;SI;;;;SI;NYSE
KNSA;NO;SI;SI;;;;NO;NASDAQ
KNSL;NO;SI;SI;;;;NO;NYSE
KNTK;NO;SI;SI;;;;NO;NYSE
KNX;NO;SI;SI;;;;NO;NYSE
KO;NO;SI;SI;;;;NO;NYSE
KOD;NO;SI;SI;;;;NO;NASDAQ
KODK;NO;SI;SI;;;;NO;NYSE
KOF;NO;SI;SI;;;;NO;NYSE
KOID;NO;SI;SI;;;;NO;NASDAQ
KOP;NO;SI;SI;;;;NO;NYSE
KOPN;NO;SI;SI;;;;NO;NASDAQ
KOS;NO;SI;SI;;;;NO;NYSE
KOSS;NO;SI;SI;;;;SI;NASDAQ
KPCPY;NO;SI;SI;;;;NO;OTC
KR;NO;SI;SI;;;;NO;NYSE
KRC;NO;SI;SI;;;;NO;NYSE
KRE;NO;SI;SI;;;;NO;ARCA
KREF;NO;SI;SI;;;;NO;NYSE
KRG;NO;SI;SI;;;;NO;NYSE
KRMD;NO;SI;SI;;;;SI;NASDAQ
KRMN;NO;SI;SI;;;;NO;NYSE
KRNT;NO;SI;SI;;;;SI;NASDAQ
KRO;NO;SI;SI;;;;NO;NYSE
KROS;NO;SI;SI;;;;NO;NASDAQ
KRP;NO;SI;SI;;;;SI;NYSE
KRRO;NO;SI;SI;;;;NO;NASDAQ
KRT;NO;SI;SI;;;;SI;NASDAQ
KRUS;NO;SI;SI;;;;NO;NASDAQ
KRYS;NO;SI;SI;;;;NO;NASDAQ
KSA;NO;SI;SI;;;;NO;ARCA
KSLV;NO;SI;SI;;;;NO;BATS
KSPI;NO;SI;SI;;;;NO;NASDAQ
KSS;NO;SI;SI;;;;NO;NYSE
KT;NO;SI;SI;;;;NO;NYSE
KTB;NO;SI;SI;;;;NO;NYSE
KTCC;NO;SI;SI;;;;SI;NASDAQ
KTF;NO;SI;SI;;;;NO;NYSE
KTOS;NO;SI;SI;;;;NO;NASDAQ
KUBTY;NO;SI;SI;;;;NO;OTC
KURA;NO;SI;SI;;;;NO;NASDAQ
KVHI;NO;SI;SI;;;;SI;NASDAQ
KVYO;NO;SI;SI;;;;NO;NYSE
KWEB;NO;SI;SI;;;;NO;ARCA
KWR;NO;SI;SI;;;;NO;NYSE
KWY;NO;SI;SI;;;;SI;NYSE
KXIAY;NO;SI;SI;;;;NO;OTC
KYIV;NO;SI;SI;;;;NO;NASDAQ
KYMR;NO;SI;SI;;;;NO;NASDAQ
KYN;NO;SI;SI;;;;NO;NYSE
KYNB;NO;SI;SI;;;;SI;NASDAQ
KYTX;NO;SI;SI;;;;NO;NASDAQ
LAC;NO;SI;SI;;;;NO;NYSE
LAD;NO;SI;SI;;;;NO;NYSE
LADR;NO;SI;SI;;;;NO;NYSE
LAKE;NO;SI;SI;;;;SI;NASDAQ
LAMR;NO;SI;SI;;;;NO;NASDAQ
LAND;NO;SI;SI;;;;NO;NASDAQ
LAR;NO;SI;SI;;;;NO;NYSE
LARK;NO;SI;SI;;;;SI;NASDAQ
LASR;NO;SI;SI;;;;NO;NASDAQ
LAUR;NO;SI;SI;;;;NO;NASDAQ
LAW;NO;SI;SI;;;;NO;NYSE
LAZ;NO;SI;SI;;;;NO;NYSE
LB;NO;SI;SI;;;;NO;NYSE
LBRDA;NO;SI;SI;;;;NO;NASDAQ
LBRDK;NO;SI;SI;;;;NO;NASDAQ
LBRT;NO;SI;SI;;;;NO;NYSE
LBRX;NO;SI;SI;;;;NO;NASDAQ
LBTYA;NO;SI;SI;;;;NO;NASDAQ
LBTYK;NO;SI;SI;;;;NO;NASDAQ
LCII;NO;SI;SI;;;;NO;NYSE
LCLN;NO;SI;SI;;;;SI;NYSE
LCNB;NO;SI;SI;;;;SI;NASDAQ
LCTX;NO;SI;SI;;;;NO;AMEX
LCUT;NO;SI;SI;;;;SI;NASDAQ
LDOS;NO;SI;SI;;;;NO;NYSE
LDP;NO;SI;SI;;;;NO;NYSE
LE;NO;SI;SI;;;;SI;NASDAQ
LEA;NO;SI;SI;;;;NO;NYSE
LECO;NO;SI;SI;;;;NO;NASDAQ
LEG;NO;SI;SI;;;;NO;NYSE
LEGH;NO;SI;SI;;;;SI;NASDAQ
LEGN;NO;SI;SI;;;;NO;NASDAQ
LEMB;NO;SI;SI;;;;NO;ARCA
LEN;NO;SI;SI;;;;NO;NYSE
LEN.B;NO;SI;SI;;;;NO;NYSE
LENZ;NO;SI;SI;;;;NO;NASDAQ
LEO;NO;SI;SI;;;;NO;NYSE
LEU;NO;SI;SI;;;;NO;NYSE
LEVI;NO;SI;SI;;;;NO;NYSE
LEXI;NO;SI;SI;;;;NO;NASDAQ
LEXX;NO;SI;SI;;;;SI;NASDAQ
LFCR;NO;SI;SI;;;;SI;NASDAQ
LFMD;NO;SI;SI;;;;SI;NASDAQ
LFST;NO;SI;SI;;;;NO;NASDAQ
LGCY;NO;SI;SI;;;;SI;AMEX
LGH;NO;SI;SI;;;;NO;ARCA
LGHT;NO;SI;SI;;;;NO;BATS
LGI;NO;SI;SI;;;;NO;NYSE
LGIH;NO;SI;SI;;;;NO;NASDAQ
LGL;NO;SI;SI;;;;SI;AMEX
LGN;NO;SI;SI;;;;NO;NASDAQ
LGND;NO;SI;SI;;;;NO;NASDAQ
LH;NO;SI;SI;;;;NO;NYSE
LHX;NO;SI;SI;;;;NO;NYSE
LI;NO;SI;SI;;;;NO;NASDAQ
LIDR;NO;SI;SI;;;;SI;NASDAQ
LIF;NO;SI;SI;;;;NO;NASDAQ
LIFE;NO;SI;SI;;;;SI;NASDAQ
LII;NO;SI;SI;;;;NO;NYSE
LILA;NO;SI;SI;;;;NO;NASDAQ
LILAK;NO;SI;SI;;;;NO;NASDAQ
LILAP;NO;SI;SI;;;;SI;NASDAQ
LIN;NO;SI;SI;;;;NO;NASDAQ
LINC;NO;SI;SI;;;;NO;NASDAQ
LIND;NO;SI;SI;;;;NO;NASDAQ
LINE;NO;SI;SI;;;;NO;NASDAQ
LINK;NO;SI;SI;;;;SI;NASDAQ
LIT;NO;SI;SI;;;;NO;ARCA
LITE;NO;SI;SI;;;;NO;NASDAQ
LITP;NO;SI;SI;;;;NO;NASDAQ
LIVN;NO;SI;SI;;;;NO;NASDAQ
LKFN;NO;SI;SI;;;;NO;NASDAQ
LKFT;NO;SI;SI;;;;NO;NASDAQ
LKNCY;NO;SI;SI;;;;NO;OTC
LKQ;NO;SI;SI;;;;NO;NASDAQ
LLY;NO;SI;SI;;;;NO;NYSE
LLYVA;NO;SI;SI;;;;NO;NASDAQ
LLYVK;NO;SI;SI;;;;NO;NASDAQ
LLYX;NO;SI;SI;;;;NO;ARCA
LMAT;NO;SI;SI;;;;NO;NASDAQ
LMB;NO;SI;SI;;;;NO;NASDAQ
LMBS;NO;SI;SI;;;;NO;NASDAQ
LMND;NO;SI;SI;;;;NO;NYSE
LMNR;NO;SI;SI;;;;NO;NASDAQ
LMRI;NO;SI;SI;;;;NO;NASDAQ
LMT;NO;SI;SI;;;;NO;NYSE
LMUB;NO;SI;SI;;;;NO;ARCA
LNC;NO;SI;SI;;;;NO;NYSE
LNG;NO;SI;SI;;;;NO;NYSE
LNGX;NO;SI;SI;;;;NO;ARCA
