Fecha y hora (NY);Simbolo;Lado;Cantidad;Precio;Importe;Comision;Tasas;Neto;ID de la orden;ID de la ejecucion;Notas
2026-07-22 11:31:09;ESP;Compra;10.0;58.75;587.5;;;;a521797a-5985-4b9f-bf71-22b2c3169ebd;20260722113109858::9ecf4f9c-af21-4c6e-ba6d-93ac8e8b5bf5;
2026-07-22 11:31:35;ESP;Venta;10.0;58.82;588.2;;;;e8aa4231-0795-4143-b5b3-481438df4c31;20260722113135361::319f506a-528a-4fe4-9bc5-be7e8ccf93ed;
2026-07-22 11:35:54;PARK;Compra;10.0;19.53;195.3;;;;8a8c427c-f99c-4276-afd0-ba2df91aa247;20260722113554420::b432e03f-7220-41d5-9ee2-b64d0f8b00a9;
2026-07-22 11:37:08;PARK;Venta;10.0;19.58;195.8;;;;8794e91c-751e-421c-bb50-a0b9192c13fc;20260722113708981::60136ed0-ec9f-44b3-a819-29afa67034ab;
2026-07-22 12:19:12;EXOZ;Compra;10.0;5.03;50.3;;;;fdee69b9-edbd-4a51-bff7-fb8944954c30;20260722121912671::f498cf75-cc36-4153-ac8d-0ba027f11fa5;
2026-07-22 12:19:21;EXOZ;Venta;10.0;5.1;51.0;;;;ce1762ba-9b05-4dc7-bb0d-31a67b9f7421;20260722121921095::9ffd2b2f-3359-4cb1-9082-4498a278bd95;
2026-07-22 12:21:03;UNB;Compra;10.0;25.15;251.5;;;;377ddbde-6886-47db-850d-d24ae57e0b7c;20260722122103924::0fd90f48-3e27-4d32-a5a7-cae279e77032;
2026-07-22 12:21:11;UNB;Venta;10.0;25.28;252.8;;;;481e3882-2955-4045-a09d-36c1bf7b176d;20260722122111140::451be493-2e9e-4dc5-b2c6-8ab26cd5917c;
2026-07-22 12:21:32;ASA;Compra;10.0;52.09;520.9;;;;af0a951a-a299-4191-bdac-ac7fba179463;20260722122132566::4e97e9c5-91ca-4682-9cd2-556eb0a5b3bb;
2026-07-22 12:21:37;ASA;Venta;10.0;52.29;522.9;;;;dcb9ccfd-566b-4d57-bdb5-2b914946331a;20260722122137634::fc31c810-f8d2-48c6-a404-7fc9157fb2ad;
2026-07-22 12:23:16;TTRX;Venta;10.0;9.95;99.5;;;;64a30a46-a94c-4868-9968-23ea017c17da;20260722122316927::c49ed9e1-be95-4982-a18e-b139baf3749e;
2026-07-22 12:23:16;TTRX;Compra;10.0;9.82;98.2;;;;1593636e-1b59-4b52-bb5f-7f632e81dac3;20260722122316136::fffb0972-e485-4593-ac24-6b1686f74cf0;
2026-07-22 15:30:55;AGCC;Compra;10.0;15.07;150.7;;;;f73e16a0-eaae-4996-9be9-9e751756b5f1;20260722153055952::fe484887-894f-47bb-a36f-ba3a83c25c0a;ejecucion parcial
2026-07-22 15:37:07;AGCC;Venta;10.0;15.1;151.0;;;;c28b9b57-9bd1-4015-b9c8-e0083eccb455;20260722153707654::0f7fee37-b1e2-4294-8855-df1d6674e6b4;
2026-07-23 13:35:21;IFS;Compra;40.0;58.89;2355.6;;;;17fd13d6-4c94-4549-beea-126998c5803f;20260723133521236::c6648ee4-de9b-4b13-aa0b-5bebb36d8bf5;
2026-07-23 13:35:26;IFS;Venta;40.0;58.98;2359.2;;;;c566ef93-671b-4378-bea4-7de19404f0af;20260723133526299::d8f93395-aa74-444b-ab4a-96717a682fda;
2026-07-23 13:36:06;LINK;Compra;40.0;4.73;189.2;;;;eac83637-11c5-4a58-9f9b-63d8384ba51b;20260723133606972::ab98a900-f846-4b36-84d6-4af158583523;
2026-07-23 13:36:09;LINK;Venta;40.0;4.76;190.4;;;;4b8c5b40-be00-403b-a0a6-269f0b90caff;20260723133609946::895d285e-0a78-452c-b70d-019cdf677b65;
2026-07-23 13:37:03;COE;Compra;40.0;15.59;623.6;;;;e4a74d3f-68a8-4948-b3a0-d21aef0b12bd;20260723133703959::c44b395f-0c2a-41d6-b9f5-9168f511d8d7;
2026-07-23 13:37:11;COE;Venta;40.0;15.54;621.6;;;;52913694-71ef-4e60-b49e-7a938592a821;20260723133711214::48531cb3-8795-4617-9613-85d0ffd3876e;
2026-07-28 14:59:59;TECX;Compra;30.0;29.59;887.7;;;;b9a50a8e-519e-43db-8748-c546445add28;20260728145959501::98a5ccd3-ff91-4b0f-9ef9-a72bb7126e6d;
2026-07-28 15:00:00;TECX;Venta;6.0;29.59;177.54;;;;fadda77b-8bf5-4f4e-ac7c-f1725759a1ee;20260728150000707::8dae1a58-f312-4b6a-aa3a-68d9d7641841;ejecucion parcial
2026-07-28 15:01:08;TECX;Venta;10.0;29.48;294.8;;;;7ce7346e-bd60-42da-a0cb-5cf9dd2af7d1;20260728150108669::bc338b78-bb88-4aed-a31d-80daf1fffd36;
2026-07-28 15:01:17;TECX;Venta;10.0;29.5;295.0;;;;23512d8c-8c54-4805-82a3-3ca45acb1a47;20260728150117323::f6ed9632-1374-42c4-ba54-1fd80a64ffff;
2026-07-28 15:01:28;TECX;Venta;4.0;29.54;118.16;;;;9ca0f4e8-edbf-4c7b-abf0-1268c281aeee;20260728150128117::55d56843-0738-4bc6-9d64-0d3736048c0e;
2026-07-28 15:01:50;TATT;Compra;30.0;42.23;1266.9;;;;5a9ffe8e-a7d4-4dcb-aacb-11bee4a02864;20260728150150817::f8476945-2e26-4aaa-b6ad-12878707af84;
2026-07-28 15:02:02;TATT;Venta;30.0;42.11;1263.3;;;;b1f90033-75f8-4648-8f2c-1a02203b4304;20260728150202996::0be0bcce-4d80-45f3-a088-8f24ce3ab10f;
2026-07-29 09:45:55;VINP;Compra;50.0;9.67;483.5;;;;9b08c760-4cfb-4514-9010-9f6e851a889e;20260729094555551::e1d4dc54-dee9-4f9b-98e7-928632b7ed74;
2026-07-29 09:46:02;VINP;Venta;50.0;9.6064;480.32;;;;45961a11-7562-4a00-a212-3a11743c01cf;20260729094602883::46d3fb41-19b5-4afa-9db8-30e12a63af9d;
2026-07-29 09:53:59;IBD;Compra;50.0;23.59;1179.5;;;;86441926-1743-4901-811b-94c3727f5288;20260729095359363::c8ced1cf-8203-4543-9e46-bdfca7a577f7;
2026-07-29 09:54:06;IBD;Venta;50.0;23.54;1177.0;;;;2e055b1e-63d0-4bc7-9b2c-b17ff60cf2fc;20260729095406572::c8757f03-5455-4296-a285-3bd6216ef617;
2026-07-29 09:54:40;HHS;Compra;1.0;2.27;2.27;;;;db5c8393-dec4-4c99-bd58-d516cdb25166;20260729095440388::c8b932f2-3d7d-4ddb-8f57-cd034df0a8b3;ejecucion parcial
2026-07-29 09:54:47;HHS;Venta;1.0;2.25;2.25;;;;decd6b9e-1ef1-4c47-8cb0-96123ab218b6;20260729095447813::7c984719-1b09-4c0a-a009-3806ba861af9;
2026-07-29 09:55:43;GBFH;Compra;50.0;30.57;1528.5;;;;bf163e81-fd24-49cf-9c5f-9a6a0b1ab1a4;20260729095543226::cb375248-526b-4999-aee4-3bfb0a7a954e;
2026-07-29 09:56:09;GBFH;Venta;10.0;30.8;308.0;;;;bc90c0d9-a60b-454b-8baf-2701f1dc3b71;20260729095609280::4c926e1f-80a3-4379-b23b-6e4673f4a6d9;
2026-07-29 09:56:11;GBFH;Venta;10.0;30.85;308.5;;;;2c21436d-045b-4bad-977d-16190916dd4d;20260729095611680::50409c67-7f22-43b6-ac8e-968947a29457;
2026-07-29 09:56:12;GBFH;Venta;10.0;30.9;309.0;;;;9a49c1de-9904-4499-bd44-aedec9645667;20260729095612955::ef1b9968-e2c0-4e80-83b5-df0323dacd98;
2026-07-29 09:56:15;GBFH;Venta;10.0;30.95;309.5;;;;dfba211b-efb0-45c2-af6f-687a6542ef66;20260729095615815::d6362ea0-8d69-41ef-a0cc-916c6d92da3f;
2026-07-29 09:56:30;GBFH;Venta;10.0;31.05;310.5;;;;88aa13e2-98ec-4be9-aae4-543a7f0269c4;20260729095630456::7f7a23e6-234f-41b0-bbfa-3373827b60e6;
2026-07-29 10:02:09;BCV;Compra;40.0;23.46;938.4;;;;993ef0c0-ba8d-492b-aed9-04d626552721;20260729100209310::917f5285-8c35-4b52-9b78-c738e992ef76;
2026-07-29 10:03:27;BCV;Venta;10.0;23.46;234.6;;;;a307384a-e1e7-4d84-af20-bc7f0215b8d3;20260729100327561::f8128dde-bc03-4a24-9f3d-cc618307b05a;
2026-07-29 10:03:39;BCV;Venta;10.0;23.4748;234.75;;;;edb65b7c-9e8b-46fa-9567-431f7e492811;20260729100339778::f72053fb-7e5a-400c-9240-2c66f8507472;
2026-07-29 10:03:54;BCV;Venta;5.0;23.6;118.0;;;;21f4877c-b371-4899-94fb-0603e4bc4f4e;20260729100354686::5449661a-f12e-4304-a85c-6490c927cb8e;
2026-07-29 10:03:56;BCV;Venta;5.0;23.6;118.0;;;;2cc4d7c8-50ea-4230-bcb6-cc1d7dc8d2d9;20260729100356182::ac5ad519-a009-4aaa-bde8-b473ed271b97;
2026-07-29 10:03:59;BCV;Venta;5.0;23.4749;117.37;;;;e0b4d72e-fd7e-44e4-b14a-af80918ce12c;20260729100359039::2cd6b5ec-304c-4cb1-862b-6f3d69328e2d;
2026-07-29 10:04:00;BCV;Venta;5.0;23.4749;117.37;;;;159a6973-ecc2-4b64-95ce-40aea1046114;20260729100400321::c883d9f5-677a-4eb3-94f6-b3bed1621946;
2026-07-29 10:04:33;ASMB;Compra;1.0;25.52;25.52;;;;ae05f6ca-18e3-4c4a-99d0-94a6ac713319;20260729100433496::12861023-e97b-42d5-b879-159690d8a8e4;ejecucion parcial
2026-07-29 10:05:26;ASMB;Venta;1.0;25.44;25.44;;;;60b8d422-120b-4e42-a4e5-4c391952a5d7;20260729100526425::e1f12af3-d618-4f3d-87bb-de8fc0aca50f;
2026-07-29 10:10:46;BPRN;Compra;36.0;41.76;1503.36;;;;8dc9d8c7-164d-4cef-81ac-78de76b9fea2;20260729101046373::619110ab-0408-4608-be59-ed0a274655ed;ejecucion parcial
2026-07-29 10:14:29;BPRN;Venta;10.0;41.4;414.0;;;;63f6deac-fbc2-44cd-a041-a2c89eca47c9;20260729101429393::1b0cc4a5-77c8-4bdd-ae7c-d1060bdb855c;
2026-07-29 10:14:31;BPRN;Venta;10.0;41.45;414.5;;;;13fe4040-8979-4ecc-bea8-b8a12c9263c5;20260729101431268::5f61e877-0b90-4bb3-b979-43b0d7142a04;
2026-07-29 10:14:33;BPRN;Venta;10.0;41.5;415.0;;;;733760eb-4088-4ceb-8949-e8144b633ce3;20260729101433940::98502d62-8238-478e-b198-fcd4aaafef9b;
2026-07-29 10:15:25;BPRN;Venta;6.0;41.38;248.28;;;;1df4b6d8-955b-482b-8f2e-c0295a59b8c1;20260729101525561::6cf34f74-64cb-44d1-8b33-28f1b884c6e5;
2026-07-29 10:18:20;IWC;Compra;40.0;187.15;7486.0;;;;fa1efe19-de2e-4029-8e3b-5a253684b7f1;20260729101820016::8668d920-38ca-4c16-8ca7-b1deb33a1d71;
2026-07-29 10:18:53;IWC;Venta;10.0;187.25;1872.5;;;;be1e1d09-50e4-40fa-b6f5-f0bdaddb4308;20260729101853798::f5695e95-6f3f-4f67-a016-0a06ccd2d746;
2026-07-29 10:18:55;IWC;Venta;10.0;187.3;1873.0;;;;e4ce9fd3-4bfa-47a7-b7c8-8462e2a72f98;20260729101855767::927d15b2-3811-4880-9f2e-2e82343d3689;
2026-07-29 10:19:06;IWC;Venta;5.0;187.3;936.5;;;;445d6b92-9c69-4ebf-b025-722167bef6db;20260729101906975::a0d55980-f8ef-4e5d-83fb-35d7c5395757;
2026-07-29 10:19:17;IWC;Venta;5.0;187.2;936.0;;;;5e0b58ee-0ca4-490c-86e5-85b7356c9246;20260729101917645::a77bf371-2c40-4827-a18d-625b751837a4;
2026-07-29 10:19:32;IWC;Venta;3.0;187.4551;562.37;;;;edcb0b36-fbd9-4880-a256-c13e85b80ac1;20260729101932173::11e16ef3-187f-4dca-a126-86e01f2e34af;
2026-07-29 10:19:33;IWC;Venta;3.0;187.4501;562.35;;;;43cdc34c-a95e-4df9-b331-0ffc94da802b;20260729101933348::3b269b6d-dc03-47eb-aecd-bcd8736ee11f;
2026-07-29 10:19:40;IWC;Venta;4.0;187.3114;749.25;;;;64742b49-378d-4908-9c05-a6562160d4a8;20260729101940137::f9331e5c-87aa-4ae0-9c9c-b0478d3a25ae;
2026-07-29 10:20:11;LLYVA;Compra;40.0;98.84;3953.6;;;;dabd9920-501f-4cf3-9732-e00a13d20efe;20260729102011568::18dcdffe-c90b-4456-9e1c-b4f7188c2ce8;
2026-07-29 10:20:33;LLYVA;Venta;5.0;98.7884;493.94;;;;12bbd1a9-5809-4aa8-9c81-0bccb62db34a;20260729102033368::6fa7faf8-0dfc-4777-ad27-6cec42e2a2f0;
2026-07-29 10:20:36;LLYVA;Venta;5.0;98.9;494.5;;;;6f65f7c3-a09b-4a21-b5d4-0b01cf365f81;20260729102036702::d33080bf-cb5f-4568-9038-82381a41e9a8;
2026-07-29 10:20:38;LLYVA;Venta;5.0;98.95;494.75;;;;1695362a-c92a-4c85-bb80-ebae6eafe2ba;20260729102038394::2049eb96-70ae-46b8-a2d4-4d99f8c8f088;
2026-07-29 10:20:39;LLYVA;Venta;5.0;98.95;494.75;;;;47b83388-c89c-4cfd-8cc0-bb95762ec8a1;20260729102039265::7fdd6a30-1b9f-43a1-8bb9-0541ea1909fc;
2026-07-29 10:20:42;LLYVA;Venta;10.0;99.0;990.0;;;;6335e338-f4e7-43fb-af34-e1d4759e626b;20260729102042396::e0dd57d2-273d-41bf-9994-3fb04c2ed334;
2026-07-29 10:21:03;LLYVA;Venta;5.0;98.7;493.5;;;;1bd6cd97-d388-4d30-9bb6-64e8db5a13f6;20260729102103244::cccd0848-2c81-47d5-b355-77bbd19f77ab;
2026-07-29 10:21:04;LLYVA;Venta;5.0;98.75;493.75;;;;6daf6e14-a79d-4597-bc88-5c3b025d782d;20260729102104548::e9bdd43b-a950-459e-b13f-078aa6f1b105;
2026-07-29 10:21:54;PEBK;Compra;18.0;43.16;776.88;;;;92e8b233-fb41-4817-8106-56afd5c45346;20260729102154237::41b13376-b5fb-4ebe-b214-921eaac2dbc0;
2026-07-29 10:21:54;PEBK;Compra;22.0;43.16;949.52;;;;92e8b233-fb41-4817-8106-56afd5c45346;20260729102154236::a0ca5267-f6c1-4671-81df-dfb671197c50;ejecucion parcial
2026-07-29 10:22:45;PEBK;Venta;5.0;43.2;216.0;;;;1d0dcb8b-d4f6-439a-a7f5-a9f3ef4dadd8;20260729102245257::3e8c9eed-b94b-44bd-a046-c7fcaf187a19;
2026-07-29 10:22:46;PEBK;Venta;5.0;43.2;216.0;;;;446ed39a-c56d-48d7-9f8c-8f5bf9632d07;20260729102246098::db47cec4-10e4-440e-8f2e-107135c9ed6f;
2026-07-29 10:22:57;PEBK;Venta;5.0;43.16;215.8;;;;e9c3732a-b7e3-438b-a608-6f9d4e53d619;20260729102257442::bd18db0c-1426-404f-af94-680f673b4a59;
2026-07-29 10:22:58;PEBK;Venta;5.0;43.16;215.8;;;;3c21ac10-0743-4426-96b7-21851cb2aceb;20260729102258990::3fc50554-881c-4e50-877a-ae07cd691f6b;
2026-07-29 10:22:58;PEBK;Venta;5.0;43.16;215.8;;;;861bfb2e-13b9-4223-88ed-aba66cbdbeb6;20260729102258291::22ab2ae4-957a-41de-b469-61ca163dfd99;
2026-07-29 10:23:09;PEBK;Venta;5.0;43.18;215.9;;;;2a569857-3ab3-408d-96d8-e5a9032ec35e;20260729102309657::aeca9fb7-e986-4632-9c0b-fdbf5a0c0e4e;
2026-07-29 10:23:13;PEBK;Venta;10.0;43.2;432.0;;;;3e23adfc-a901-449a-9908-4a85196a1a99;20260729102313547::acfcd7bc-9aa5-41c0-85d5-3a148b7cb3fa;
2026-07-29 10:24:15;SPYQ;Compra;40.0;179.97;7198.8;;;;96516bd6-08e7-4bb1-ad95-966d0a7eabe1;20260729102415986::8fbe844e-8acf-42bd-af68-763a9d253ae8;
2026-07-29 10:25:20;SPYQ;Venta;5.0;179.8;899.0;;;;83ad9493-dab7-4296-b698-b83679eb1ca2;20260729102520196::aa00b106-cd6c-4c27-9dae-b6226aa8222f;
2026-07-29 10:25:23;SPYQ;Venta;5.0;179.93;899.65;;;;5a0026b2-d4cd-4794-842e-c55b2775533f;20260729102523220::8cf2ace4-7582-4639-b061-a1c67955609c;
2026-07-29 10:25:32;SPYQ;Venta;5.0;179.8072;899.04;;;;8ea927c3-64f7-47e6-8409-104d2c1dc6ba;20260729102532369::5679b6ff-b2ca-403d-b0a3-5eec3323f0b6;
2026-07-29 10:25:34;SPYQ;Venta;5.0;179.97;899.85;;;;8ec8aa0c-e2b4-4cda-8e8c-9601516f9e56;20260729102534787::df0c9bc8-3822-4ced-9d27-33b006f1e1c4;
2026-07-29 10:25:45;SPYQ;Venta;10.0;179.9;1799.0;;;;db05a30f-53d5-4910-b6a0-e5687e07e514;20260729102545979::d5926e5a-2d6b-4a10-850e-6490682837e5;
2026-07-29 10:26:25;SPYQ;Venta;5.0;179.4;897.0;;;;4ed6bfb4-40b5-4343-a0cc-eab3a90569be;20260729102625672::7cb32890-a2c6-4b4d-a1a4-676ad1100c1a;
2026-07-29 10:26:34;SPYQ;Venta;5.0;179.4;897.0;;;;efcf8894-5a8e-4e08-8d3b-7d0b8666394e;20260729102634422::98f688aa-6166-4012-a0db-661608e68d96;
2026-07-29 10:33:48;AXIL;Compra;30.0;5.98;179.4;;;;12269cb8-d586-4e53-859e-4c235038789c;20260729103348183::0e657193-9990-4c49-9d44-99751bea457d;
2026-07-29 10:34:36;AXIL;Venta;10.0;6.08;60.8;;;;3c16ff91-6920-492f-accc-b23e04daa791;20260729103436193::728bf63b-11a4-4762-9134-32bdd3eca5d0;
2026-07-29 10:34:45;AXIL;Venta;10.0;6.04;60.4;;;;ef816982-4106-4033-aea2-49e908ffd6d8;20260729103445799::68e4f71a-2501-4fb6-a507-c4016638c01e;
2026-07-29 10:35:12;AXIL;Venta;5.0;6.02;30.1;;;;5339e864-15fc-46b0-869c-ad6bd1dd9097;20260729103512798::6f24c6c5-a576-44a6-b61a-05dde6fa22d9;
2026-07-29 10:35:17;AXIL;Venta;5.0;6.04;30.2;;;;3590c290-2208-4961-b002-e45caf3a9794;20260729103517236::b23dc878-e6a1-4389-a732-b69a499c1e6d;
2026-07-29 10:37:32;ELTK;Compra;30.0;8.54;256.2;;;;12f55e23-6d74-41e1-977f-6a95ac0e0807;20260729103732349::d1b15730-3c9c-439d-b85d-32d1502a68b9;
2026-07-29 10:38:35;ELTK;Venta;5.0;8.4;42.0;;;;e6108bf6-f0cc-421d-9893-547647dfe470;20260729103835001::7c90342d-9a5d-4c8d-9c15-fd54eacc7b8e;
2026-07-29 10:38:40;ELTK;Venta;4.0;8.6372;34.55;;;;261d15d1-78eb-42c7-994f-aa1df7638043;20260729103840158::25afc5da-e533-4785-8b61-0dd9526d1d2b;
2026-07-29 10:38:45;ELTK;Venta;10.0;8.7;87.0;;;;7ceb306b-08e6-4831-84c3-5e84a77de28a;20260729103845718::be090d65-22ef-43df-86cd-f2a4ab89daa1;
2026-07-29 10:39:28;ELTK;Venta;3.0;8.4;25.2;;;;aee862ba-9fce-49a2-8e8d-58e2e2b747c8;20260729103928017::7d939589-f996-49ec-a940-c876ca79e658;
2026-07-29 10:39:29;ELTK;Venta;3.0;8.4;25.2;;;;8d227dbb-82a0-4b5c-9365-e11c6722209f;20260729103929107::d621f585-cbaf-408f-a408-389fc202eb7b;
2026-07-29 10:39:33;ELTK;Venta;3.0;8.4769;25.43;;;;91071df3-cbfc-4bf7-9915-2e1b28c8c92a;20260729103933318::e2bfdea2-6985-46a5-8fb8-ee8812f644c2;
2026-07-29 10:39:51;ELTK;Venta;2.0;8.6352;17.27;;;;87a2f8f4-7f44-4fe3-8939-a122e2711860;20260729103951784::8a7be116-662a-4066-a633-d35af319b46f;
2026-07-29 10:45:22;TWFG;Compra;30.0;27.9;837.0;;;;7cf80dc7-dff6-4c69-be77-28d03c797108;20260729104522563::0993f4bc-02ac-4009-935c-2d8d4cb55ca7;
2026-07-29 10:47:58;TWFG;Venta;15.0;28.0;420.0;;;;73050079-2092-41f8-9153-8c247127b6b8;20260729104758006::ca6d2126-4337-406a-bf65-ec0000b52fc8;
2026-07-29 10:48:05;TWFG;Venta;10.0;27.96;279.6;;;;5b912faa-b460-4459-ad82-ba1a3e7d082a;20260729104805645::f721632b-6ed9-4fa8-a29d-fa62d20cd926;
2026-07-29 10:48:10;TWFG;Venta;5.0;27.98;139.9;;;;8b729c7d-bcd1-4c36-ae1f-bc8f3db88c61;20260729104810963::cf41bc3a-f79b-4395-8581-7ebcf00244c3;
2026-07-29 12:14:34;VCLN;Compra;40.0;26.06;1042.4;;;;8dfa14c3-f626-4b7c-abc3-eccc23716414;20260729121434597::fc30c4d7-98e9-4bb6-ac44-9a0c236bfd95;
2026-07-29 12:17:29;VCLN;Venta;9.0;26.0;234.0;;;;59c615ea-4d32-46fb-aa6a-32485ea47dd5;20260729121729796::0db575d4-30f5-4fde-8db5-0f2e71a8c3b4;ejecucion parcial
2026-07-29 12:17:29;VCLN;Venta;1.0;26.0;26.0;;;;59c615ea-4d32-46fb-aa6a-32485ea47dd5;20260729121729795::3e7fbb92-34ef-4f24-a65b-bf49a8635ede;
2026-07-29 12:17:31;VCLN;Venta;10.0;26.0;260.0;;;;520b58ea-fc0e-4e7a-94dc-1434d2406a8c;20260729121731484::34c3afa5-f19a-453f-a9da-44b96280df89;
2026-07-29 12:17:39;VCLN;Venta;10.0;26.0;260.0;;;;721277c0-ab2e-4390-85dd-370648347b3e;20260729121739307::8a8b5cb6-e99d-4029-b1ed-bb7f9946b96a;
2026-07-29 12:17:43;VCLN;Venta;10.0;26.0;260.0;;;;70fd6efd-f7d5-41aa-ad91-63b2cd73b03d;20260729121743187::56f47a95-6581-43dc-81f0-a8c23dde8590;
2026-07-29 12:19:16;SFBC;Compra;40.0;44.42;1776.8;;;;b58691f0-8e19-456f-95f1-aa3dde1771b2;20260729121916703::faf4e035-0739-4560-8bbb-e8f325e98f60;
2026-07-29 12:22:49;SFBC;Venta;10.0;44.45;444.5;;;;7a7d8e94-819a-46a9-8cf9-c5b2d214fa8d;20260729122249891::f419ab7b-ecf8-49cc-a2d6-9e67375862a4;
2026-07-29 12:23:17;SFBC;Venta;20.0;44.42;888.4;;;;ad09bc71-e45b-43a3-99f7-320cedec890b;20260729122317231::912653ae-5dfb-43a0-baa6-44b77ba82fbd;
2026-07-29 12:24:37;SFBC;Venta;2.0;44.38;88.76;;;;8973d218-51ef-4328-a8c3-6208bcce405e;20260729122437702::fbd751e0-f0f2-46cc-9e33-ed5cf7973a49;ejecucion parcial
2026-07-29 12:24:53;SFBC;Venta;4.0;44.58;178.32;;;;5c1dfddf-527e-427f-8375-f7f778b43934;20260729122453820::4b8d3168-b389-4573-bf66-028ce939811f;
2026-07-29 12:24:54;SFBC;Venta;4.0;44.36;177.44;;;;eda1c980-2251-4b39-b973-edf47f4593f8;20260729122454945::d7d7f2fe-e0f4-435b-bcf8-73e3af3c29a3;
2026-07-29 12:29:06;KPLT;Compra;25.0;6.57;164.25;;;;d40f0657-1672-4e0a-95d3-1d9b5ba7c557;20260729122906917::03b56ef0-0c78-4e7f-9078-02f005821abb;ejecucion parcial
2026-07-29 12:38:47;KPLT;Venta;3.0;6.54;19.62;;;;91ed780c-3d4e-4855-9359-2f302a7308e0;20260729123847354::5ab7dd24-770c-4c37-9a89-48ea27ae209c;
2026-07-29 12:40:30;KPLT;Venta;7.0;6.5623;45.94;;;;d0243836-96bc-4239-8e9e-e1140a6434d5;20260729124030933::2f45f85b-fc37-47af-84b3-2ad3369ffb39;
2026-07-29 12:40:45;KPLT;Venta;1.0;6.5;6.5;;;;10841e54-88d6-4010-96dd-ad60e069ad92;20260729124045727::7505e10d-9538-44a9-a1a0-2e5d50a395f4;
2026-07-29 12:40:45;KPLT;Venta;5.0;6.5;32.5;;;;10841e54-88d6-4010-96dd-ad60e069ad92;20260729124045727::5fbff8a9-5a7f-4e24-b0e9-0aaa06e14c7e;ejecucion parcial
2026-07-29 12:40:45;KPLT;Venta;4.0;6.54;26.16;;;;10841e54-88d6-4010-96dd-ad60e069ad92;20260729124045723::fcdd5a8e-a236-4907-b557-c0361bae43c2;ejecucion parcial
2026-07-29 12:40:45;KPLT;Venta;1.0;6.54;6.54;;;;10841e54-88d6-4010-96dd-ad60e069ad92;20260729124045723::02f087e5-35fc-4c6a-b65d-91b47f8611c6;ejecucion parcial
2026-07-29 12:40:45;KPLT;Venta;4.0;6.54;26.16;;;;10841e54-88d6-4010-96dd-ad60e069ad92;20260729124045722::7bb00533-c112-41a3-ba1e-4675999a3b52;ejecucion parcial
2026-07-29 14:56:57;QCRH;Compra;40.0;103.93;4157.2;;;;8f7c4dea-bc6b-479f-b104-cbbaf5fe5454;20260729145657519::3e58d3c2-e29f-4073-9e87-aaba93aca2e5;
2026-07-29 14:57:14;QCRH;Venta;7.0;104.105;728.74;;;;635ca4d0-3e9a-4837-93a1-d218acfe2f6a;20260729145714442::f7846025-3201-4905-b689-17dbaf3d738b;ejecucion parcial
2026-07-29 14:57:41;QCRH;Venta;7.0;104.0851;728.6;;;;86d18363-c2b4-468b-a05f-5128e92d7865;20260729145741382::af4519b5-5346-4590-8a6c-40b6005ed499;
2026-07-29 14:57:44;QCRH;Venta;7.0;104.0851;728.6;;;;28fa75fe-c7c3-4c6b-a633-22c766823255;20260729145744285::b642ef13-a6bd-4665-8130-593e0744df73;
2026-07-29 14:57:54;QCRH;Venta;7.0;103.96;727.72;;;;9422ce2a-5365-4980-917e-5f8e176a64ce;20260729145754558::9ca1a246-19de-4d9c-8d3d-6e4e83d22812;
2026-07-29 14:58:10;QCRH;Venta;4.0;104.0851;416.34;;;;84ba8b89-6ec7-4152-a259-9362829e6aad;20260729145810772::8b2864a0-ca0a-4e12-b4db-deb4c0462695;
2026-07-29 14:58:11;QCRH;Venta;4.0;104.0851;416.34;;;;14ae8bb3-b0f4-4a05-b7f7-7c9b01ab8481;20260729145811998::e6f24748-da9a-4d07-b925-73e96ddc4e6c;
2026-07-29 14:58:13;QCRH;Venta;4.0;103.88;415.52;;;;f4f06bf8-8d4d-4d3a-9de4-10fd85647fa0;20260729145813181::dcc64c0e-57ce-45c0-b3a6-d624488896b7;
2026-07-29 14:58:23;PRPO;Compra;40.0;22.7;908.0;;;;aefc4a6b-2708-4918-b3f4-cf6a40505985;20260729145823568::c8a1a075-bb9b-413e-b021-315ba13b45c7;
2026-07-29 14:59:11;PRPO;Venta;5.0;22.7172;113.59;;;;fb06dabf-6931-47a8-ab4d-1e07ee3bb186;20260729145911591::ead3032e-e938-45e6-8638-7f79fd7e77e8;
2026-07-29 14:59:13;PRPO;Venta;5.0;22.7172;113.59;;;;81473218-2b05-42ff-b5b9-f5adc1445539;20260729145913881::c5c00f4e-1012-498d-a473-de2d2725561c;
2026-07-29 14:59:19;PRPO;Venta;3.0;22.7174;68.15;;;;9baf5fe5-90bb-4cbe-8f06-24bf44b8915b;20260729145919440::4ead97b5-6701-4bd5-aa33-5162990dffd1;
2026-07-29 14:59:22;PRPO;Venta;10.0;22.74;227.4;;;;396fb1e0-e922-4356-9c04-7ea22cf3c91e;20260729145922430::a764997d-dfe9-4890-897d-49a70e5b61c5;
2026-07-29 14:59:57;PRPO;Venta;10.0;22.55;225.5;;;;b5a9a457-95e1-4a76-8ca9-138562681453;20260729145957584::e7d9ed33-4e3a-4c9a-bf8e-8e33464b3abe;
2026-07-29 15:00:22;PRPO;Venta;7.0;22.4;156.8;;;;99472b7f-caed-48f3-8e5a-156bc31d2937;20260729150022903::48d110e5-88ba-4d30-8756-499f7c4966d2;
2026-07-29 15:01:33;OPY;Compra;40.0;112.1;4484.0;;;;d4537b0b-ce12-452e-8ec9-00ad30810a67;20260729150133364::6f130bdd-15af-4261-8efa-0dc71947d438;
2026-07-29 15:01:51;OPY;Venta;10.0;112.1256;1121.26;;;;18c43faf-42fe-4085-8dd8-ab5f06f49d1a;20260729150151687::25472d80-7c3b-4a1e-9200-1bababbea0b5;
2026-07-29 15:01:56;OPY;Venta;10.0;112.2779;1122.78;;;;4c8ff988-c942-413f-af44-bfcbf09ca99e;20260729150156800::2703b3c3-ce32-427e-a59c-8a8fd5f7a81e;
2026-07-29 15:02:11;OPY;Venta;20.0;112.35;2247.0;;;;11880018-6649-441d-9843-c479e6bd0f43;20260729150211260::492c8ed2-aa49-4ff9-979f-abc92a5b6de8;
2026-07-29 15:04:08;MCRI;Compra;40.0;123.38;4935.2;;;;c473ea05-c9ad-4750-b07f-d340e3147496;20260729150408027::e3f57111-4b57-42f3-a165-fe27264271aa;
2026-07-29 15:04:43;MCRI;Compra;10.0;123.18;1231.8;;;;3e21f93b-b09f-46a6-9a58-f2b24715f25c;20260729150443230::c12f7682-a48c-4845-baf7-e6a725e2b17a;
2026-07-29 15:04:50;MCRI;Compra;10.0;123.16;1231.6;;;;d3c1c147-4056-4ba3-a5aa-5178f32b25f3;20260729150450257::116c8b34-ef68-4eb6-8373-65a24dc84230;
2026-07-29 15:05:52;MCRI;Venta;5.0;122.926;614.63;;;;48b82ebd-f43f-4e59-bd00-9f0cdc9f18be;20260729150552883::6ff50986-9f23-4cec-a338-f163b7ee5d47;
2026-07-29 15:05:57;MCRI;Venta;5.0;123.1;615.5;;;;a96a77d8-72a6-448a-bc7a-0f4a986d4c39;20260729150557611::7bf8b71c-1a2e-41f8-8da4-24ac06b68506;
2026-07-29 15:06:43;MCRI;Venta;10.0;122.8;1228.0;;;;aabde937-73ba-4be1-a084-8e9c82da5b74;20260729150643665::96a51a14-1d60-485e-8e2e-0a865a6566a8;
2026-07-29 15:06:45;MCRI;Venta;10.0;122.85;1228.5;;;;2473625b-ec94-4e50-ac6b-9ba5e3b0b87a;20260729150645259::8ab935b0-1b91-4615-8704-06fc5fefb58a;
2026-07-29 15:06:46;MCRI;Venta;10.0;122.9;1229.0;;;;ae2b1432-bca3-4d20-98d9-ba25c03cad1f;20260729150646753::e0db6f05-dd87-45f7-90c8-20ac2cdadbf6;
2026-07-29 15:06:58;MCRI;Venta;10.0;122.8;1228.0;;;;9ade7147-8416-4101-b37e-8538ae9ed7ea;20260729150658402::9dd169d6-1d95-495d-a83b-3c97db441e32;
2026-07-29 15:07:00;MCRI;Venta;10.0;122.85;1228.5;;;;6fd47a95-e928-4fbf-8968-cb6a9176607e;20260729150700469::709cd0d0-fbc8-4ad8-8ee4-b607350c1627;
2026-07-29 15:07:12;LMB;Compra;40.0;68.8;2752.0;;;;9dc76c71-ea87-4d0a-92b2-88f8f237c223;20260729150712602::3e3d1abc-3ed5-4159-a3ff-655e3b13dfc3;
2026-07-29 15:07:24;LMB;Venta;10.0;68.95;689.5;;;;cb4f3491-de0c-4028-8429-7874b0f15fab;20260729150724731::877ab961-0a0e-4bc6-a883-6b4a3cc5d767;
2026-07-29 15:07:38;LMB;Venta;10.0;68.96;689.6;;;;acc2f86f-e691-44ec-a329-813ce4edbbb6;20260729150738043::d466a335-9d01-4841-abd3-9dd1a994cddd;
2026-07-29 15:07:39;LMB;Venta;10.0;68.96;689.6;;;;713491ce-7daa-4f3a-b0ef-d93922a678bc;20260729150739534::4411697a-77a4-419a-9c69-e0faa29973ee;
2026-07-29 15:08:06;LMB;Venta;5.0;68.525;342.62;;;;3bcff581-8102-4283-a00a-0517acc7fd68;20260729150806748::e49c2c8c-fd13-403d-93e1-4d10f8740c23;
2026-07-29 15:08:08;LMB;Venta;5.0;68.6;343.0;;;;24bccadc-7724-4ab7-b146-756d1862e5a9;20260729150808578::0b4854dc-2777-47fc-b5f3-e31c85760f14;
2026-07-29 15:08:54;KEN;Compra;40.0;65.27;2610.8;;;;9fc365b1-3574-4450-bcb6-7fd6ec8972dc;20260729150854230::0819c553-f0f8-4f3a-8088-b72070534fe2;
2026-07-29 15:09:12;KEN;Venta;20.0;65.5;1310.0;;;;51434c88-9e06-467b-b4a5-4fd89bc8b132;20260729150912293::6c8f2386-33fb-44e0-b6ad-b06550bbb576;
2026-07-29 15:09:21;KEN;Venta;20.0;65.5;1310.0;;;;1d8e8565-e585-4606-8835-a11c65611a0e;20260729150921772::f78d8e0f-8f60-4612-aa41-171b5f9c7e2b;
2026-07-29 15:10:50;GSBC;Compra;5.0;80.85;404.25;;;;d0065f45-5deb-4fab-a7ca-0cb39844b7cb;20260729151050864::66469c96-14d1-4549-9e0a-b24b8f968efc;ejecucion parcial
2026-07-29 15:11:03;GSBC;Venta;5.0;81.0;405.0;;;;dbd74c94-d5aa-4ccb-87c1-c81b6c5288d3;20260729151103931::561a0639-84a7-43b8-9c0b-40ba24ca6e06;
2026-07-29 15:16:42;BANF;Compra;40.0;114.07;4562.8;;;;cf4e05d8-bac9-4bc0-b83a-b66e51478776;20260729151642737::67cdef8d-e3da-4996-86bc-392fabc07d46;
2026-07-29 15:16:57;BANF;Venta;10.0;114.2;1142.0;;;;7247e8c2-afe5-498a-b061-31bcdcb389c0;20260729151657813::ddf55b6a-8da0-4c85-a2ea-2cb6d1b9e6c7;
2026-07-29 15:17:00;BANF;Venta;10.0;114.25;1142.5;;;;37cc975b-1b89-4dc1-92db-680bf0b5aead;20260729151700187::9313df76-5884-47ad-974c-8464b58c8568;
2026-07-29 15:17:01;BANF;Venta;10.0;114.25;1142.5;;;;246685f4-7ba2-4bd6-a4ad-6c45626e8bf7;20260729151701613::88b0457b-5555-4b93-b052-ffa8b096d8b8;
2026-07-29 15:17:09;BANF;Venta;10.0;114.25;1142.5;;;;f0582015-d568-498c-a1df-f75aa83dd0a8;20260729151709377::6c4ac865-6d6a-415b-9cae-a1e9d879de47;
2026-07-29 15:17:56;ASTE;Compra;40.0;51.87;2074.8;;;;b0f2214f-08c2-4324-a687-88d2f5ebbb0e;20260729151756762::96fa8ede-cb9d-4c4d-949f-1ab2943a87ab;
2026-07-29 15:18:26;ASTE;Venta;20.0;51.75;1035.0;;;;84e88b29-c562-4e8b-b66a-de1096c6ae51;20260729151826558::ff9043c9-1618-4ec9-99f3-d598c5207978;
2026-07-29 15:18:28;ASTE;Venta;20.0;51.8;1036.0;;;;926c069f-70fb-4c6f-94d5-e7b6cea6e31c;20260729151828132::bf4b899d-b289-4cc7-8a55-6d1fe21bf61d;
2026-07-29 15:19:08;ADV;Compra;40.0;43.99;1759.6;;;;939e11ad-9c4a-4242-8433-db3cb76551d5;20260729151908680::5269702f-75fe-467e-8f70-9f8291df688a;
2026-07-29 15:19:19;ADV;Venta;20.0;44.1;882.0;;;;e7842b01-c4cc-43ef-8490-a45d8c8b0b78;20260729151919479::c75be72c-10c9-4b5a-ac85-31d9fc5c1887;
2026-07-29 15:19:25;ADV;Venta;20.0;44.1;882.0;;;;c40de2fa-2097-428c-82fc-896066ca6d73;20260729151925729::fafeff06-3c76-4f23-9329-1516c8dae3fd;
2026-07-29 15:31:21;RHLD;Compra;40.0;126.77;5070.8;;;;ea6b6791-b0d9-43e2-ab7b-c54833aabaf0;20260729153121800::0d6d96c7-087f-4ff4-a859-d7014b555977;
2026-07-29 15:31:35;RHLD;Venta;20.0;127.0;2540.0;;;;25cd3249-c5ba-478b-addb-c0f69b8d098d;20260729153135057::fbb4ace4-44dc-48d4-9677-3f31ee29fa0c;
2026-07-29 15:31:56;RHLD;Venta;20.0;126.95;2539.0;;;;cfb6588f-fb3d-4c2a-a157-d15de54af264;20260729153156519::01630cd4-92fb-470d-90c8-7a48cc280167;
2026-07-29 15:32:49;PARK;Compra;4.0;17.59;70.36;;;;5700e8bc-1018-42ff-8bf2-5443570d674d;20260729153249927::ef02c726-3261-4e51-b81f-b01bf984968c;ejecucion parcial
2026-07-29 15:33:09;PARK;Venta;4.0;17.71;70.84;;;;938af033-d01f-41a1-be74-0c419e9fbf2e;20260729153309394::b5176d15-b8bd-4ccc-a7f7-570c70ae7225;
2026-07-29 15:33:22;OSIS;Compra;40.0;214.92;8596.8;;;;d491ff12-2b1d-48ef-a35e-8fc45f8e3d94;20260729153322145::49c24580-9736-4804-9e13-bc1793c2c748;
2026-07-29 15:33:47;OSIS;Venta;10.0;214.8;2148.0;;;;1c1bb6dd-0b39-4628-9dea-103254623031;20260729153347666::f55f8c97-308e-4701-a7a1-c9104a5ff008;
2026-07-29 15:33:50;OSIS;Venta;20.0;214.85;4297.0;;;;6c2f4d87-d009-4854-a442-b2c233283079;20260729153350287::af174b85-e45c-4ffc-bc44-7195460f6695;
2026-07-29 15:33:55;OSIS;Venta;10.0;214.9;2149.0;;;;423e8186-21b7-49b3-a77e-dba991cbde32;20260729153355904::43cf6c0f-6f75-44c2-81d7-be02f4c76dce;
2026-07-29 15:34:06;ODC;Compra;40.0;98.09;3923.6;;;;49ddc04d-bf5f-4a9f-8b71-79cf38222f05;20260729153406117::7ddb630b-f989-4d17-b9ce-18c7d8146c99;
2026-07-29 15:34:35;ODC;Venta;20.0;98.2;1964.0;;;;799c6e6a-fa38-40d3-a5dd-ab6195f02f46;20260729153435542::f111ca70-0a75-460e-bad3-d6281e02b0a4;
2026-07-29 15:34:51;ODC;Venta;10.0;98.2124;982.12;;;;1c5e5989-9ece-4feb-bd32-48dd8b8c0903;20260729153451429::aab381b0-3956-4613-b7bf-6fe2dfab5a06;
2026-07-29 15:34:53;ODC;Venta;10.0;98.0774;980.77;;;;7e96bb6a-a246-4aa2-b4bd-f14d6f85e89e;20260729153453854::8b849a2c-a228-4b95-b22a-7e949503a1b1;
2026-07-29 15:36:11;MLAB;Compra;40.0;99.51;3980.4;;;;ebbaec7a-20ac-4efd-a207-ed3b197fb3e3;20260729153611190::69f3ee45-186a-43e1-a6a8-8dac4e74c6ad;
2026-07-29 15:36:52;MLAB;Venta;20.0;99.55;1991.0;;;;f043c9e9-758a-452b-b537-b39f54ab7577;20260729153652673::9a51018d-de4c-44fa-b473-730467e7885e;
2026-07-29 15:37:00;MLAB;Venta;10.0;99.56;995.6;;;;8a19be79-7238-4848-b829-bd3e5b0d9a2b;20260729153700263::7bf022c8-bf36-408f-a3ea-33075ac3e92f;
2026-07-29 15:37:01;MLAB;Venta;10.0;99.5;995.0;;;;712f57b5-424d-4223-b808-5cfe4e62c920;20260729153701015::65aa7edf-57de-4eeb-b45f-ff6e5ba1f527;
2026-07-29 15:37:13;MI;Compra;26.0;8.58;223.08;;;;10005ce4-7deb-4e7a-957e-d05112b00ae4;20260729153713852::e9570d3f-b599-4962-a9ea-0c003e4cc0ac;ejecucion parcial
2026-07-29 15:37:13;MI;Compra;12.0;8.58;102.96;;;;10005ce4-7deb-4e7a-957e-d05112b00ae4;20260729153713852::8ed9bdc1-acae-456e-87b9-0210b951705c;
2026-07-29 15:37:13;MI;Compra;2.0;8.58;17.16;;;;10005ce4-7deb-4e7a-957e-d05112b00ae4;20260729153713851::dda6f25b-6933-4e82-93d9-686436bdfdf8;ejecucion parcial
2026-07-29 15:37:27;MI;Venta;20.0;8.7;174.0;;;;bbe2f874-c895-46f4-85da-72e3f2f1655e;20260729153727472::cb1dc4b6-43d6-46cd-a128-5a11ca4f1814;
2026-07-29 15:37:46;MI;Venta;10.0;8.64;86.4;;;;cba36358-a0c2-40b5-a077-78c3ec305362;20260729153746911::174c7802-d6d7-4d1f-84f7-a087843e9f9a;
2026-07-29 15:38:10;MI;Venta;10.0;8.6;86.0;;;;f75084ce-d1d0-47a3-bf5e-798305c8ef84;20260729153810019::25916d80-3486-4de2-ad29-cb6793301b27;
2026-07-29 15:39:09;KEN;Compra;40.0;64.68;2587.2;;;;b645f31a-3a8d-488e-bfe8-cad15a573bb1;20260729153909657::851aa8cf-b7f6-4d6a-a0d0-e8ef135e5e9c;
2026-07-29 15:39:27;KEN;Venta;20.0;64.76;1295.2;;;;9893fe0f-bfdf-4990-b1b9-f736bfe9b77e;20260729153927559::7addf3de-3a09-43da-9fae-31b6dc4de27c;
2026-07-29 15:39:29;KEN;Venta;20.0;64.78;1295.6;;;;fa4597fc-ff56-4e65-a303-f1705b6ab531;20260729153929087::7c1736ae-7eb5-403a-ab14-62f45f574a99;
2026-07-29 15:43:34;ISBA;Compra;40.0;39.91;1596.4;;;;f81f6088-60b6-4c48-a86a-18d18f7335f5;20260729154334315::00096cc1-cd7a-43cd-a6e4-f5be933b5cf0;
2026-07-29 15:43:46;ISBA;Venta;20.0;39.96;799.2;;;;87e67b87-9590-40da-a6db-6d1e194110fa;20260729154346807::3ac86f1f-885d-4328-bbac-18b693a4e60e;
2026-07-29 15:43:48;ISBA;Venta;20.0;39.96;799.2;;;;d39a4395-516e-4bfe-b6e7-7459fb13c398;20260729154348155::9f6f65ad-ce98-42e8-8630-27d8729ef33c;
2026-07-29 15:44:56;FRHC;Compra;40.0;148.55;5942.0;;;;e0e4090e-e0f3-4967-a297-0ade6ab9a338;20260729154456101::ed495575-3b67-4b69-9964-2744f478f75f;
2026-07-29 15:45:11;FRHC;Venta;20.0;148.7;2974.0;;;;aaab727b-c5ab-431e-b137-68d2ac806ecf;20260729154511867::210859f4-54c2-4204-b811-789a603c6ebf;
2026-07-29 15:45:22;FRHC;Venta;10.0;148.64;1486.4;;;;a8ffc0dd-37cb-4c9a-9b20-3a738aed6d28;20260729154522484::23906e8e-9157-4b09-b597-3da72712ffc7;
2026-07-29 15:45:23;FRHC;Venta;10.0;148.66;1486.6;;;;447ecb53-b744-4f33-9ab7-46992c62ab93;20260729154523860::262ca389-4e13-4cf2-b232-7d6a56412b12;
2026-07-29 15:45:41;FNGG;Compra;40.0;210.15;8406.0;;;;f2cc03d1-72a8-4fd4-bf3e-fa4eebb1bea3;20260729154541579::6d815f31-6621-49d3-ac4d-2ad554688f78;
2026-07-29 15:45:56;FNGG;Venta;1.0;210.26;210.26;;;;6dde7629-d0ea-48cc-8bfa-bb162cf40ceb;20260729154556752::941c0adc-8516-4bef-8843-d78baabf722a;ejecucion parcial
2026-07-29 15:46:04;FNGG;Venta;15.0;210.14;3152.1;;;;b01aed20-0e76-47ce-82bf-c05ed49d4c61;20260729154604918::92aa91fa-7b0f-40b4-979c-92a6fe431d25;
2026-07-29 15:46:04;FNGG;Venta;5.0;210.2;1051.0;;;;1cef323a-c6cc-4a20-9fb0-167326a24233;20260729154604592::27a632f5-911d-4edc-b49e-2119fcc754a6;ejecucion parcial
2026-07-29 15:46:10;FNGG;Venta;10.0;210.24;2102.4;;;;2b95957e-411a-4c52-b924-cb7834868449;20260729154610450::c50fc444-3af8-4879-992b-8e610d1ba7bd;
2026-07-29 15:46:28;FNGG;Venta;9.0;210.265;1892.38;;;;399db9f6-d6fb-415b-95e2-73b7c3411e54;20260729154628622::4bf29b2e-fb7a-4494-a564-a39887ddeb71;
2026-07-29 15:52:05;AGM;Compra;40.0;213.85;8554.0;;;;6337f3d7-213b-4a9a-a8e8-418f3efabdfa;20260729155205989::c752baf3-2616-4b3a-bfde-1e3bd5256144;
2026-07-29 15:52:17;AGM;Venta;20.0;213.98;4279.6;;;;358dc579-90fd-4f5b-a105-9fefd0362c93;20260729155217998::a8b213a4-f155-4500-804d-aa631dbaad2c;
2026-07-29 15:52:19;AGM;Venta;20.0;214.0;4280.0;;;;ab654d38-24e9-4dbb-b868-8fdde84a056b;20260729155219325::e9e6fe75-9a3b-4d22-88c2-f39dbc9745d3;
2026-07-29 15:52:24;AGCC;Compra;40.0;14.95;598.0;;;;cdbe6c4a-ceaf-453b-b9b9-a0bc31f563c3;20260729155224075::d21c3fb1-7ab7-4d03-8655-98ffbf5e1f70;
2026-07-29 15:52:32;AGCC;Venta;20.0;15.08;301.6;;;;bedbbb68-63cc-4b0c-acc0-4524968851a2;20260729155232870::4fa90b87-2a4d-4903-80bb-0c5a20b57086;
2026-07-29 15:52:34;AGCC;Venta;3.0;15.1;45.3;;;;30c9c45b-a3d8-4baf-870a-d2f22c4736fc;20260729155234807::074f8ddb-2d17-4050-93ac-ca6a811781ad;ejecucion parcial
2026-07-29 15:52:48;AGCC;Venta;17.0;15.04;255.68;;;;1ad63839-0970-4e1d-8acb-523518038f9a;20260729155248629::d721bccb-b3f4-45c3-87ed-218f6b719405;
2026-07-30 09:48:47;UVV;Compra;40.0;53.72;2148.8;;;;ba63b9b1-b773-4cad-97bc-c2835a704e84;20260730094847131::afaabebc-02f6-498b-a194-3f0405686b42;
2026-07-30 09:49:17;UVV;Venta;10.0;53.95;539.5;;;;aec7ce34-7057-4d1d-8436-3bec32a540a9;20260730094917878::6c2d6c92-b46f-49da-830e-3c8f26b4cb11;
2026-07-30 09:49:25;UVV;Venta;25.0;53.85;1346.25;;;;ae163337-86b0-4bf7-9c8e-785fbd8f830f;20260730094925821::2120c664-7999-4fec-b4b2-45aa33c3f353;
2026-07-30 09:49:31;UVV;Venta;5.0;53.95;269.75;;;;40f196ca-5210-4033-989e-aba844f1e17a;20260730094931052::b5d8d441-e974-4a97-9dcd-a054be29dafc;
2026-07-30 09:50:00;TY;Compra;40.0;34.81;1392.4;;;;a1f88088-a153-485c-aa45-b78683412cea;20260730095000362::ff1549b4-f2b0-40b9-b3b8-69b0c04ff68e;
2026-07-30 09:50:56;TY;Venta;10.0;34.61;346.1;;;;2772d589-bd18-460a-81a6-919005e507e8;20260730095056331::611e058d-62b4-46e7-a9e9-0c007ba20978;
2026-07-30 09:51:01;TY;Venta;10.0;34.8036;348.04;;;;c7cc59c9-ce2e-4fed-8aa0-d45c6b452bd3;20260730095101996::66491f03-293d-4c27-88d6-7e9aba3e2fdf;
2026-07-30 09:51:04;TY;Venta;10.0;34.8036;348.04;;;;a9068bfa-b1c7-4faf-8496-1f8174d7d74c;20260730095104314::45c6ae15-fb97-494e-9513-a077756c2e92;
2026-07-30 09:51:09;TY;Venta;10.0;34.75;347.5;;;;36e92a2e-caca-4a4c-9346-260eacdc0a8a;20260730095109446::dc531ac3-199f-43ce-a6a4-9411fcd87e66;
2026-07-30 09:52:10;STC;Compra;5.0;69.62;348.1;;;;5e792d7a-e914-4a9f-9c4f-cd0492d956f2;20260730095210284::9a253b1f-567b-4108-9e28-f1420d6187db;ejecucion parcial
2026-07-30 09:52:10;STC;Compra;35.0;69.62;2436.7;;;;5e792d7a-e914-4a9f-9c4f-cd0492d956f2;20260730095210284::50deb678-9bf1-44c1-9c84-7739ff3198a8;
2026-07-30 09:53:03;STC;Venta;10.0;69.7;697.0;;;;d0562aac-df09-4430-bce1-6b90cb454820;20260730095303234::f65366d5-a43e-4659-b83a-93b22f4ae705;
2026-07-30 09:53:10;STC;Venta;10.0;69.6;696.0;;;;301288dc-276d-4c35-b3d0-129c8c7bb023;20260730095310851::88283451-4943-4b19-92d7-c8db1af24d2d;
2026-07-30 09:53:12;STC;Venta;10.0;69.6;696.0;;;;d16b0d11-af77-49a5-b1e1-24500265ffd3;20260730095312085::7d7e97f5-35a3-4d3b-9b06-76a47872aa59;
2026-07-30 09:53:24;STC;Venta;10.0;69.2;692.0;;;;de004e48-2950-482b-8796-8969f6f0c776;20260730095324323::b4aa19fe-626d-4b7b-977f-a35fed2e8934;
2026-07-30 10:12:08;TWFG;Compra;14.0;27.41;383.74;;;;e1a9076a-cecb-4ec2-808a-0001a429a252;20260730101208542::69eae492-9870-4b09-8276-ee87b72d0061;
2026-07-30 10:12:08;TWFG;Compra;1.0;27.41;27.41;;;;e1a9076a-cecb-4ec2-808a-0001a429a252;20260730101208481::e9d9fd61-16f8-4ea7-95f4-15a1830a9010;ejecucion parcial
2026-07-30 10:12:08;TWFG;Compra;25.0;27.41;685.25;;;;e1a9076a-cecb-4ec2-808a-0001a429a252;20260730101208463::41af2db4-68f0-4cc9-9025-8ac57500862b;ejecucion parcial
2026-07-30 10:12:26;TWFG;Venta;20.0;27.75;555.0;;;;63832543-49f0-4a5a-9b9e-947263ac61f7;20260730101226173::dbd7069f-4218-43e7-8170-0ee9e71e1d72;
2026-07-30 10:12:27;TWFG;Venta;20.0;27.8;556.0;;;;98614c2f-72f4-4fe5-834f-7575260e46e9;20260730101227996::b1fcd953-0a16-41fa-b793-9bb1ed93ea70;
2026-07-30 10:13:20;SKYW;Compra;40.0;109.53;4381.2;;;;84eabc75-eaea-4f8c-9bd1-1301a60da4d2;20260730101320590::c6760e5f-3f5f-4716-8e30-fdbe55315761;
2026-07-30 10:13:41;SKYW;Venta;20.0;109.7;2194.0;;;;1bddc3e4-b454-4988-871b-71c13f7561c5;20260730101341264::0f7d9e23-1454-4f3e-b87c-30d0143b6937;
2026-07-30 10:13:42;SKYW;Venta;20.0;109.75;2195.0;;;;8faa5d02-f678-43d6-853d-5333164a5229;20260730101342714::566156d9-234a-4003-a9ca-fd4b8070fa34;
2026-07-30 10:16:34;JEMB;Compra;40.0;52.86;2114.4;;;;ec08d8e9-4af6-4350-aaf2-aa34741c403b;20260730101634673::0255dffc-aa04-484e-8c2a-a8d81c5fad1e;
2026-07-30 10:16:45;JEMB;Venta;9.0;53.05;477.45;;;;f1c23d5a-89aa-4334-aa97-5a326db196c0;20260730101645602::687b12c6-52fb-495d-8ce5-20d4a5b87c62;ejecucion parcial
2026-07-30 10:16:51;JEMB;Venta;20.0;53.0;1060.0;;;;641e17e9-b89e-48fe-b5ae-a3b994f2be8d;20260730101651513::321a721b-5313-4b8d-bbeb-eb2313ba8bf7;
2026-07-30 10:17:39;JEMB;Venta;4.0;52.8788;211.52;;;;208c0ece-2d4f-4fa8-a050-8f3790de33ec;20260730101739417::c1675c68-8ec3-450a-b956-8843a0f452f0;
2026-07-30 10:17:41;JEMB;Venta;4.0;53.16;212.64;;;;73050527-3531-496f-a78f-50e78015cd38;20260730101741721::e651b2d6-5530-439c-8470-70e764a1d5f4;
2026-07-30 10:17:47;JEMB;Venta;3.0;52.88;158.64;;;;a45069e5-ca53-4593-8edd-31e6e89c9019;20260730101747982::90b87614-2f4d-41a9-8fe9-0768c557e2df;
2026-07-30 10:19:57;CCS;Compra;40.0;68.5;2740.0;;;;9d3e5b92-e947-4537-91ce-7ad14ff20009;20260730101957474::2b0bdf29-4e12-4730-9796-48fb1ab04ae6;
2026-07-30 10:20:14;CCS;Venta;20.0;68.68;1373.6;;;;41374c02-a5d3-4fd4-9bbc-65d5c1d6964f;20260730102014219::e6bfed1f-2100-4efc-b7c0-fe2bda339d16;
2026-07-30 10:20:16;CCS;Venta;20.0;68.74;1374.8;;;;47658535-81a8-4eae-bdf8-ea5db9397e63;20260730102016011::ea426783-8fef-4435-bf53-d35983010169;
2026-07-30 10:20:46;BUUU;Compra;40.0;22.7;908.0;;;;fae527af-620d-48cc-9e67-478d3f4bc8ff;20260730102046879::3b131bdf-e5dc-4f81-bd68-742dcecf2c3b;
2026-07-30 10:22:41;BUUU;Venta;20.0;22.68;453.6;;;;2e87895c-4dbd-4ac9-95bc-f2b4c48fda80;20260730102241144::2d8e9eab-9784-440d-bfa8-c1d6c9d9f733;
2026-07-30 10:23:07;BUUU;Venta;5.0;22.64;113.2;;;;3b216832-11b2-46d4-981a-4bfacb930d30;20260730102307104::7a1d2e05-d1fa-4462-95ec-3a26a34a0454;
2026-07-30 10:23:09;BUUU;Venta;5.0;22.66;113.3;;;;274c8999-6ecc-48fd-836b-c9733f1c36ac;20260730102309735::991f49ef-2465-4c3c-b4f2-007baec9f8c5;
2026-07-30 10:23:11;BUUU;Venta;5.0;22.66;113.3;;;;21c15c80-b033-4281-a7aa-289510da5991;20260730102311193::d31081e7-584c-4252-8792-61ccf69e41cc;
2026-07-30 10:23:12;BUUU;Venta;5.0;22.68;113.4;;;;9c1367e9-9d94-4747-8637-08121c325bda;20260730102312843::6d40fe1e-0f7c-4001-9f63-cb48dd3ac87e;
2026-07-30 10:32:43;STRZ;Compra;40.0;26.51;1060.4;;;;be815241-09d1-4743-bee3-d9faf1ae4cd0;20260730103243900::89a3e3a1-b09c-47c4-8ebf-edea1ed34eb4;
2026-07-30 10:33:04;STRZ;Compra;20.0;26.46;529.2;;;;35c0adf7-b2fa-4a8c-8fa2-62a184397941;20260730103304570::8bde6ab0-69da-404f-a37f-da792628c13e;
2026-07-30 10:33:07;STRZ;Venta;20.0;26.56;531.2;;;;3eaed4a9-40ef-4c08-b51d-7d19f185a5f0;20260730103307040::a526ac80-f2ab-4cab-b843-d7b18f226f72;
2026-07-30 10:33:21;STRZ;Venta;10.0;26.58;265.8;;;;e9bdd86b-7775-4901-9afc-2587b22fcc4a;20260730103321889::1cd3ba3e-d2af-4823-9b8b-60df6fd31b2e;
2026-07-30 10:33:32;STRZ;Venta;25.0;26.52;663.0;;;;25e6e5bb-dd2b-4a70-b853-00621c9433e3;20260730103332683::a1f633a3-7e5b-4a64-8745-bb470223f2ae;
2026-07-30 10:33:53;STRZ;Venta;5.0;26.87;134.35;;;;7a64770e-a325-4194-8b65-444d714a8da3;20260730103353650::0b6b1629-78d2-4a8b-b792-4f36fd7eea1d;
2026-07-30 10:35:59;JEMB;Compra;40.0;52.86;2114.4;;;;d2f6ad26-92db-4544-9eb4-54b44cf64d6c;20260730103559107::ed6b31a0-8623-409a-a795-7da6a37f0858;
2026-07-30 10:36:34;JEMB;Venta;10.0;52.96;529.6;;;;58a6aaff-3e0d-4bc3-ae2d-109d92228ebf;20260730103634375::ee77ba64-ab1c-4881-8cac-ee5c4e97bc86;
2026-07-30 10:36:35;JEMB;Venta;10.0;52.98;529.8;;;;2bd1a980-4b07-4337-a5b8-b46facae74a5;20260730103635492::b64aeac2-573f-49f3-8c59-99dcf938425c;
2026-07-30 10:36:48;JEMB;Venta;10.0;52.9;529.0;;;;1bb5cc23-cc02-4d41-a202-724feaba73cb;20260730103648695::5df4c61d-79c7-48bc-94ec-0fd784cb8277;
2026-07-30 10:36:53;JEMB;Venta;10.0;52.92;529.2;;;;12e4c7f7-e22f-4b60-aec8-850dde1e5301;20260730103653695::6e935371-86b8-4222-b58e-9dd28ce364f5;
2026-07-30 10:39:09;BOKF;Compra;40.0;141.39;5655.6;;;;e709de8e-0a7b-4d26-9c71-e58dd7e8eb79;20260730103909449::cf76ed56-1552-4d9c-b6c9-3f83df034dc3;
2026-07-30 10:39:28;BOKF;Venta;20.0;141.6;2832.0;;;;c366086f-ad3f-4932-8bbb-99c2ba3a9726;20260730103928858::f603735d-7268-430b-a5f8-cb11393dc5c9;
2026-07-30 10:39:29;BOKF;Venta;20.0;141.6;2832.0;;;;1d22348f-271a-4f53-819b-fe6e000fe3c5;20260730103929818::0547204d-cd61-4613-a09d-1f2016941e1e;
2026-07-30 11:34:09;JEMB;Compra;50.0;52.86;2643.0;;;;90675adb-ec57-4c90-aa2b-441095356b85;20260730113409387::02df3364-9172-4be5-ae91-a2ce6303fb1a;
2026-07-30 11:34:22;JEMB;Venta;25.0;53.2;1330.0;;;;109713ea-1f6b-41b4-a8f6-a0a1d59afe49;20260730113422289::e96197a1-6151-459a-b0f3-8376cf1ed701;
2026-07-30 11:34:37;JEMB;Venta;10.0;53.15;531.5;;;;5c36fd4b-88d1-4607-8873-665dfed1c953;20260730113437594::cc43338d-ff74-444c-9b4a-17b42d895e67;
2026-07-30 11:34:53;JEMB;Venta;15.0;53.1;796.5;;;;e7658e37-e291-4ec1-82fc-cbcffde4f842;20260730113453736::32794491-f74e-49ff-b024-62462ef4b13d;
2026-07-30 11:37:16;BXC;Compra;50.0;53.71;2685.5;;;;65dcb9a3-c6ca-4244-a22a-29e8678d42b5;20260730113716689::9726547e-bc89-4dd8-b055-ed2bbd2d997e;
2026-07-30 11:38:31;BXC;Venta;25.0;53.54;1338.5;;;;50da9e6e-6329-4398-bd64-6e5ab7c5cf38;20260730113831383::600448a0-707b-4998-a007-607c78b2dea8;
2026-07-30 11:38:34;BXC;Venta;25.0;53.6;1340.0;;;;388e49b9-5040-48e4-84b6-517fd4f617a2;20260730113834144::73328f97-3663-4dba-99f3-2ba8d533b3fa;
2026-07-30 11:39:27;ADV;Compra;14.0;39.57;553.98;;;;879f21f3-dbaa-4aa9-a936-659b0b888a23;20260730113927008::36dbf559-0371-43cc-b87e-b125e68c5a09;ejecucion parcial
2026-07-30 11:40:06;ADV;Venta;4.0;39.5621;158.25;;;;83c9ef6f-1a1c-408b-92ce-16569e5565c4;20260730114006619::1f68e2e3-2c55-4e91-a778-af34a641e6b1;
2026-07-30 11:40:10;ADV;Venta;4.0;39.5619;158.25;;;;3b2ebf6c-9d27-46f2-a19c-185042985be7;20260730114010970::1de14778-b85c-46ef-905e-ecd21d8617a4;
2026-07-30 11:40:16;ADV;Venta;6.0;39.5617;237.37;;;;cf2890c6-d55f-46ca-8702-10bac9189048;20260730114016914::a0c884ca-39f0-47a5-88ff-8ee8cf30236f;
2026-07-30 11:52:54;RYM;Compra;2.0;18.04;36.08;;;;fa8137a5-95f8-4983-ac0b-47ff94e4f952;20260730115254216::570036e7-bd35-4d78-8768-c2ba59802f6f;ejecucion parcial
2026-07-30 11:53:20;RYM;Venta;2.0;18.02;36.04;;;;9a77c793-f5fa-4713-a538-ae337d9bb5a9;20260730115320945::7c2ff621-8214-45bd-aef2-919d7bab9145;
2026-07-30 12:12:08;HBNB;Compra;6.0;5.34;32.04;;;;93e34bf2-cd48-4bad-a2d8-18f91c83775b;20260730121208367::3e167187-2cb1-4c5c-aaff-3f594c0f9549;ejecucion parcial
2026-07-30 12:12:40;HBNB;Venta;1.0;5.38;5.38;;;;1641bb2d-6a94-4668-b081-0b36a4fe8175;20260730121240579::871619d7-fc26-431e-a727-5a01c2b21630;ejecucion parcial
2026-07-30 12:12:47;HBNB;Venta;2.0;5.3264;10.65;;;;483b70c6-e44e-4b4c-9064-13b10a89208e;20260730121247283::873b64c9-a5bc-4939-8879-be85449dcf27;
2026-07-30 12:12:51;HBNB;Venta;3.0;5.4293;16.29;;;;3b94e468-4911-4ccd-8735-eb2e5b070510;20260730121251711::f10923a5-d929-4779-9680-fd6fc4f6f335;
2026-07-30 12:14:28;CMTV;Compra;50.0;40.18;2009.0;;;;1878e15b-9de7-4e16-bc12-40a239799625;20260730121428228::2173071c-3719-47f9-8014-ccb866260c53;
2026-07-30 12:15:02;CMTV;Venta;25.0;40.1;1002.5;;;;5a3b51c9-f4b4-455d-b441-e9084a4fe8d3;20260730121502248::e2823b36-ee69-4923-a8af-20f51fcff9b1;
2026-07-30 12:15:25;CMTV;Venta;10.0;40.05;400.5;;;;8fbc65e2-047e-4c75-a172-4b69844ded55;20260730121525511::c91c0e9e-37b7-4071-9e4c-4f23209f3976;
2026-07-30 12:15:30;CMTV;Venta;10.0;40.05;400.5;;;;4b0bd268-f066-4127-9dd7-1ffafe0e0b40;20260730121530751::7fe81f57-8e1a-4ff3-a7d2-15e45075cb10;
2026-07-30 12:15:39;CMTV;Venta;5.0;40.1;200.5;;;;ffbff0a8-d281-45c2-86a5-d0a1a6aeeda2;20260730121539146::61dc87ad-bd13-4a14-91c8-98061db988f2;
2026-07-30 12:43:13;MI;Compra;40.0;8.09;323.6;;;;59c60141-fc3e-4865-87a8-37fe07ae5fed;20260730124313338::4520b3ef-242d-410f-a661-1231efc58204;
2026-07-30 12:43:58;MI;Venta;10.0;7.9;79.0;;;;284b11ff-807c-4002-a941-7e481f53d291;20260730124358582::e2c82c85-9079-4320-a0d8-5be8e0924692;
2026-07-30 12:44:05;MI;Venta;5.0;7.9442;39.72;;;;ca9f04a6-8673-40c0-b0ce-7086b1438b02;20260730124405258::2bc375e7-fd80-4660-8730-526a6ea75123;
2026-07-30 12:44:07;MI;Venta;5.0;8.0401;40.2;;;;98935e47-6698-4c19-9d12-ca349aa81e35;20260730124407765::6fda038b-0eae-4bd2-a5fe-91d6e18f186b;
2026-07-30 12:44:08;MI;Venta;5.0;8.0401;40.2;;;;e87d23d3-e2fa-464b-b576-f11f56a6ed34;20260730124408956::1ced2ca4-853f-4846-9a87-903a402002d0;
2026-07-30 12:44:09;MI;Venta;5.0;8.04;40.2;;;;2f204545-f168-4ffe-b5b1-d10e2abbb59f;20260730124409802::f381a72f-6393-4881-8930-bc0af4efb9a8;
2026-07-30 12:44:16;MI;Venta;5.0;8.0;40.0;;;;2d0f8094-2755-4d18-b5cd-707df24f41fd;20260730124416617::37c44758-dab7-4383-97fa-73943b9d8872;
2026-07-30 12:44:42;MI;Venta;2.0;7.7858;15.57;;;;513be1f4-370d-443a-a20c-ac0197ee334a;20260730124442951::34622ec3-3789-4bbd-8d17-e749867438e6;
2026-07-30 12:44:49;MI;Venta;3.0;8.0401;24.12;;;;5c375a4e-e187-4ba0-8179-d5987228d551;20260730124449935::089879a9-e956-47b8-96f5-18fb9ea8bf4d;
2026-07-30 12:45:17;KPLT;Compra;5.0;6.18;30.9;;;;8231a349-5f99-426f-b854-53b16bd29f3a;20260730124517056::10fb731f-6824-4740-b893-c5fc38ac2086;ejecucion parcial
2026-07-30 12:45:45;KPLT;Venta;5.0;6.1;30.5;;;;31e2186b-5c37-4d44-8d90-6a336cfc4272;20260730124545753::33ad82f4-a828-442b-8b60-ac5d0f18fc32;
2026-07-30 12:46:12;IRMD;Compra;40.0;94.74;3789.6;;;;af396ba5-5b80-49f7-9b09-d5065f143293;20260730124612795::e18e7268-5f9e-430a-9635-c5b7f58bb213;
2026-07-30 12:47:00;IRMD;Venta;20.0;94.74;1894.8;;;;57a08fb0-6327-4fae-91ba-aea4967dd79f;20260730124700610::45d76c56-131b-4423-ba63-172c72dd14eb;
2026-07-30 12:47:01;IRMD;Venta;20.0;94.74;1894.8;;;;43f8164a-d2b7-4e9d-a31b-0d840cd62360;20260730124701830::2bb5570f-3656-4320-bbc6-6a2ebdb7602c;
2026-07-30 12:56:58;TISI;Compra;1.0;17.49;17.49;;;;f69c09a8-e40c-49dd-95df-8035a35b2a01;20260730125658537::8cec5e03-9f07-43c3-8383-f12c7a05d9ca;ejecucion parcial
2026-07-30 12:57:13;TISI;Venta;1.0;17.4646;17.46;;;;8c8e6cb6-ec90-45dc-8de8-8efbe4983dc9;20260730125713225::20336370-e26a-448f-806d-3794475cd7e5;
2026-07-30 12:58:06;QCRH;Compra;30.0;103.26;3097.8;;;;22499968-ffaa-40d6-9f47-db788679ef4d;20260730125806970::de541842-fb6b-4b56-87bd-cf015323a039;
2026-07-30 12:58:24;QCRH;Venta;15.0;103.32;1549.8;;;;c5f08a4a-27a5-4984-b3b7-134ee3be7686;20260730125824287::14ab548e-ccd4-4afd-90fd-ebdf86e99174;
2026-07-30 12:58:31;QCRH;Venta;15.0;103.32;1549.8;;;;3e51b55a-bace-4082-b796-e33d64821ced;20260730125831437::026bb4d6-99da-471f-b628-28575f061f93;
2026-07-30 12:59:51;MSA;Compra;30.0;173.68;5210.4;;;;1bedae55-bc81-4f93-89bb-23842d69ffbd;20260730125951289::d7263090-1396-4c59-9b15-ef2580e62f31;
2026-07-30 13:00:20;MSA;Venta;10.0;173.8;1738.0;;;;e48d26bc-5db6-478c-b544-ea208f12b7c3;20260730130020876::ead4f44f-f180-4810-8383-aff38293e221;
2026-07-30 13:00:21;MSA;Venta;10.0;173.8;1738.0;;;;eebbee1c-ebac-42e0-a917-40657ccf1fcf;20260730130021772::ba902467-1cdf-409f-9ce9-0a71cc8f8b7a;
2026-07-30 13:00:23;MSA;Venta;10.0;173.85;1738.5;;;;7d97d2ac-8a0c-4060-aafc-3116aaedf0b2;20260730130023555::8c605026-7dde-49fc-893a-631428016f44;
2026-07-30 13:03:12;ELLO;Compra;21.0;19.43;408.03;;;;cb1a598a-8fb8-40e7-a90e-311afa4ccb6f;20260730130312466::5ed1c0c8-7bfb-45f2-9458-6a7122f15eed;ejecucion parcial
2026-07-30 13:03:35;ELLO;Venta;10.0;19.6;196.0;;;;89902859-4876-4ea5-8a70-00c488d47903;20260730130335427::78606c8b-5126-4191-8759-f91864f08f3c;
2026-07-30 13:03:46;ELLO;Venta;11.0;19.8;217.8;;;;20d69cfb-dceb-4b4e-a9e8-409736bb49d2;20260730130346173::160ec835-d562-4b25-8a77-232f6d744d8f;
2026-07-30 13:04:41;BUUU;Compra;26.0;21.51;559.26;;;;46e2f578-6311-40cf-a993-0dc5008be5e4;20260730130441402::880542b9-4449-45b4-8826-2ac2805ba025;ejecucion parcial
2026-07-30 13:05:16;BUUU;Venta;13.0;21.9;284.7;;;;a5af6fdc-73e0-4ea8-bd31-9848460509e6;20260730130516547::f3d4a44c-8707-49fb-97e8-13ef97ad7ee1;
2026-07-30 13:05:30;BUUU;Venta;1.0;21.8;21.8;;;;c85b8012-b5a4-4898-a371-c65744f8b53a;20260730130530902::692827f2-4b19-4554-93c1-c094669e8f00;ejecucion parcial
2026-07-30 13:05:41;BUUU;Venta;1.0;21.9;21.9;;;;1a49b996-5651-4289-9d38-65462595c88a;20260730130541929::0ba7ec7a-8487-4148-ac65-9a9c838ec3a3;ejecucion parcial
2026-07-30 13:05:45;BUUU;Venta;5.0;21.9082;109.54;;;;1b81f76e-862b-4d16-b30d-1b76434bf5c2;20260730130545833::beaf3364-c1d5-4b0c-98bb-ae9609787fa3;
2026-07-30 13:05:48;BUUU;Venta;5.0;21.9082;109.54;;;;1398fd88-91d9-4467-abac-dd3752c29b3a;20260730130548065::ce8f443d-a280-4de9-823e-4b8f3726ca53;
2026-07-30 13:05:54;BUUU;Venta;1.0;21.9556;21.96;;;;43de6ed3-059c-4119-94aa-d18b14bc70d6;20260730130554416::0ad79f3e-ad34-486d-8d07-49c59a7d097d;
2026-07-30 13:50:10;TISI;Compra;40.0;17.51;700.4;;;;d76d0b74-bb5b-46f3-8381-99eddd25cdbd;20260730135010051::514bb61c-d3b7-4ccf-b769-3496d691ce1a;
2026-07-30 13:50:29;TISI;Venta;20.0;17.64;352.8;;;;4c32a1d0-6575-480a-8942-71fcc33a25b8;20260730135029494::989b47d2-1398-4e84-b07d-9ac8c3b14720;
2026-07-30 13:50:40;TISI;Venta;10.0;17.62;176.2;;;;2cc2dd9e-b3d0-4013-a741-f8ad7e627a54;20260730135040884::8fb1b385-e706-4936-9084-ea00f76e0fb6;
2026-07-30 13:50:51;TISI;Venta;5.0;17.6;88.0;;;;5dea2048-8ae1-4cdd-bab9-43badba0299f;20260730135051967::d7f8a021-138d-45c6-9763-9f514ec867b0;
2026-07-30 13:50:53;TISI;Venta;5.0;17.6;88.0;;;;47af9d04-b0a9-420a-ac8d-2b4567299152;20260730135053248::d75a2720-b9bf-48b0-ba2e-3750ade9e3cb;
2026-07-30 13:52:25;PRK;Compra;40.0;208.1;8324.0;;;;a16022b8-3c9e-4604-a533-0ad0af43880b;20260730135225435::34dee576-e7e0-4f9c-aaca-2b2c50bc4fbf;
2026-07-30 13:52:59;PRK;Venta;10.0;208.1;2081.0;;;;f5ca1c23-283b-478b-a78f-a0ddd0b8b67f;20260730135259145::77580da1-1bf6-4933-8372-88e859a59c0d;
2026-07-30 13:53:00;PRK;Venta;10.0;208.1;2081.0;;;;da63ae44-4561-4356-85c8-21d5fc1945ae;20260730135300758::f64dd243-469c-48da-a707-edfb743045b4;
2026-07-30 13:53:00;PRK;Venta;10.0;208.1;2081.0;;;;18c3421a-0847-4c40-a2db-d0c2103ff852;20260730135300137::03f80ae3-d066-4cde-81f5-9833daaedb81;
2026-07-30 13:53:06;PRK;Venta;10.0;208.15;2081.5;;;;cb12e3f9-7833-4bbc-8d75-fba347b679a7;20260730135306677::da98f82d-6e1a-4ac7-980f-6f7dc4a71b91;
2026-07-30 13:56:03;JEMB;Compra;40.0;52.89;2115.6;;;;e49dabf1-a477-471f-b91e-bfd9a0d64dd3;20260730135603575::7837be82-3053-4065-8dcd-50ff766ecd42;
2026-07-30 13:56:49;JEMB;Venta;10.0;52.9279;529.28;;;;8c6dd134-51e2-45ca-bfb7-c548c02e6128;20260730135649727::1fb95627-6c70-4017-8d38-e690e76d68f7;
2026-07-30 13:56:56;JEMB;Venta;3.0;52.9286;158.79;;;;66f19c83-2093-4e77-ac0a-205a0749f09b;20260730135656309::ba8b23b8-440d-4b65-bf7e-3307fd5097b8;
2026-07-30 13:56:59;JEMB;Venta;3.0;52.89;158.67;;;;da2a4e72-face-46f2-89c6-74f7ed1148c1;20260730135659215::27519b1f-90e6-4265-a71b-5803766b5667;
2026-07-30 13:57:01;JEMB;Venta;10.0;53.119;531.19;;;;96356567-42a0-4ffe-99bb-f10001b33653;20260730135701412::727a0139-5f2f-4bcb-b702-079fde9f3a6d;
2026-07-30 13:57:06;JEMB;Venta;3.0;53.119;159.36;;;;4e6391aa-bc4f-466d-900a-4d183fe13b1d;20260730135706365::7288720a-400f-4e1f-becb-d0404a9fb307;
2026-07-30 13:57:08;JEMB;Venta;3.0;52.89;158.67;;;;9088de73-e918-457c-b545-2ec468331b74;20260730135708185::4f0f2549-55a5-4c11-a1fa-597fb241ed69;
2026-07-30 13:57:11;JEMB;Venta;3.0;52.9286;158.79;;;;4ea1b69b-e3c4-4cd1-bdd0-d6917c5c60e0;20260730135711631::22e44bb1-0d87-4ab7-9edc-ac735353d3c8;
2026-07-30 13:57:22;JEMB;Venta;5.0;52.9283;264.64;;;;aa827a74-d278-4f87-8b3b-aa1dac1a8fb5;20260730135722212::a9a57521-518f-4c29-bcc4-38d51dcc944d;
2026-07-30 13:58:07;HBB;Compra;40.0;23.16;926.4;;;;ff493775-e76d-4f6a-8af5-68c38123cc10;20260730135807806::e8cfb256-c383-4410-85d5-0008d38e0832;
2026-07-30 13:58:48;HBB;Venta;10.0;23.09;230.9;;;;a042b734-20de-4401-aaf8-87b5611f9d8c;20260730135848165::bac17f2a-e91c-4cd9-9f49-b4122d523079;
2026-07-30 13:58:56;HBB;Venta;3.0;23.09;69.27;;;;3758054f-792f-42d6-b7de-00b98842bb24;20260730135856065::94d63765-797b-4c4f-a86c-f7d7f29cf5ce;
2026-07-30 13:58:59;HBB;Venta;10.0;23.1448;231.45;;;;16c8a142-d1e5-4c37-84f4-8f888872095f;20260730135859347::bf616698-4533-469a-a22d-4317baf2ddf9;
2026-07-30 13:59:06;HBB;Venta;4.0;23.1451;92.58;;;;cfa37bd4-f046-4707-b197-93908e75461c;20260730135906551::cd477e99-4af7-4ae1-a6e4-85079a3499dd;
2026-07-30 13:59:11;HBB;Venta;7.0;23.1449;162.01;;;;fd1ea1cf-5c3f-4f44-b9c7-9c050fd9cf09;20260730135911915::43cd8328-165e-4ef6-98da-7bdbb7ea3b8e;
2026-07-30 13:59:19;HBB;Venta;6.0;23.18;139.08;;;;ea3e413f-44ee-4133-9e41-122e6199dd29;20260730135919746::4c83754e-f5b4-4a35-838c-4e999024afc5;
2026-07-30 13:59:20;HBB;sell_short;6.0;23.18;139.08;;;;c03c68e9-be7a-472d-877a-b4eca268cc66;20260730135920093::978a6d8f-2939-4a3e-bc62-e8a97d9c5dc9;
2026-07-30 13:59:37;HBB;Compra;6.0;23.22;139.32;;;;a1838e5d-ac63-447f-88dc-66f04c1fb5a9;20260730135937102::64a9c240-b944-4f2b-bf9a-9fa2f0ed3306;
2026-07-30 14:00:25;FNGO;Compra;40.0;125.95;5038.0;;;;fb3392fd-bdf0-4bb4-b88c-756cffd89601;20260730140025744::e0910588-a767-4691-97a9-065daeb98f65;
2026-07-30 14:01:31;FNGO;Venta;6.0;125.84;755.04;;;;d444811b-5735-4a8a-a07d-49f6cbeefb8b;20260730140131262::a97c9143-6989-4509-83b1-c616ebe15fb0;
2026-07-30 14:01:32;FNGO;Venta;6.0;125.86;755.16;;;;a5275177-e484-4187-8d6a-6653c25b7ab5;20260730140132771::21373dd7-adb9-4185-94a1-43a3f0061ba1;
2026-07-30 14:01:34;FNGO;Venta;6.0;125.9;755.4;;;;f3d049e6-c50f-407a-a098-a7e087c6b191;20260730140134259::eb76adf5-979d-43f9-bc47-e5dda076b409;
2026-07-30 14:01:44;FNGO;Venta;3.0;125.75;377.25;;;;b267cbf5-77fe-4688-8f62-64746724e359;20260730140144169::0867a0bb-203a-4741-ba2d-155c001ed7c6;
2026-07-30 14:01:48;FNGO;Venta;3.0;126.56;379.68;;;;3e167287-1744-4437-a6cd-c11c89165485;20260730140148072::21823c46-59eb-4342-b5f3-5a7cc6e48405;
2026-07-30 14:01:52;FNGO;Venta;2.0;126.15;252.3;;;;ed655e24-4c29-4298-8036-06290264dd9a;20260730140152712::123756b5-7fd3-408e-8428-8b78ed6c9e47;
2026-07-30 14:01:57;FNGO;Venta;2.0;126.15;252.3;;;;59373724-50cb-4184-82e8-5da0045c15c1;20260730140157386::95985cf0-9c08-413e-b764-d057d2c51a35;
2026-07-30 14:02:00;FNGO;Venta;3.0;125.77;377.31;;;;bf45b941-dc30-496a-ad8b-7b1e279cbcb7;20260730140200298::733a1ccc-2a28-4339-b570-2556eb30a97e;ejecucion parcial
2026-07-30 14:02:00;FNGO;Venta;1.0;125.7977;125.8;;;;bf45b941-dc30-496a-ad8b-7b1e279cbcb7;20260730140200297::e0273a19-f67f-49af-8a02-e3a9a3659987;
2026-07-30 14:02:04;FNGO;Venta;4.0;125.77;503.08;;;;9ec89ee1-d4dd-4e05-abb4-cc22f110169e;20260730140204974::d3674a8c-1bac-4942-83cd-d154a1b09e9c;
2026-07-30 14:02:08;FNGO;Venta;2.0;125.77;251.54;;;;3b50a933-8822-4732-b6fc-a01c757ab97d;20260730140208909::807eda45-ae0d-4b28-a165-4746965a4154;
2026-07-30 14:02:09;FNGO;Venta;2.0;125.77;251.54;;;;c75467fa-2912-42b2-8aee-10de87184cdd;20260730140209843::38fe0cfa-280c-4420-9816-39b858510372;
2026-07-30 14:02:15;FJP;Compra;35.0;74.65;2612.75;;;;e991ebe1-ff88-49c6-8fec-515fdb297555;20260730140215350::1d6c616a-59eb-435f-a7fd-1b5284042745;ejecucion parcial
2026-07-30 14:02:27;FJP;Venta;25.0;74.8;1870.0;;;;cac8aad1-ae9d-41ee-91db-024bce72fbf8;20260730140227057::3ca75c60-c175-4ee9-8c3c-477ba5ba48a9;
2026-07-30 14:02:34;FJP;Venta;10.0;74.915;749.15;;;;6b1c51d3-1dd2-41e2-b127-23edccca7a5e;20260730140234000::3cc49c44-4146-4494-b785-d954af22a95b;
2026-07-30 14:04:19;CFFI;Compra;40.0;83.26;3330.4;;;;a84c0906-1e88-4a5c-b697-c11d20b43cc1;20260730140419469::7b77bbbb-3aa5-421a-8df7-f4688f3f38ee;
2026-07-30 14:04:39;CFFI;Venta;10.0;83.5;835.0;;;;3e7c9e93-87c8-4e31-a09f-1899f4df85b6;20260730140439679::8e14fa8d-e2f5-4c0c-adc6-ff8b33e46224;
2026-07-30 14:04:42;CFFI;Venta;10.0;83.5;835.0;;;;bf1b4542-6d9b-445c-a4f1-f81a9828b7b1;20260730140442273::4a80e7e0-8f01-4add-af99-6a56b84edda6;
2026-07-30 14:04:52;CFFI;Venta;10.0;83.3;833.0;;;;a7ffe5d3-434f-4084-9766-e451c55a2da7;20260730140452593::811092c1-fdc9-4a48-b26f-2c015e95f84a;
2026-07-30 14:04:54;CFFI;Venta;10.0;83.4;834.0;;;;6b0983e1-450a-41d8-bac2-27b30c6b45ad;20260730140454650::1eb841b7-ab75-4df5-8441-cc32e42a974e;
2026-07-30 14:04:58;CET;Compra;40.0;52.33;2093.2;;;;e384528c-9e73-4669-bb34-a33816bdee20;20260730140458081::0606ed7a-f479-4fe8-8341-ed3bb628cfb7;
2026-07-30 14:05:20;CET;Venta;10.0;52.45;524.5;;;;1d8d0861-bd2e-4695-a922-a6221400cae9;20260730140520665::c4898a92-fdb5-4c65-ae54-97c94f9044b6;
2026-07-30 14:05:24;CET;Venta;10.0;52.45;524.5;;;;8e4d951e-40f1-47cc-ba3c-ab9e16179fdf;20260730140524622::54bc558b-a73b-4674-a283-7ac00b387d6d;
2026-07-30 14:05:30;CET;Venta;10.0;52.42;524.2;;;;4caf2f99-178e-43ff-9001-b35a349b619e;20260730140530483::8386cafa-28ce-45eb-8e30-32d5a8d12402;
2026-07-30 14:05:32;CET;Venta;10.0;52.42;524.2;;;;2c926f5b-0031-4c6f-8998-ddc8c74055ac;20260730140532721::622e309a-57cc-4667-a1d4-9b3ae68230b5;
2026-07-30 14:13:25;TNC;Compra;40.0;82.11;3284.4;;;;40048635-a3fd-44e1-a6e2-cc9324f8638f;20260730141325431::e4cde694-d6f8-4ade-aa16-80202bfb473d;
2026-07-30 14:13:36;TNC;Venta;20.0;82.22;1644.4;;;;66435eb1-6936-4732-8708-463e41167854;20260730141336432::94eef829-472d-478c-8998-9f78d244d58d;
2026-07-30 14:13:38;TNC;Venta;20.0;82.24;1644.8;;;;973a7c34-c07c-441b-bc0d-1c2f33947c9b;20260730141338470::1e3cc5c2-264c-4de9-a2af-b2941b813b6d;
2026-07-30 14:18:10;JEMB;Compra;40.0;52.89;2115.6;;;;d081151d-7eb9-4e64-bc28-b13070cb3554;20260730141810973::a6006a8b-eda3-4931-8133-8fe75206f3e2;
2026-07-30 14:18:30;JEMB;Venta;10.0;53.2;532.0;;;;af3215b3-0556-4e47-ae14-0d47e0592f5e;20260730141830953::99e1c336-8d38-4eec-81d8-b3069cdf55bc;
2026-07-30 14:18:37;JEMB;Venta;10.0;53.22;532.2;;;;4b2529f6-b42f-404c-b47d-8f7fa0feb973;20260730141837633::6008ace3-601c-4f73-a2c5-8b8673617442;
2026-07-30 14:18:49;JEMB;Venta;10.0;53.16;531.6;;;;7c6b292c-8207-4d87-9ea2-ee937a9eb9b9;20260730141849553::64af5970-528e-4344-95f2-a93998135a20;
2026-07-30 14:19:22;JEMB;Venta;5.0;53.06;265.3;;;;f05bbd97-62ca-4754-b459-984a01c0dbd7;20260730141922743::1fd5a865-b01a-45bb-bbfc-7bc1c8489a55;
2026-07-30 14:19:48;JEMB;Venta;3.0;53.02;159.06;;;;273b19dc-daf7-4059-b0eb-7bdf09ff4eb7;20260730141948332::111c0a06-7b11-4761-9824-9122df1dd18f;
2026-07-30 14:20:01;JEMB;Venta;2.0;52.98;105.96;;;;7da9bf84-7cfc-44b2-b732-dddd7c583b73;20260730142001150::17731ebc-9c97-4278-8bc0-95afe43f2fb2;
2026-07-30 14:20:12;ITRN;Compra;40.0;55.17;2206.8;;;;c4027059-9ff8-4e84-93d6-a840e6d7b1d2;20260730142012358::e14e0e71-4c49-4b94-8bd4-99e6317eb94f;
2026-07-30 14:20:26;ITRN;Venta;20.0;55.24;1104.8;;;;e1f5e317-8a18-472b-aa4c-e5ce6de1ea90;20260730142026935::778fada1-aeb5-4e70-b5f4-435880546b8e;
2026-07-30 14:20:28;ITRN;Venta;20.0;55.26;1105.2;;;;e1a9b13f-e46c-48c2-9e71-d30589928683;20260730142028238::e8611eda-a322-49ec-baa8-4dc84c16215c;
2026-07-30 14:21:08;GPOR;Compra;39.0;155.42;6061.38;;;;412c3af1-9a7a-48d0-97b0-f2391c84f856;20260730142108881::c99feec7-92ee-42e8-b9cf-873e1b149c4f;
2026-07-30 14:21:08;GPOR;Compra;1.0;155.42;155.42;;;;412c3af1-9a7a-48d0-97b0-f2391c84f856;20260730142108881::7234426c-0973-4586-9fb7-4b0b7f26ffb3;ejecucion parcial
2026-07-30 14:21:23;GPOR;Venta;20.0;155.5;3110.0;;;;8ef139bc-2b5e-49ce-a90d-f43f167e9a4a;20260730142123045::1f788d14-42d8-4cef-8718-6c0f85953273;
2026-07-30 14:21:28;GPOR;Venta;10.0;155.5;1555.0;;;;b24e0b76-b7b2-4f75-9753-4296584e00d7;20260730142128872::c5f8b1dc-e338-42d2-b9f6-c874d8c81dc1;
2026-07-30 14:21:31;GPOR;Venta;10.0;155.5;1555.0;;;;a26b2b9c-88db-413e-a627-e648d9a02f73;20260730142131376::36a82677-2e19-40e0-acc9-be1b5319013a;
2026-07-30 14:22:38;EXI;Compra;40.0;196.82;7872.8;;;;7f8b87c4-3409-4e13-8d5a-906378096d75;20260730142238163::f2ccd92f-be0f-4c93-90a6-aaeb2d0ea627;
2026-07-30 14:22:48;EXI;Compra;10.0;196.76;1967.6;;;;76fad408-c539-4584-9414-8f612563fad0;20260730142248585::1347b0b1-a150-408e-b0f1-2e3c7275f0ad;
2026-07-30 14:22:50;EXI;Compra;10.0;196.74;1967.4;;;;73e52521-24ba-4d1e-826e-f572071c6964;20260730142250538::36c413f7-6307-42fc-a750-1c69c42e471c;
2026-07-30 14:22:58;EXI;Compra;10.0;196.76;1967.6;;;;282bded1-cdbb-4c42-8ba7-55d12fac9d74;20260730142258832::016c8540-947a-489f-af25-f17e93e3ad4d;
2026-07-30 14:23:18;EXI;Venta;10.0;196.7501;1967.5;;;;f1b6b9cb-a7b1-4528-98ae-1325e5a8b4aa;20260730142318089::3e3236a8-1597-41b9-a4ee-1e2fbde45db3;
2026-07-30 14:23:24;EXI;Venta;5.0;196.7501;983.75;;;;7806a728-dd69-4c8b-a1b1-2b57c1babf42;20260730142324658::975b3fcd-408f-4b26-b067-0a38c8f6903b;
2026-07-30 14:23:28;EXI;Venta;25.0;196.82;4920.5;;;;5f8a98a7-40f4-49b1-927b-a3140de34b4a;20260730142328205::fd5d12d9-145d-4acb-bc2a-e2a2e9316cf7;
2026-07-30 14:23:36;EXI;Venta;10.0;196.84;1968.4;;;;66072eae-14dc-42f6-9110-6249967bda14;20260730142336476::97e1dd80-58be-4de0-b7d6-feeabf6aeefc;
2026-07-30 14:23:55;EXI;Venta;10.0;196.76;1967.6;;;;7f8374a9-9985-4ff3-ad1a-561146fb6321;20260730142355324::e38ce234-9437-4940-b272-16f0cb4f9518;
2026-07-30 14:23:58;EXI;Venta;10.0;196.7501;1967.5;;;;48c88aef-66aa-4c54-8d92-13258e4381b3;20260730142358372::ab325050-f54c-468c-8400-8eab415749a7;
2026-07-30 14:25:34;BPRN;Compra;40.0;41.58;1663.2;;;;c062d3f9-fb4d-447a-9509-22ec48fb06dc;20260730142534591::af5937a6-5914-4048-b5da-9ebb21567ac5;
2026-07-30 14:26:04;BPRN;Venta;10.0;41.6;416.0;;;;2aa7cca4-f9f3-44fc-ac0b-f2a5e75e4302;20260730142604817::1cf45e3b-3b4a-4f84-98c3-48e16e8c2a6c;
2026-07-30 14:26:06;BPRN;Venta;10.0;41.6;416.0;;;;3698c394-e43d-4334-ac4b-d353a83274a7;20260730142606233::9ba819f2-1e43-4b09-961f-2a26a5b26fd4;
2026-07-30 14:26:08;BPRN;Venta;10.0;41.58;415.8;;;;36e2515a-ed66-4b3a-8d3c-d08ef574aff1;20260730142608962::0c575a1f-c1c5-48cc-b258-7b74d720c18c;
2026-07-30 14:26:10;BPRN;Venta;10.0;41.6;416.0;;;;19e1a253-8a55-415e-a4ce-cb8964ce04f7;20260730142610626::8520aa7d-07c3-4314-9947-6addad4cfdfe;
2026-07-30 15:00:56;VEON;Compra;50.0;53.06;2653.0;;;;924ef259-685d-4450-905a-4813e4302548;20260730150056204::72ad14e2-47bc-48dd-a758-60666238bae9;
2026-07-30 15:02:05;VEON;Venta;10.0;53.0695;530.69;;;;5a3d40e0-8c0d-4d9f-a096-86ba3dd9fe87;20260730150205012::e237eb03-c524-42b9-a1f5-79d60068e49a;
2026-07-30 15:02:07;VEON;Venta;10.0;53.0695;530.69;;;;ce0b122f-a525-41e5-8997-281172be19fa;20260730150207937::de846f54-2204-4649-b816-1691473da9ac;
2026-07-30 15:02:11;VEON;Venta;25.0;53.08;1327.0;;;;2e599e34-3ee5-4f3d-bb4b-40853bbce612;20260730150211969::82c6e023-db38-4a44-a8d9-d498c0e0fee2;
2026-07-30 15:02:17;VEON;Venta;5.0;53.04;265.2;;;;950cac81-3657-4784-88da-6356b4f99c7f;20260730150217567::b2ff6c61-e0e3-4a65-ac8c-7863d3e849d2;
2026-07-30 15:04:03;RDVT;Compra;50.0;68.16;3408.0;;;;4a9fa377-ce4c-4417-ad0b-8cc9a370757c;20260730150403157::826668f1-09ea-4140-9f70-a156e6313145;
2026-07-30 15:04:28;RDVT;Venta;25.0;68.26;1706.5;;;;c9b18f42-9006-41b6-9169-466bf397dc97;20260730150428972::caa02367-6423-4c92-a5d7-fccf8af6cc47;
2026-07-30 15:04:30;RDVT;Venta;25.0;68.28;1707.0;;;;19504111-eeae-4a9c-a9b4-6f51807c65e3;20260730150430810::cf1e1151-ed84-43c9-9feb-c918ec49cd52;
2026-07-30 15:05:00;PLRZ;Compra;50.0;11.54;577.0;;;;1502fb26-c0ab-406f-93c2-41ce6e3852f7;20260730150500616::1f5be17c-6597-40fe-8de4-31827bc7b126;
2026-07-30 15:05:38;PLRZ;Venta;10.0;11.6;116.0;;;;9071884b-e167-4b9a-8748-b08dfb49efb0;20260730150538106::de62c149-3d5a-48d1-9424-ac10cec5a81d;
2026-07-30 15:05:46;PLRZ;Venta;25.0;11.6;290.0;;;;e4feb994-61b4-4140-932d-a9cb8c949110;20260730150546408::c256d1c9-088b-4838-bf21-e48cf4627fc9;
2026-07-30 15:05:58;PLRZ;Venta;15.0;11.56;173.4;;;;98cfe0bf-c1f5-4f85-852b-7639d12dcc91;20260730150558076::ee4efee5-9c95-4b96-92d5-8d56f62b7b17;
2026-07-30 15:09:13;JEMB;Compra;50.0;52.93;2646.5;;;;8cb9aff4-b09b-421a-bb94-ecb011c45563;20260730150913535::36a6382c-3168-4118-a144-546d0bfbd05c;
2026-07-30 15:10:12;JEMB;Venta;10.0;52.98;529.8;;;;759c69d7-27cb-4e1c-b15b-101ccca36287;20260730151012206::e261ae85-aabc-4fab-91c1-c4ec36aaffb3;
2026-07-30 15:10:18;JEMB;Venta;25.0;52.98;1324.5;;;;a442fbd9-9aa5-45fb-9d48-12e4c5578296;20260730151018347::af217680-d44d-42ab-9367-11e5de64e958;
2026-07-30 15:10:23;JEMB;Venta;10.0;52.98;529.8;;;;6708938b-8b7f-4cdb-bfde-93e712e28f39;20260730151023364::ebfcd489-171d-4226-8119-117d717d7117;
2026-07-30 15:10:28;JEMB;Venta;5.0;52.98;264.9;;;;2052871a-2b30-4ba5-88e4-f465d034dd9c;20260730151028755::61b0db79-369d-4d63-893d-ef58e20dfedd;
2026-07-30 15:11:08;HCI;Compra;50.0;182.22;9111.0;;;;33a97eeb-a9f3-4acf-bb8c-acbb0f43b846;20260730151108375::ee96c0b8-b972-4ab9-b53b-f1af00ea5e33;
2026-07-30 15:11:51;HCI;Venta;25.0;182.25;4556.25;;;;b29fb5ce-ba8e-4fab-8712-ee0e188bbee3;20260730151151033::fe3edaee-7da2-4d24-927c-78e02063d9d6;
2026-07-30 15:11:59;HCI;Venta;10.0;182.2;1822.0;;;;b1002e68-68fd-4bcd-920b-bde998a5ee32;20260730151159949::f0f42298-a591-4b27-91bb-c75b3371e757;
2026-07-30 15:12:01;HCI;Venta;10.0;182.2;1822.0;;;;915ba2bd-1aac-4779-8e29-fc6d56aeeb60;20260730151201025::694cbe8e-740b-44e9-9bdf-42ebbcd8b7f8;
2026-07-30 15:12:12;HCI;Venta;5.0;182.15;910.75;;;;f44bf13d-6000-4769-8001-5599fb8bc9dc;20260730151212408::a603306d-8174-4de9-b6c3-ce64e0b0e69e;
2026-07-30 15:12:59;FRD;Compra;1.0;33.8;33.8;;;;8d8e7ae9-77e7-4dea-aa3f-6bc2c952ab3c;20260730151259522::48802188-ba13-405d-ada3-591a4e81b9c4;ejecucion parcial
2026-07-30 15:13:17;FRD;Venta;1.0;33.9;33.9;;;;40590780-7a7f-431f-8427-a13611327660;20260730151317965::8763d0a7-55cd-4f9e-83cf-5123048e0fb5;
2026-07-30 15:15:52;BUUU;Compra;50.0;21.73;1086.5;;;;2b5b2abc-002f-4e1e-b547-1569c8bea837;20260730151552628::33b201df-f56c-4025-b630-6b1b7c7a1231;
2026-07-30 15:16:22;BUUU;Compra;10.0;21.5;215.0;;;;dda1cf10-8a8f-40a4-b2c1-1475bd5cae64;20260730151622686::43ad55e8-3113-4b48-bf1d-cfc76ecf4b22;
2026-07-30 15:17:53;BUUU;Venta;2.0;21.52;43.04;;;;ccfbded7-5cfa-42d9-bd23-075524b38797;20260730151753203::e61cf7a9-8441-4746-865c-16aa5e3746a2;
2026-07-30 15:17:56;BUUU;Venta;2.0;21.45;42.9;;;;e3e77480-76e4-486a-9424-b735c6e630e8;20260730151756875::391b2baa-034f-4acf-b847-9cd3185673f5;
2026-07-30 15:18:02;BUUU;Venta;1.0;21.52;21.52;;;;a8182998-e0f9-40d8-8e2f-723b13211643;20260730151802177::e648a3f4-b6cc-44d7-b684-5c5a297464b0;ejecucion parcial
2026-07-30 15:18:07;BUUU;Venta;9.0;21.55;193.95;;;;ed4b371a-5278-494b-bb20-e3d821091160;20260730151807308::fa9a20b1-d164-4998-8443-71b71027b1d2;
2026-07-30 15:18:31;BUUU;Venta;5.0;21.55;107.75;;;;bced0e9e-2d86-4eda-be15-1ac5b322872f;20260730151831282::d9c17608-0098-4174-9db7-e79beeedcbfb;
2026-07-30 15:18:33;BUUU;Venta;5.0;21.55;107.75;;;;792d0a61-87ad-49a4-92fb-02a08899f0b9;20260730151833135::651fbfdf-b152-4999-8a70-0fb898c30c6a;
2026-07-30 15:19:49;BUUU;Venta;3.0;21.45;64.35;;;;8bb12339-1301-4bc5-807b-720216933f2f;20260730151949306::064ea28d-7469-46fb-9b94-e2d4658fc595;
2026-07-30 15:20:35;BUUU;Venta;2.0;21.22;42.44;;;;36c7847e-514a-4669-8c77-837c9677b5b2;20260730152035367::ffcaba3c-8070-4793-a689-2da0f5558cac;
2026-07-30 15:23:07;BUUU;Venta;10.0;21.12;211.2;;;;2a1b2473-8477-4f17-816b-d208f96a5c7c;20260730152307607::511d1f2b-0c94-431a-bb59-425312160293;
2026-07-30 15:23:25;BUUU;Venta;5.0;21.4;107.0;;;;8644f47a-5d8a-428f-b9fc-99519d4df546;20260730152325411::f8b8c1ef-5f15-40c9-97c7-1921a77782ca;
2026-07-30 15:23:34;BUUU;Venta;5.0;21.2;106.0;;;;bc55d8e7-c380-426a-aeff-d8560484fbe5;20260730152334546::2d4eca35-6c99-4106-9bb5-8bf8b398ca7d;
2026-07-30 15:23:36;BUUU;Venta;5.0;21.3;106.5;;;;2f494675-0708-492f-b7c5-174be0f6cf3d;20260730152336884::65065bc3-e1bb-4a1b-b71b-15bac7fec6ad;
2026-07-30 15:24:29;BUUU;Venta;3.0;21.12;63.36;;;;ae97aa66-f07a-4611-920a-69c9b262f51f;20260730152429068::69834e9a-019b-4367-8168-d1697826b50c;
2026-07-30 15:24:31;BUUU;Venta;3.0;21.3;63.9;;;;7d12bf11-d2f1-468d-bc37-13a8ec6eb019;20260730152431181::bbc0a1c8-76ab-4163-ad3e-cfc533856574;
2026-07-30 15:26:09;AGMI;Compra;50.0;61.34;3067.0;;;;a28ea8aa-31f5-4117-a7b5-0321d6704e43;20260730152609751::35423a2c-531c-49a8-813f-7889793a18c5;
2026-07-30 15:27:16;AGMI;Venta;25.0;61.34;1533.5;;;;b296367a-7c6d-4632-84fa-87bef8b45122;20260730152716616::048451e8-7e0b-4367-81cd-88426483aa2a;
2026-07-30 15:27:34;AGMI;Venta;25.0;61.3468;1533.67;;;;54e1202f-4c5c-4f05-958a-243a6d308bb8;20260730152734536::260e37ac-c96b-46af-b4c0-1d4df5a70c96;
2026-07-30 15:36:12;ZOOZ;Compra;50.0;5.24;262.0;;;;1d9f9636-ea6b-414c-8e85-14a5ada3ebde;20260730153612510::68226528-6d7c-4052-9537-5fc7e5ed46d3;
2026-07-30 15:36:30;ZOOZ;Venta;20.0;5.35;107.0;;;;32bebf48-19b9-4dcf-98a8-367679be7b5c;20260730153630307::13d6ab01-f20a-4921-9d74-38f3634db456;
2026-07-30 15:36:42;ZOOZ;Venta;10.0;5.3;53.0;;;;a1826235-193e-4a77-9755-843d371e6b33;20260730153642820::3415232c-43ec-4da1-bcbd-01af6b9c5893;
2026-07-30 15:36:50;ZOOZ;Venta;10.0;5.3;53.0;;;;bd5b4094-ab1e-4486-bfe2-dc1310e10e25;20260730153650394::f1fcf4a5-cb8f-438d-a5c8-5f28e0cb204a;
2026-07-30 15:36:51;ZOOZ;Venta;10.0;5.3;53.0;;;;5b8ccd6c-6c30-4bbe-aa26-77477677faf3;20260730153651503::1a05fb2b-c7f4-4f9d-9953-21d486c0a42c;
2026-07-30 15:37:21;VEON;Compra;50.0;53.09;2654.5;;;;311de209-6011-40df-a751-1492a30fa029;20260730153721460::b6c70e69-389a-4c76-af06-420c9b8165f7;
2026-07-30 15:38:00;VEON;Venta;10.0;53.0792;530.79;;;;10364d62-ec2f-43b1-b1e6-a7911f4f5b01;20260730153800482::0a28edf6-b850-42ca-9680-e3bd2fe69a6c;
2026-07-30 15:38:02;VEON;Venta;10.0;53.0792;530.79;;;;fd24cdfd-1a10-4edb-92b0-2c168b962d04;20260730153802856::16298fcc-d503-483d-ae48-d7d8ed70be1f;
2026-07-30 15:38:08;VEON;Venta;10.0;53.08;530.8;;;;3b988dcb-9bb5-4bd1-b69a-f9814ae41ae6;20260730153808668::d11f4f86-5a36-4745-a604-838e7b1bb15f;
2026-07-30 15:38:11;VEON;Venta;10.0;53.0792;530.79;;;;7bc97e0f-b59d-4e53-8316-72a48ab6d277;20260730153811813::602bbfca-4189-4edc-9248-f269732b7233;
2026-07-30 15:38:13;VEON;Venta;10.0;53.0792;530.79;;;;dcef730d-cff5-4928-bad7-6fe65e7fb030;20260730153813163::fbdc81f3-dd70-4da8-9086-80424b142433;
2026-07-30 15:41:25;NPK;Compra;50.0;122.33;6116.5;;;;57cb336a-a1d5-4082-a867-21d36ac54eaf;20260730154125951::c3727064-0015-4a03-95af-69e49298df28;
2026-07-30 15:41:49;NPK;Venta;25.0;122.38;3059.5;;;;aa63c8ed-292d-42f5-aedc-e4f7c495fa04;20260730154149707::7ff512b7-39d4-447e-963d-b723ee4cb162;
2026-07-30 15:42:53;NPK;Venta;19.0;122.2;2321.8;;;;b6c3ae64-ab42-4e6d-9438-8c9962d1c214;20260730154253686::58f8b085-2608-4474-91a8-048577d58ee9;
2026-07-30 15:42:53;NPK;Venta;5.0;122.2;611.0;;;;b6c3ae64-ab42-4e6d-9438-8c9962d1c214;20260730154253685::23977812-32a5-4b21-a8d1-db072ccf5288;ejecucion parcial
2026-07-30 15:42:53;NPK;Venta;1.0;122.2;122.2;;;;b6c3ae64-ab42-4e6d-9438-8c9962d1c214;20260730154253678::a4615e3a-7eb1-4fe5-9024-a3da729b0d88;ejecucion parcial
2026-07-30 15:43:25;NBN;Compra;50.0;123.96;6198.0;;;;62b83aaa-b864-4cd8-a20a-a9bda7dc454d;20260730154325554::341ec641-9190-4db8-a8aa-e6aaf6ee217e;
2026-07-30 15:43:44;NBN;Venta;20.0;124.05;2481.0;;;;ea2eba44-a385-4262-88e5-1f70a6c03f63;20260730154344490::3bb70638-c476-47d4-95fb-332b1ec6795c;
2026-07-30 15:43:47;NBN;Venta;3.0;124.1;372.3;;;;a05814f4-842c-40e0-8389-b5f53e1f7ee5;20260730154347387::158518d3-f894-42a7-8b8c-048b47b5fbf7;ejecucion parcial
2026-07-30 15:43:53;NBN;Venta;10.0;124.0;1240.0;;;;161d2915-7b77-4343-b30f-210843a3148d;20260730154353229::aabc0c60-08d1-4b7d-897b-9f09330fc939;
2026-07-30 15:44:11;NBN;Venta;3.0;124.0316;372.09;;;;6c781321-7511-48db-9adc-26e3eece4581;20260730154411250::40603b3e-5a2a-4b7a-bd04-9583ac5a3846;
2026-07-30 15:44:25;NBN;Venta;10.0;123.85;1238.5;;;;9db58155-fcda-4cb5-8eb5-fb3a2da8c2dd;20260730154425216::c71d8eef-48ed-4bd6-ab98-a2a77ae9f8ef;
2026-07-30 15:44:45;NBN;Venta;4.0;123.8;495.2;;;;787d47fd-e54a-4782-96fb-15da8e778389;20260730154445341::492e0e01-b288-48d7-94dc-4dc9ed6cce89;
2026-07-30 15:45:30;LBTYB;Compra;37.0;11.91;440.67;;;;b22bbbd5-de13-4423-903d-130e4e9e6a51;20260730154530317::51fb140f-1e7c-4bb5-a1f8-58e1771fb5f8;ejecucion parcial
2026-07-30 15:46:10;LBTYB;Venta;10.0;11.92;119.2;;;;5b902921-6743-4a57-ba09-cbfac7a2e7af;20260730154610899::ae92092a-8f8a-4cb9-b45c-f54dfb5ef686;
2026-07-30 15:46:32;LBTYB;Venta;8.0;11.85;94.8;;;;3ddd8bc0-2579-44bf-913d-a57eaf984599;20260730154632274::12c711b8-99ee-4e50-b1bb-761b10bd8d63;
2026-07-30 15:46:49;LBTYB;Venta;4.0;11.8359;47.34;;;;12bb3545-0f45-4924-8748-ab70490c6283;20260730154649720::f34c4a0d-e23d-4285-8671-abaca352f729;
2026-07-30 15:46:52;LBTYB;Venta;4.0;12.0223;48.09;;;;ebd0747f-4d89-4227-8938-2c0cf8fd0663;20260730154652815::292fb3d2-7124-43f1-99bc-64c20fc7d3ec;
2026-07-30 15:46:57;LBTYB;Venta;2.0;12.195;24.39;;;;2e8ad206-eb05-4bc6-a44a-5bc53d98e8cd;20260730154657721::9f2d4dfd-c502-4900-8fac-e046a7b69e4f;
2026-07-30 15:46:59;LBTYB;Venta;2.0;11.8361;23.67;;;;661ee35c-0a6c-4378-8fa8-c9bd3b61bd39;20260730154659986::3556ff50-699e-4c79-af32-47941fa99f09;
2026-07-30 15:47:03;LBTYB;Venta;3.0;12.4;37.2;;;;6f5ffd39-8a22-453b-b26f-d0eb5f1eae42;20260730154703429::41251b89-c9ee-49de-a877-d7bfadd91bd8;
2026-07-30 15:47:05;LBTYB;Venta;4.0;11.72;46.88;;;;f5460d49-2ae3-41c7-8c65-81222fb1a23d;20260730154705918::f13275c6-ef9f-42dc-a5f3-4eabe4961f1f;
2026-07-30 15:48:02;HERZ;Compra;3.0;15.48;46.44;;;;8b81eb47-589d-4a8d-8db0-082ec0b233c2;20260730154802619::eaf3d706-034f-44cb-9772-e9d8bd6a6262;ejecucion parcial
2026-07-30 15:48:13;HERZ;Venta;3.0;15.7203;47.16;;;;841fbf3d-0551-4618-bdb1-3be3e402a2de;20260730154813026::be6c7f1d-0eb1-494c-affd-3b3593707f2b;
2026-07-30 15:50:33;CHCO;Compra;50.0;144.31;7215.5;;;;3519c38b-f548-41e5-8c2d-44efc991d42a;20260730155033480::a1c5dd8f-6d59-4f19-ac6e-a025ba11a805;
2026-07-30 15:50:49;CHCO;Venta;25.0;144.38;3609.5;;;;4980d9d3-47ca-42d3-a615-5a2b52dd85f8;20260730155049806::c25dc77b-8522-4a48-8e08-9b4a7c1bcd7d;
2026-07-30 15:50:51;CHCO;Venta;25.0;144.4;3610.0;;;;a8c98b46-e126-4afc-985b-654024a1540a;20260730155051954::e5d08687-ed73-46ce-9253-fa8f200da212;
2026-07-30 15:51:26;BOKF;Compra;50.0;141.26;7063.0;;;;ffc47aa1-8a0e-476f-9c0e-32bb5f91fcc9;20260730155126228::72d6e10d-274e-451c-a19d-094dbe35cf0e;
2026-07-30 15:52:22;BOKF;Venta;20.0;141.18;2823.6;;;;141fc08b-0b85-4e64-b579-7d143978f4ad;20260730155222204::a058e1b4-51c3-410e-8cd7-ddce8678cfb6;
2026-07-30 15:52:29;BOKF;Venta;10.0;141.29;1412.9;;;;fe7a73e7-3cc7-442f-99c1-de71316edaff;20260730155229756::99e52a9e-a8b0-4da5-8736-50f8219a84ae;
2026-07-30 15:52:31;BOKF;Venta;10.0;141.29;1412.9;;;;6afa3f42-2a76-4078-adb4-a2deeee6719b;20260730155231371::ddc30b04-9735-4cb4-a11c-9c394656f6f8;
2026-07-30 15:52:51;BOKF;Venta;5.0;141.16;705.8;;;;b91001a0-7b2e-490a-a5ce-d72a22d67998;20260730155251886::22a9477b-fcce-4704-ba2e-8f1fae6eb343;
2026-07-30 15:52:56;BOKF;Venta;5.0;141.14;705.7;;;;181b7ffb-ed94-449c-be23-1c36fdb4ca75;20260730155256455::11dee856-402e-43fa-bf66-a3f982c29d10;
2026-07-30 15:53:01;BLTE;Compra;50.0;160.98;8049.0;;;;609e847c-64b9-48f7-8848-3bd3ba226de0;20260730155301002::4c05f4ba-5393-4143-8c20-d4d68d0bb8d6;
2026-07-30 15:53:06;BLTE;Venta;25.0;161.14;4028.5;;;;a652b9d6-6fa6-4818-8f76-a78499e13b03;20260730155306433::3a7d5e86-ffbe-417e-ba6f-56d70f35cc48;
2026-07-30 15:53:17;BLTE;Venta;10.0;161.1;1611.0;;;;3e4a8c30-e7f4-4148-bf9e-efcdd472bf9d;20260730155317033::2a58819f-3c34-4ef3-8385-b17a7c9fe1e7;
2026-07-30 15:53:24;BLTE;Venta;10.0;161.08;1610.8;;;;ab5e421b-51e3-4f51-a5ed-d094b63b91e5;20260730155324149::1bfc4e17-229b-45ca-a82f-33015d6bd6ff;
2026-07-30 15:53:31;BLTE;Venta;5.0;161.315;806.58;;;;2955b013-ae56-4d15-a9e7-450f4286c239;20260730155331200::5c344b1b-d315-4c6a-ad72-461c57ad8918;
2026-07-31 10:54:31;XSW;Compra;21.0;180.05;3781.05;;;;31de5828-86cb-43d6-86c3-630ac6e7bbc1;20260731105431533::cd69f9f7-1eda-46bd-a6da-191209d38f34;ejecucion parcial
2026-07-31 10:54:31;XSW;Compra;4.0;180.05;720.2;;;;31de5828-86cb-43d6-86c3-630ac6e7bbc1;20260731105431533::9fecf448-c9c7-413a-89a6-88d006535058;ejecucion parcial
2026-07-31 10:54:31;XSW;Compra;15.0;180.05;2700.75;;;;31de5828-86cb-43d6-86c3-630ac6e7bbc1;20260731105431533::42e1bc0e-fa59-46e3-a67b-9b359b5235a4;
2026-07-31 10:54:54;XSW;Compra;3.0;180.0;540.0;;;;aed7a2a1-5076-4485-a1db-dfe964a56ae1;20260731105454493::1d52e1f3-6892-4fc6-9cf8-4b6eda9237f5;
2026-07-31 10:54:54;XSW;Compra;7.0;180.0;1260.0;;;;aed7a2a1-5076-4485-a1db-dfe964a56ae1;20260731105454493::0c749e12-4e58-4d18-8d8f-b131696e0195;ejecucion parcial
2026-07-31 10:55:21;XSW;Venta;10.0;180.06;1800.6;;;;5fc3d7f0-a75e-4d2d-b764-fa9011824942;20260731105521673::b826312c-97b1-4108-a3f1-818415e6a404;
2026-07-31 10:55:23;XSW;Venta;10.0;180.08;1800.8;;;;ac89356d-5970-4c90-931c-be03c97cc16a;20260731105523644::a8ba16b4-0e39-4b98-845b-f9e3ca94edef;
2026-07-31 10:55:25;XSW;Venta;10.0;180.08;1800.8;;;;dd3a2194-f004-4da9-a818-30ac0b87ccc5;20260731105525361::38a5fbf3-c0fb-4a49-91f8-6834e3369518;
2026-07-31 10:55:26;XSW;Venta;10.0;180.08;1800.8;;;;c5418322-bb2d-4cfa-b75c-feb196ae2992;20260731105526930::e9621e69-3880-4785-985d-46fd4c3a9676;
2026-07-31 10:55:28;XSW;Venta;10.0;180.1;1801.0;;;;af93ca83-f1cc-4d6b-a4d7-d701932a0bd7;20260731105528458::4e6f833b-e55c-4227-8019-ee30d27650e6;
2026-07-31 10:55:43;WLFC;Compra;40.0;71.95;2878.0;;;;78762faf-ab12-4ab9-bcb9-524e3e0dc5b5;20260731105543876::001fe374-23f6-4840-bd64-ca9a4509ca46;
2026-07-31 10:56:13;WLFC;Venta;20.0;72.14;1442.8;;;;44fa31fa-81b6-4d6d-91b1-8db75885e986;20260731105613725::19f3ba7b-6120-4995-9dac-db9aad416ba1;
2026-07-31 10:56:15;WLFC;Venta;20.0;72.18;1443.6;;;;2dac95cf-ed59-462b-beff-076f6a7a9cf4;20260731105615387::3de00b88-90f2-4305-a883-bcb9fa3b5a1e;
2026-07-31 11:00:00;SKK;Compra;40.0;4.8;192.0;;;;43443501-184e-484b-ac99-c9b45365dc1a;20260731110000892::9a420978-72ea-4cf9-b177-23333d482742;
2026-07-31 11:01:24;SKK;Venta;10.0;4.73;47.3;;;;454d1c92-cc8e-4e1d-bded-863eb3552dd9;20260731110124863::e219e5ca-de72-4e68-980a-4f2eb9a25ff0;
2026-07-31 11:01:31;SKK;Venta;5.0;4.73;23.65;;;;7848493f-ae27-4466-ac4c-7c2e6b9448b3;20260731110131277::988245e7-2d4a-4f5b-ba40-22623e969c6c;
2026-07-31 11:01:33;SKK;Venta;5.0;4.7202;23.6;;;;a5d59d8d-4445-43df-b2db-9b7dea50b86b;20260731110133975::845d3ddb-e439-4cf0-b33b-aaacd99ac20b;
2026-07-31 11:01:40;SKK;Venta;10.0;4.76;47.6;;;;af106781-84e4-4238-ad8b-e2c2b8cbeb58;20260731110140817::d11d65e0-99e0-442e-b559-4a760e22928e;
2026-07-31 11:01:42;SKK;Venta;10.0;4.76;47.6;;;;d1aaf8d6-be0b-4222-916b-822b2541d3ab;20260731110142245::9586fc65-8dec-40a5-bfc6-6878d0d46cf8;
2026-07-31 11:02:26;RILYL;Compra;3.0;12.79;38.37;;;;9a5db150-8cac-43ab-b5ab-3827c42237ee;20260731110226262::2f779a19-c748-4490-acc9-a635fa14aa88;ejecucion parcial
2026-07-31 11:02:46;RILYL;Venta;3.0;12.8;38.4;;;;fcc3e39d-65d3-4fa3-b127-270adde14610;20260731110246387::57d21aa3-af4a-4847-a23d-49cf48d7319a;
2026-07-31 11:05:06;PLRZ;Compra;40.0;11.81;472.4;;;;60b61f6c-426a-4f9a-8aff-8b2150d32c99;20260731110506355::8b047333-027d-453d-b768-14cbb97bd66c;
2026-07-31 11:05:32;PLRZ;Compra;10.0;11.7;117.0;;;;3d6ef7f6-8726-4a8c-baf0-59bc12944e02;20260731110532130::ca884647-a44b-4597-8209-879fc611372b;
2026-07-31 11:06:12;PLRZ;Venta;10.0;11.74;117.4;;;;be33773a-2e52-44e8-a534-671d23e93fa4;20260731110612190::b4125d2a-06f0-4503-bb45-f3d55b556c79;
2026-07-31 11:06:18;PLRZ;Venta;25.0;11.74;293.5;;;;37c46ed8-f67c-4d28-a991-82e02678ae74;20260731110618092::be5d5e34-cfd3-4e24-b6c1-d2e035690981;
2026-07-31 11:06:25;PLRZ;Venta;15.0;11.74;176.1;;;;f3631bb3-4eeb-41ac-9656-a92126a02e39;20260731110625307::e02503ae-add8-4b5c-8f28-b5ee9e1d1a5f;
2026-07-31 11:09:08;NIC;Compra;40.0;169.57;6782.8;;;;c6e82b55-fe72-4ce8-afc4-2b7373c81b1d;20260731110908298::fb55ffad-e046-4e91-a16b-ac810c7ac12a;
2026-07-31 11:09:24;NIC;Venta;10.0;169.72;1697.2;;;;541ad9ea-7b8b-428a-b006-c9a445fe560b;20260731110924569::7713c18e-ea13-4018-9042-bc38c3c4bc69;
2026-07-31 11:09:29;NIC;Venta;10.0;169.7;1697.0;;;;4912cae6-ca73-46d5-b189-e19172e7d1b7;20260731110929473::f016d66c-26de-46a1-bca4-d726dd135c9f;
2026-07-31 11:09:46;NIC;Venta;10.0;169.67;1696.7;;;;4299cc7b-2157-4591-8555-ed1c924370a8;20260731110946136::4e173d53-a94b-41bd-b30f-0c20d68d0b4f;
2026-07-31 11:09:50;NIC;Venta;10.0;169.65;1696.5;;;;9ef8560e-bc1d-444a-92ef-f318a779c482;20260731110950808::ac30bcaa-c480-4d2a-b8da-71a7f4238825;
2026-07-31 11:10:33;MKTW;Compra;8.0;19.69;157.52;;;;491cf7e2-f29e-46db-bcb6-9d3fa40253d2;20260731111033853::fd6ce48c-b532-414c-83cb-a4fee31e7556;ejecucion parcial
2026-07-31 11:10:33;MKTW;Compra;32.0;19.69;630.08;;;;491cf7e2-f29e-46db-bcb6-9d3fa40253d2;20260731111033853::12f65a99-0e8e-4480-a276-bea38ace0e47;
2026-07-31 11:11:32;MKTW;Venta;5.0;19.66;98.3;;;;c413de49-4b1c-49a0-8fa8-b4c5a9feb504;20260731111132136::a335fa1c-174b-4f7c-8766-49049b4bc5c0;
2026-07-31 11:11:37;MKTW;Venta;10.0;19.828;198.28;;;;44ca8ff8-bbd0-4dd3-a006-edad2da17166;20260731111137138::d53200f7-5bdf-4b14-acb9-525d8fa92bb0;
2026-07-31 11:11:41;MKTW;Venta;2.0;19.715;39.43;;;;81f3f364-d615-48a7-91c5-b8481573e4ec;20260731111141945::609b2127-a2b5-400a-8f87-b0cbb4c71485;
2026-07-31 11:11:43;MKTW;Venta;2.0;19.6501;39.3;;;;19620294-3a46-42cc-9019-250c08662d98;20260731111143639::f4f5d476-e366-47bb-bcf8-b8925646040c;
2026-07-31 11:11:46;MKTW;Venta;10.0;19.7148;197.15;;;;be453c36-855f-42f2-8674-47dadad3117d;20260731111146007::c35c0ba8-a639-4b7c-abe5-6c0cf09b5c48;
2026-07-31 11:11:53;MKTW;Venta;2.0;19.828;39.66;;;;8914c8b7-f39e-42b2-a95b-5a72925c39a1;20260731111153463::8cd8d5a9-80e8-4003-9b9a-cdda042f9811;
2026-07-31 11:11:55;MKTW;Venta;2.0;19.6501;39.3;;;;9f1d6e0c-2b71-45ef-a2ee-5ce3a97d1153;20260731111155083::059559a9-7e1c-4a5b-9710-b4cdfbbd0595;
2026-07-31 11:12:01;MKTW;Venta;7.0;19.7149;138.0;;;;f396b1c2-3182-4f95-be6d-85427b0cde29;20260731111201093::017d39fb-51be-438b-b6b3-dfd30efb3edb;
2026-07-31 11:13:37;IBD;Compra;40.0;23.57;942.8;;;;7ff1fca9-efc9-4843-a424-3236a6212860;20260731111337090::e5e0515a-9b56-4443-93dd-3c16abec88d6;
2026-07-31 11:14:02;IBD;Compra;10.0;23.55;235.5;;;;ac35633f-9bc7-4b0f-b1d1-b3fd481e7cc3;20260731111402833::dd4b8605-1b8e-47d4-87d0-1c2615f8db0f;
2026-07-31 11:15:11;IBD;Compra;10.0;23.53;235.3;;;;2e804d55-cd59-4b03-af20-f1052d558f64;20260731111511714::709a16b3-f824-4746-99c6-c797dbb74269;
2026-07-31 11:16:14;IBD;Venta;25.0;23.56;589.0;;;;99184067-2bea-4c99-898b-317a72322e35;20260731111614619::35369fb9-1cc1-4baa-a894-56241804db62;
2026-07-31 11:16:25;IBD;Venta;10.0;23.55;235.5;;;;93b4e9f0-eaab-4013-b8cc-320a37c01065;20260731111625836::c4e9ecfb-6135-40f6-9719-50993421cdbb;
2026-07-31 11:16:26;IBD;Venta;10.0;23.55;235.5;;;;1cf9c561-6108-4c48-845e-ef32e42a11e8;20260731111626590::cfa4cb38-e19e-41f7-8887-197202f9e6f8;
2026-07-31 11:16:27;IBD;Venta;10.0;23.55;235.5;;;;85147a91-3410-4f79-940a-f30982dbe417;20260731111627400::9d0cfb43-3cea-4c4c-8c2a-ddc71fd62f6c;
2026-07-31 11:16:34;IBD;Venta;5.0;23.55;117.75;;;;de7c6ebd-b818-417d-9f66-c3bface8514f;20260731111634669::46e1c659-b992-4190-9f42-f2f595090dc6;
2026-07-31 11:17:09;GSBC;Compra;12.0;80.22;962.64;;;;130e94c1-83ba-4ec7-af0f-4141237c454f;20260731111709577::8af3e1e5-315a-4ed4-a48b-6de67028eea0;ejecucion parcial
2026-07-31 11:17:09;GSBC;Compra;19.0;80.22;1524.18;;;;130e94c1-83ba-4ec7-af0f-4141237c454f;20260731111709577::36ef6d20-0a2f-44c0-ae0a-0282e5933c64;ejecucion parcial
2026-07-31 11:17:21;GSBC;Venta;10.0;80.32;803.2;;;;6811da17-f6cd-4329-b671-8d8e1a71e2e3;20260731111721437::971677e0-bab6-4676-8363-c9888ca0cacc;
2026-07-31 11:17:23;GSBC;Venta;10.0;80.33;803.3;;;;89925365-3628-42a4-b7d9-c39f6afbeda0;20260731111723133::d2aa3088-8ed3-4946-9798-cf33342ecfc4;
2026-07-31 11:17:52;GSBC;Venta;11.0;80.24;882.64;;;;dc9e858e-965f-4d1f-ac3d-56d1c4e01d42;20260731111752897::a00b08d6-6096-4fc6-bc63-73b8a41859ca;
2026-07-31 11:36:10;CCM;Compra;40.0;4.55;182.0;;;;f33137a3-f62c-42eb-9980-7a4885d60681;20260731113610191::39b4ca0b-6b9e-48d6-b3ea-2aef81cbf6d8;
2026-07-31 11:37:32;CCM;Venta;5.0;4.6;23.0;;;;91436ca8-a1a6-45b7-84d0-114100047934;20260731113732518::bb643401-4a5c-4060-a591-6c42c2036cc4;
2026-07-31 11:37:39;CCM;Venta;5.0;4.58;22.9;;;;df86edee-e4aa-4096-9c74-9ab8910dfaeb;20260731113739542::725cec40-1581-40c1-8fb8-010e6b89ea7c;
2026-07-31 11:38:02;CCM;Venta;8.0;4.54;36.32;;;;cfba98a4-9874-44f5-86cb-420f6a131dab;20260731113802157::fe459490-8e67-4119-8f6d-b0df4b04b2bc;ejecucion parcial
2026-07-31 11:38:03;CCM;Venta;2.0;4.52;9.04;;;;a76940d5-d27f-40a4-b30e-1744678570f4;20260731113803351::1989d7f6-4f16-4fe6-bad8-15b6c3587d8c;
2026-07-31 11:38:07;CCM;Venta;10.0;4.54;45.4;;;;fb5d60aa-19bf-43de-9cab-5bf427f060e4;20260731113807575::5580d85b-e7ec-42a6-96bd-8196c09903f8;
2026-07-31 11:38:09;CCM;Venta;10.0;4.54;45.4;;;;a017deb7-8dd7-4f9b-9a3e-fd965bb6cbf0;20260731113809303::6370fbf4-b18c-470f-9bab-5f9f14fd3a02;
2026-07-31 11:44:52;ANTA;Compra;40.0;3.04;121.6;;;;8c6f3b84-2b4e-4704-98b5-58a81868ee69;20260731114452653::f62497b5-12e5-4831-b777-126413b2890b;
2026-07-31 11:45:20;ANTA;Venta;20.0;3.14;62.8;;;;6f94922e-a5e9-4439-8b96-5795f53ce1d6;20260731114520455::2fa5de24-ca84-4034-a39a-a9019646f5f4;
2026-07-31 11:45:24;ANTA;Venta;20.0;3.14;62.8;;;;38911900-2aea-499e-9bd8-2a2f02f769a1;20260731114524780::2578d9c4-258b-4911-b4d8-e3089bcd1114;
2026-07-31 12:17:30;SOR;Compra;40.0;46.17;1846.8;;;;bf6cfa65-16a6-47b1-a7ca-71a8b1cbec7f;20260731121730974::9638aded-8954-4cf7-868a-124a22d8e957;
2026-07-31 12:17:53;SOR;Venta;20.0;46.24;924.8;;;;37931b56-e38e-41b3-92d7-f45b2c8900e7;20260731121753946::0e8e1de2-a7fc-4762-898b-ddf611bea36d;
2026-07-31 12:18:00;SOR;Venta;20.0;46.24;924.8;;;;802a250e-4e26-4bf3-a476-2c08ab6ed2cb;20260731121800881::7e3af7d4-edf7-442d-b950-0fd6ad607092;
2026-07-31 12:23:02;NIC;Compra;40.0;170.17;6806.8;;;;9416bcca-5a79-48b2-9c5a-2a538453c529;20260731122302897::54c72dec-806d-4d16-96f7-3f0051129d9e;
2026-07-31 12:23:17;NIC;Venta;18.0;170.38;3066.84;;;;1b61b8a0-6e98-408c-99fa-b7c9323a620a;20260731122317969::52dda8db-b8e2-4ceb-82b0-8ec1bd6bbe60;
2026-07-31 12:23:17;NIC;Venta;2.0;170.53;341.06;;;;1b61b8a0-6e98-408c-99fa-b7c9323a620a;20260731122317952::be5bd24d-27a6-4141-85dc-cf60785d15a5;ejecucion parcial
2026-07-31 12:23:24;NIC;Venta;20.0;170.38;3407.6;;;;8acd4507-ef75-4288-8aa2-311bfd349f2b;20260731122324366::bc918733-20cb-4ca7-b74d-0cefa6a2703c;
2026-07-31 12:26:34;GSIW;Compra;19.0;21.2;402.8;;;;82da61ac-af6c-410c-99b6-5be10d73a2ad;20260731122634063::726e7d9d-5dd3-4481-a630-6f00b2084832;ejecucion parcial
2026-07-31 12:26:43;GSIW;Venta;5.0;21.32;106.6;;;;f6b517ec-8a1c-4ad5-81fa-e0d8836569cc;20260731122643828::e9640e84-feb6-4d85-b70e-6b4227f8eaee;
2026-07-31 12:26:43;GSIW;Venta;14.0;21.32;298.48;;;;f6b517ec-8a1c-4ad5-81fa-e0d8836569cc;20260731122643825::5a557c0e-6f98-4bbf-b3dc-d0e7b86da9f7;ejecucion parcial
2026-07-31 12:27:57;FSZ;Compra;40.0;81.38;3255.2;;;;575a4087-f5c5-4db6-8b71-00fe720a0275;20260731122757747::2579cef9-2f02-4d31-84d1-380bc903845c;
2026-07-31 12:29:18;FSZ;Venta;14.0;81.4;1139.6;;;;bc1b3c86-f838-43cf-8da9-c01a0fb210ad;20260731122918900::2b5099d1-5934-4e0c-9f02-90da9da23632;ejecucion parcial
2026-07-31 12:29:30;FSZ;Venta;13.0;81.48;1059.24;;;;33da4deb-d143-464b-a970-6e13e9215b51;20260731122930007::ef2b9256-caf3-4f3b-b73f-b5f61cb06818;
2026-07-31 12:29:31;FSZ;Venta;13.0;81.48;1059.24;;;;a7290380-f130-4d02-9a56-5b9c4bebb038;20260731122931522::4a0d9e47-6649-4439-9846-3b0b00749a63;
2026-07-31 12:35:24;ATHR;Compra;7.0;3.51;24.57;;;;5e590d6b-1a5c-4446-8509-c3f74c4e4b85;20260731123524351::e8848558-9dc3-4b1b-9968-10977ab5ddeb;ejecucion parcial
2026-07-31 12:35:24;ATHR;Compra;1.0;3.49;3.49;;;;5e590d6b-1a5c-4446-8509-c3f74c4e4b85;20260731123524317::7f91f7ec-a1bc-4ef6-81fd-c406e17076d7;ejecucion parcial
2026-07-31 12:35:51;ATHR;Compra;10.0;3.42;34.2;;;;f8e57d82-1d20-42cf-9495-b01c2d569494;20260731123551969::69b00da6-ef6b-42f9-a5fe-0971864f3fd1;
2026-07-31 12:36:40;ATHR;Venta;5.0;3.38;16.9;;;;2f3dd38c-493b-46ef-988c-49406eeee085;20260731123640752::f7422c15-7688-4b76-b0a6-68d2864b34a2;
2026-07-31 12:36:45;ATHR;Venta;5.0;3.38;16.9;;;;f2a1afab-0ae6-4847-9818-a171bbb4b4e0;20260731123645266::49d35e07-af83-4d2a-bffb-62722ab9cad3;
2026-07-31 12:36:51;ATHR;Venta;8.0;3.5;28.0;;;;a27b7d68-fbed-490f-b1d1-f2b3af1d6075;20260731123651217::363340df-8659-476e-a84b-99a7de2525b9;
2026-07-31 12:37:22;ANTA;Compra;40.0;3.06;122.4;;;;ccdbf4b6-3353-480c-8f1f-29990df407ba;20260731123722397::367fd404-20b8-4d7a-9524-7ddd4107cb69;
2026-07-31 12:39:30;ANTA;Venta;10.0;3.01;30.1;;;;1dac9b7e-9ceb-4482-9445-cf50fcf635e4;20260731123930628::5ab91be6-89bc-4cb7-898a-908a9d6c6ca1;
2026-07-31 12:39:35;ANTA;Venta;5.0;3.01;15.05;;;;e71f22fd-48e5-4cf7-8468-9fa84f783dc1;20260731123935483::bf3d557c-4720-41e1-a95a-5179f9db5ad2;
2026-07-31 12:39:36;ANTA;Venta;5.0;3.0301;15.15;;;;8de9205f-bdc2-4164-9b08-2d948f28ce4f;20260731123936906::ba44cddc-563e-40ea-ad0f-a5823f88a24a;
2026-07-31 12:39:38;ANTA;Venta;5.0;3.0811;15.41;;;;7571e11c-fc93-464c-9a4b-aafc5791202a;20260731123938920::587aea8f-4923-49d6-804d-b56d2d46e19d;
2026-07-31 12:39:42;ANTA;Venta;10.0;3.01;30.1;;;;a0dce26b-849a-41a3-b85c-14463739ca9a;20260731123942142::2c4b76eb-e838-4c3b-bcda-a2161d7a0add;
2026-07-31 12:39:46;ANTA;Venta;5.0;3.0301;15.15;;;;fe37cfb6-2f62-4f27-885c-bd3bbde7e4f5;20260731123946995::151fa3c0-8c1b-472d-9eea-fdcc153eb230;
2026-07-31 13:01:46;TAYD;Compra;35.0;50.89;1781.15;;;;1232762c-adf3-4546-a2bb-6f782ff78809;20260731130146007::ba27cafd-2140-4a08-91bd-26a76f9bdc0d;ejecucion parcial
2026-07-31 13:02:00;TAYD;Venta;10.0;50.98;509.8;;;;755b0398-0b8d-4d92-9b6f-86cbe919f4aa;20260731130200854::72f941a2-868b-428e-b34a-53c68e055548;
2026-07-31 13:02:09;TAYD;Venta;4.0;51.06;204.24;;;;1be639dd-9ebd-4a81-98ed-77f8c875a517;20260731130209241::09c48d98-388e-4019-8e8c-36abb9e6d869;ejecucion parcial
2026-07-31 13:02:26;TAYD;Venta;7.0;50.92;356.44;;;;4c4037dc-6f73-420d-86d7-d0c21e9087cf;20260731130226631::df1865a3-6538-43b7-be75-b23949c6ee1b;
2026-07-31 13:02:36;TAYD;Venta;7.0;50.92;356.44;;;;575326db-70f7-47a9-af51-8b1b39fd2f86;20260731130236668::56c5ced9-7fed-4139-a4b3-14a5a380da37;
2026-07-31 13:02:48;TAYD;Venta;7.0;50.84;355.88;;;;555ee1ad-7ec6-4f99-8b3e-ed09b08b8cfc;20260731130248104::d3e7312a-d933-48bc-bcd6-68d9e615f630;
2026-07-31 13:05:02;RACC;Compra;50.0;21.1;1055.0;;;;af1ad945-ddd3-44ef-910f-a7be5d59eec1;20260731130502201::c9b25f2f-56f7-4f73-bf2e-00fe58fe13f0;
2026-07-31 13:05:46;RACC;Venta;10.0;21.01;210.1;;;;3df27ac7-75b9-47f8-80d8-965a9493febd;20260731130546685::dd17afdd-3e27-48e7-90ba-dec874567024;
2026-07-31 13:05:49;RACC;Venta;10.0;21.0972;210.97;;;;b28da751-d566-4089-ae25-9129e6fc7e73;20260731130549878::5bd57acd-4359-460e-8b65-ce0df1371fa0;
2026-07-31 13:05:55;RACC;Venta;10.0;21.08;210.8;;;;a02fa468-d49f-42e5-b822-b285f034125e;20260731130555430::9b7376ac-a75f-4c9e-ae22-94d635e3704b;
2026-07-31 13:05:56;RACC;Venta;5.0;21.37;106.85;;;;7f92d00d-4a67-4196-b8e2-59c18757e200;20260731130556606::f22f9c47-a50d-4000-bbfe-a012495b8916;ejecucion parcial
2026-07-31 13:06:03;RACC;Venta;5.0;21.01;105.05;;;;8b5f4cb7-84b3-4014-a5a7-a067f916400b;20260731130603837::bc829a44-83cd-4823-a5eb-57c79d1c8648;
2026-07-31 13:06:04;RACC;Venta;5.0;21.0974;105.49;;;;9b53741f-fc00-41ad-a465-f3af559fb987;20260731130604941::30e70ea8-4691-4577-88e8-7685eb8194a9;
2026-07-31 13:06:10;RACC;Venta;5.0;21.06;105.3;;;;4dfea244-2407-4f89-9dad-071f4dd0b6c8;20260731130610460::6fe586f9-e19d-4042-88d7-b50cbe60c380;
2026-07-31 13:07:29;PHAR;Compra;50.0;9.98;499.0;;;;a893991f-67ee-4c5c-bcdd-7a3a2eeffc76;20260731130729727::656636fe-b59c-413f-ac06-43205fa3fbd6;
2026-07-31 13:07:45;PHAR;Venta;25.0;10.02;250.5;;;;1a0aff88-c9b7-43d4-a2e1-e483ca935d0c;20260731130745622::97d8eebe-3464-4031-bfdc-f68a0c45f85f;
2026-07-31 13:07:49;PHAR;Venta;25.0;10.04;251.0;;;;79b6e802-0bb7-47b7-8fa5-3933afd2d8c6;20260731130749887::b8a07c8e-87f9-48ca-9967-5973acee1253;
2026-07-31 13:08:26;PAMT;Compra;50.0;15.52;776.0;;;;636691ee-8d24-4496-9304-e93f06962677;20260731130826353::30e9a10a-d1b6-4ef5-9ca9-5aa812583129;
2026-07-31 13:08:37;PAMT;Venta;25.0;15.5;387.5;;;;69763585-163c-424a-96b5-db2ac025c9e6;20260731130837979::b2cc1e3d-5f83-423b-9c84-44ede1c72228;
2026-07-31 13:08:52;PAMT;Venta;10.0;15.45;154.5;;;;40df53ce-8f88-463c-be3f-4a325434acbd;20260731130852802::8ed9fdb0-5732-4756-9624-54ed05ea8051;
2026-07-31 13:08:54;PAMT;Venta;10.0;15.5;155.0;;;;8242524a-2fb2-4e63-9477-d8063bd7e66f;20260731130854250::03827725-2ec7-4d58-8996-1f9875805f5f;
2026-07-31 13:09:03;PAMT;Venta;5.0;15.5;77.5;;;;6cb56277-8b24-4aa9-b907-a1a24769614c;20260731130903972::4cc5158a-d8a0-4c00-b24e-3450e5aa4ff6;
2026-07-31 13:18:34;BSVN;Compra;50.0;50.02;2501.0;;;;6d01b3d8-3be5-442c-af3b-fcfcd38d3232;20260731131834437::24c7aad5-9d08-479d-9f3c-6c01e3546f30;
2026-07-31 13:19:12;BSVN;Venta;20.0;50.12;1002.4;;;;8c4042a9-c747-4616-8382-a69a6ecb1be5;20260731131912316::597f8222-ed91-4715-a7fa-2ec8fde0a04c;
2026-07-31 13:19:31;BSVN;Venta;10.0;50.04;500.4;;;;760caec9-43ee-4d52-8dab-22edea35df5d;20260731131931779::ada33a1e-9231-463e-b355-524f30e011bc;
2026-07-31 13:19:32;BSVN;Venta;10.0;50.04;500.4;;;;65f8a057-da73-4614-b046-5c1b23cd4b20;20260731131932969::a157ce71-c7b6-4366-b486-cfe18adde6fc;
2026-07-31 13:19:34;BSVN;Venta;10.0;50.04;500.4;;;;65a34a16-dc62-40cc-a29f-0035fcc97897;20260731131934211::dd7ccdd1-58b4-42ae-9f06-a27e5c0d357b;
2026-07-31 13:19:44;BNDD;Compra;27.0;95.56;2580.12;;;;fc25e59b-cd08-49bd-bc43-d28d70df43d6;20260731131944916::28cf0f5e-900e-44aa-abd4-bd4c6c188a05;ejecucion parcial
2026-07-31 13:20:04;BNDD;Venta;10.0;95.68;956.8;;;;3c2993cb-fc11-4286-a359-30e7f8b8b3a5;20260731132004863::c7344cfc-b657-4f62-8fbe-c07d50305bde;
2026-07-31 13:20:08;BNDD;Venta;10.0;95.7;957.0;;;;c26ead47-e357-4e6d-baf5-10f0aab3e851;20260731132008398::e842bc53-561e-40bf-a5a3-17694d9dc796;
2026-07-31 13:20:22;BNDD;Venta;7.0;95.62;669.34;;;;762124f6-7928-4757-bcab-5966addbac61;20260731132022144::f2490c5d-2e1c-4edd-937b-5ed17eff407e;
2026-07-31 13:25:41;AKA;Compra;1.0;10.73;10.73;;;;35472fd8-061c-40fd-8a7f-1234d24b1a52;20260731132541300::9ce5d4d0-c16c-4f1d-9498-09b8804591d8;ejecucion parcial
2026-07-31 13:26:05;AKA;Venta;1.0;10.9422;10.94;;;;929d8546-7cf9-4d36-bdff-d90fabbd3bbe;20260731132605918::56308e91-4e45-481f-842b-27eb9ba87a2e;
2026-07-31 13:44:16;SSD;Compra;40.0;187.75;7510.0;;;;ae457110-ba4d-4c4a-a441-99bc37e4b5ae;20260731134416281::43d8847e-081f-4b8d-9aa8-5707f9020a62;
2026-07-31 13:44:27;SSD;Venta;20.0;187.92;3758.4;;;;567e765e-1703-4bbb-a2c5-fc82f01416d7;20260731134427744::b5e6e02f-8d62-4ebf-a68b-3740914ca637;
2026-07-31 13:44:30;SSD;Venta;20.0;187.96;3759.2;;;;da25247d-bab4-4f88-9b7b-c206a6f63743;20260731134430271::f087e1bf-e82d-46e2-8a04-3335ac850c9f;
2026-07-31 13:45:25;SKK;Compra;40.0;4.72;188.8;;;;359cb098-392d-44fa-996f-84a15abf87ff;20260731134525616::b8bee390-a6fb-4579-8257-df4e8b41c3af;
2026-07-31 13:46:03;SKK;Venta;9.0;4.6601;41.94;;;;c077d197-332f-4473-a810-b3ff097d85a6;20260731134603699::b72f6c1c-ff2e-4558-94cd-2e6a8a731d89;
2026-07-31 13:46:03;SKK;Venta;1.0;4.7;4.7;;;;c077d197-332f-4473-a810-b3ff097d85a6;20260731134603691::43bdf6a0-990c-46df-80dc-fc5a53c767a5;ejecucion parcial
2026-07-31 13:46:12;SKK;Venta;5.0;4.66;23.3;;;;db469d36-7a89-4d90-bbc1-3d3e980efd89;20260731134612062::938defd1-c4b8-4a24-844a-0adfbc43d34e;
2026-07-31 13:46:22;SKK;Venta;5.0;4.66;23.3;;;;5d69b14f-d321-4e97-ad27-9f5362e056a5;20260731134622658::cffabb4b-8e2c-4e9a-81c9-78ee6e88aed3;
2026-07-31 13:46:30;SKK;Venta;2.0;4.66;9.32;;;;77f7ed4f-3537-409b-90a5-b36845b03bd1;20260731134630064::b9fc1910-ee04-4f72-889b-a78dfd9fba69;
2026-07-31 13:46:31;SKK;Venta;2.0;4.66;9.32;;;;3fe982ae-6cb7-4951-b068-32644efdf652;20260731134631665::79b440ff-492d-4b9e-a76b-ac8f37891e71;
2026-07-31 13:46:39;SKK;Venta;8.0;4.7;37.6;;;;c614f3c6-42e6-43ad-997f-4ca2be01e2bb;20260731134639612::0c0c950c-9d62-456f-945d-6840c34220b6;
2026-07-31 13:46:41;SKK;Venta;8.0;4.72;37.76;;;;a79419e2-c281-4fcb-b276-ad245a313b4c;20260731134641212::bf582a9f-3524-4802-acda-b953de805bc2;
2026-07-31 13:51:49;NNNN;Compra;2.0;9.82;19.64;;;;e6d49ccb-6f87-4a6d-8209-531383c1d492;20260731135149601::70cdfdb4-4e34-4585-9804-0653d5936eb5;ejecucion parcial
2026-07-31 13:52:18;NNNN;Venta;2.0;9.92;19.84;;;;34bbbff4-eabf-41a8-9f20-f7ac62583cb4;20260731135218769::3565c67e-8a3c-4b2d-bf08-a469f32701ef;
2026-07-31 13:53:35;MTEX;Compra;40.0;4.89;195.6;;;;96c51d60-a347-4aa4-84c6-6bcc7e16583b;20260731135335324::e8df8158-d5a6-4214-96a9-0f40b7db4c37;
2026-07-31 13:54:11;MTEX;Venta;10.0;4.9;49.0;;;;c96b0658-cf92-45fc-9803-f6791cfef9d0;20260731135411145::022c78ea-5097-47aa-89ff-ce8b1f6efcd4;
2026-07-31 13:54:12;MTEX;Venta;10.0;4.9;49.0;;;;ef7d0e94-18e8-4a97-9be7-645b1292ddec;20260731135412934::f074fe33-4e9f-4746-905e-7bd6779b2db3;
2026-07-31 13:54:14;MTEX;Venta;10.0;4.9;49.0;;;;6f125922-a23c-44f2-af41-45af8684c958;20260731135414205::e09ad0e6-cda7-4d6d-acc4-f5de073be2f8;
2026-07-31 13:54:15;MTEX;Venta;10.0;4.9;49.0;;;;3a67a3dc-2106-400a-a15f-c4fe376aa490;20260731135415341::52d8a852-a2c3-4d89-a2f1-dceeb3b47a02;
2026-07-31 14:01:24;CUVL;Compra;40.0;6.49;259.6;;;;f9317581-a860-4d35-a536-f24cc7d62144;20260731140124577::651b5dd2-6b8a-4b3d-b8ab-6256922212b3;
2026-07-31 14:02:40;CUVL;Venta;12.0;6.56;78.72;;;;7e5817cc-03e9-4b77-8753-773fc4a5e494;20260731140240684::df711de5-c1be-44e8-87f3-991175d9b6be;ejecucion parcial
2026-07-31 14:02:47;CUVL;Venta;10.0;6.58;65.8;;;;57b86619-06da-47b7-bccf-bd023ffb09e3;20260731140247499::aa38957c-7c45-4772-a898-4183d96cefaa;
2026-07-31 14:02:49;CUVL;Venta;10.0;6.6;66.0;;;;d6c739c1-4e4a-4b8e-8a0c-3d663c30bc1f;20260731140249059::8827f05d-9361-4c61-9bed-5a81eadcc8f5;
2026-07-31 14:03:03;CUVL;Venta;8.0;6.58;52.64;;;;72a35151-ca02-45d8-8c84-0e3d0e9423b5;20260731140303147::cb22d2b1-baa9-46f7-9847-d502affb5e0f;
2026-07-31 14:03:26;CPK;Compra;40.0;131.95;5278.0;;;;f11f3d86-4ad3-4a63-8f0e-f4146fde4732;20260731140326942::6c59c322-8684-4b7d-8ae7-408996b9fe73;
2026-07-31 14:04:33;CPK;Venta;10.0;132.12;1321.2;;;;485c7c78-508f-4d20-a810-327cd40a0515;20260731140433925::b1deb2d7-edbd-48a1-8054-1e3b1458b9e1;
2026-07-31 14:04:40;CPK;Venta;10.0;132.14;1321.4;;;;bab7a235-db92-438b-937d-7260ad8aa559;20260731140440788::320c5d5f-b133-4f96-aa5f-b856da0cf6dd;
2026-07-31 14:04:42;CPK;Venta;10.0;132.16;1321.6;;;;59a6332d-f9d6-41e5-825f-75d16db99cdb;20260731140442812::7be3b32d-1017-4fcf-8f87-bd9351c0dde9;
2026-07-31 14:04:44;CPK;Venta;10.0;132.18;1321.8;;;;a4db04e9-515c-4436-be4a-e3631f6c82fb;20260731140444656::91bfe57a-3824-4d3e-853f-4f21616f3121;
2026-07-31 14:06:20;BSVN;Compra;40.0;50.03;2001.2;;;;b27c9a75-2eb6-4596-bcb5-28cb7706a3b4;20260731140620228::08492b53-085d-404a-aadc-afa1300e1016;
2026-07-31 14:07:01;BSVN;Venta;20.0;50.14;1002.8;;;;7e8bbbaa-db0f-4933-9aa0-258b2f1df54c;20260731140701186::52d5da6a-e73d-4bdc-ae70-b6c3f00fa22c;
2026-07-31 14:07:06;BSVN;Venta;20.0;50.14;1002.8;;;;38850cda-8a1f-4d27-ad05-9e3a96e56e80;20260731140706629::b98c6ccb-3fae-43f7-aedf-175123ea9ced;
2026-07-31 14:08:35;ATHR;Compra;40.0;3.5;140.0;;;;37ea3e25-aece-4728-9d10-df8a820f1741;20260731140835915::ba07e4ee-2975-462e-98d1-04abe297b651;
2026-07-31 14:09:25;ATHR;Venta;3.0;3.43;10.29;;;;cb9b7285-39fd-4f40-aecc-fdb33c68f786;20260731140925414::20e61c75-6016-421b-8832-0e67e1480976;
2026-07-31 14:09:30;ATHR;Venta;10.0;3.43;34.3;;;;42fc3e45-e1d1-49c6-b5fa-ea363b42d134;20260731140930171::840f355e-6fdf-48c8-be8e-9442011fc1e2;
2026-07-31 14:09:38;ATHR;Venta;1.0;3.43;3.43;;;;f654304f-1cd6-47c2-a387-09184713ee45;20260731140938157::93975566-92dc-4bcd-af19-3441b5396f7e;
2026-07-31 14:09:38;ATHR;Venta;1.0;3.43;3.43;;;;f654304f-1cd6-47c2-a387-09184713ee45;20260731140938154::67cdd20d-1547-480c-a02e-3bb048224154;ejecucion parcial
2026-07-31 14:11:08;ATHR;Venta;10.0;3.43;34.3;;;;4afb109f-2c41-43d3-ae68-217b4a53f19c;20260731141108763::df163f87-8cc2-414d-af10-2da9eae88d26;
2026-07-31 14:11:13;ATHR;Venta;5.0;3.43;17.15;;;;e2824803-ceb4-4bcc-a3a9-35729a9af587;20260731141113637::7d05a22f-92cb-493f-96ac-33359e9a319d;
2026-07-31 14:11:24;ATHR;Venta;1.0;3.43;3.43;;;;85118a03-5d92-4047-86d7-ef511b71bb0c;20260731141124326::27abb1dd-99e4-4678-b910-6d076df2f6b5;ejecucion parcial
2026-07-31 14:11:24;ATHR;Venta;1.0;3.43;3.43;;;;85118a03-5d92-4047-86d7-ef511b71bb0c;20260731141124325::8bb5b8b8-361c-4301-871f-1bced0172af8;ejecucion parcial
2026-07-31 14:11:33;ATHR;Venta;8.0;3.43;27.44;;;;96ba47f0-6ac0-4c71-9795-f7372d6d464a;20260731141133303::443eef29-c8d8-4673-a2e1-2786a85bc109;
2026-07-31 14:11:53;APPF;Compra;40.0;179.44;7177.6;;;;f75e4948-82f0-4831-bc04-6ac4b0141587;20260731141153701::b744a65f-4d11-41d3-ba37-f77920ae8eb2;
2026-07-31 14:12:10;APPF;Venta;8.0;179.62;1436.96;;;;686933ec-b908-44f9-a200-f550d6bfcfaa;20260731141210807::c877b4c3-33de-4abc-9c22-e68970b8a83c;
2026-07-31 14:12:13;APPF;Venta;8.0;179.59;1436.72;;;;77b4b2ac-3806-4669-a778-c79760f88d65;20260731141213207::ab863f2a-896a-42f3-89b9-21aa7776dacc;
2026-07-31 14:12:14;APPF;Venta;8.0;179.6;1436.8;;;;e85beeef-36b5-4a55-a5c1-c92230b4c3e1;20260731141214766::ce2e347c-0ad0-4f05-8706-b15cf6d53a74;
2026-07-31 14:12:17;APPF;Venta;8.0;179.61;1436.88;;;;78f1d680-dae7-47b1-b1e0-632cb4dc2df2;20260731141217112::1ca86295-2616-4b52-be02-9a49e1509392;
2026-07-31 14:12:20;APPF;Venta;8.0;179.64;1437.12;;;;fba04c92-f4ef-472b-aa47-7dc80b0167d7;20260731141220291::55ce23cc-1475-415b-be43-b25afe6fbc6b;
2026-07-31 14:17:44;TSBK;Compra;40.0;45.1;1804.0;;;;b2ea2aac-8661-4217-a137-3eae0466139e;20260731141744775::1a077d98-3e8e-4f3f-85c1-ed54325707c1;
2026-07-31 14:18:00;TSBK;Venta;8.0;45.15;361.2;;;;80cd1866-0df6-45f6-bbdf-126135585f6e;20260731141800620::9b339d02-13f9-4c4a-8e94-e1b45799068a;
2026-07-31 14:18:01;TSBK;Venta;8.0;45.16;361.28;;;;6145fa11-af8d-44f9-b602-3187fb4b21c7;20260731141801957::3c61f9a8-8b1c-4573-b159-6e0cb90fc223;
2026-07-31 14:18:06;TSBK;Venta;8.0;45.19;361.52;;;;90037162-9a14-475f-a2e6-823c92104fe6;20260731141806101::5b1e57d1-ea4f-4417-9ed5-4f7ddfe08662;
2026-07-31 14:18:07;TSBK;Venta;8.0;45.19;361.52;;;;8b1b7bf2-299c-4e65-8e64-b480088c6c7b;20260731141807607::31744eec-6b3a-41cb-a7a4-4862d9da1bbd;
2026-07-31 14:18:27;TSBK;Venta;8.0;45.16;361.28;;;;b020d8d4-f977-4b0d-8554-ccb5aae1e623;20260731141827373::70674958-0b59-4f5a-bbb8-b1583acee814;
2026-07-31 14:22:13;PTLE;Compra;40.0;10.08;403.2;;;;e28e9286-5bec-4a65-b012-55b69e8e9345;20260731142213567::85a7eb21-3b19-46b8-87b2-3a84f74eff1d;
2026-07-31 14:22:51;PTLE;Venta;4.0;10.07;40.28;;;;a1c48959-e73e-45ea-bf77-b567f896d1f1;20260731142251114::eb385826-b824-4322-b3a2-175ff646404b;
2026-07-31 14:22:53;PTLE;Venta;4.0;10.08;40.32;;;;8f42c8f2-855a-4a66-a4cd-6a9c58102df7;20260731142253251::6e306b52-5937-41c1-890b-473bed8eafcb;
2026-07-31 14:22:54;PTLE;Venta;4.0;10.09;40.36;;;;f745c759-314e-4724-b9f7-6e9fa7b4983b;20260731142254350::f5612e55-8eb6-4044-9566-7f21739d731c;
2026-07-31 14:22:59;PTLE;Venta;4.0;10.08;40.32;;;;d4d7baa2-3532-4152-8557-6cb78f0fe144;20260731142259952::1b7ea399-59a7-4ce3-997e-78142896355a;
2026-07-31 14:23:01;PTLE;Venta;4.0;10.08;40.32;;;;950c4e5a-bc6f-4dd8-b328-bedcc56f7061;20260731142301163::5c2f805f-80aa-4426-91bc-9dc7f9451d8d;
2026-07-31 14:23:14;PTLE;Venta;4.0;10.0001;40.0;;;;eac23af5-665d-4460-ac84-f7133f6593b3;20260731142314963::9e7d39a3-80e3-45bd-ac46-b4d6adb319b6;
2026-07-31 14:23:22;PTLE;Venta;4.0;10.05;40.2;;;;131217d5-949d-45c0-b570-2ceaca29aa48;20260731142322749::a115f851-ea4a-487f-8d6b-2b50a3743848;
2026-07-31 14:23:28;PTLE;Venta;4.0;10.05;40.2;;;;10fc9ddc-8b2c-421f-afee-aba3511d606f;20260731142328521::9efd948a-70b3-4ca2-8c76-ea634815ad74;
2026-07-31 14:23:29;PTLE;Venta;4.0;10.05;40.2;;;;5f933425-2d38-42b9-893b-55d7be7abdd9;20260731142329860::59d07439-530d-4f20-bd90-9c22b5282b89;
2026-07-31 14:23:32;PTLE;Venta;4.0;10.05;40.2;;;;1d2f92f8-dbd4-4b80-ac81-c4f634592a8d;20260731142332693::8504d595-0b84-418b-ba86-5b79f8aad381;
2026-07-31 14:39:40;MCRI;Compra;40.0;122.67;4906.8;;;;a79cda53-1344-4ebe-a4be-8b3b3a5130db;20260731143940051::fd3639da-9268-4fac-bbc1-e53b17df006b;
2026-07-31 14:40:27;MCRI;Venta;20.0;122.73;2454.6;;;;42e92e94-6fab-40c4-8fc0-44e09a3bee17;20260731144027244::fbf934c5-1006-4f0a-8272-f7988d6844c6;
2026-07-31 14:40:31;MCRI;Venta;20.0;122.73;2454.6;;;;83b43bcf-b4fe-4e53-95ab-4e8ccb522dfd;20260731144031976::88bfefd5-89b2-4e39-9343-5fcc33a74e60;
2026-07-31 14:40:43;LVLU;Compra;40.0;16.29;651.6;;;;f0569470-8398-4836-a72c-9661ca107ca2;20260731144043542::1988a923-dc7f-4e1e-80ee-a873b7fa82bf;
2026-07-31 14:41:25;LVLU;Venta;20.0;16.25;325.0;;;;f4cc5f37-e47a-459f-af70-a45ab14f45ce;20260731144125944::4b0973b7-b7bf-46d6-a758-2bd0c41edfb1;
2026-07-31 14:41:27;LVLU;Venta;20.0;16.25;325.0;;;;6b0857ae-ab8d-4157-93f5-ec5bd0a3f4b3;20260731144127138::037b64f6-85e0-4243-bf67-fd336530ee88;
2026-07-31 14:56:43;TSBK;Compra;40.0;45.04;1801.6;;;;67106760-3601-45ec-b6a4-e68ba7e736cb;20260731145643053::dfddc9f0-5d0e-43b6-9147-05f50bbdd433;
2026-07-31 14:57:10;TSBK;Venta;8.0;45.08;360.64;;;;9da6f759-a0ef-4685-9b69-5bf3ff39ae8b;20260731145710044::4c3c7764-c1ad-48b0-aa74-ee971f23c2fa;
2026-07-31 14:57:16;TSBK;Venta;25.0;45.08;1127.0;;;;661c6056-a700-4056-baee-50924ef5e82d;20260731145716148::2e6f513b-5689-4f85-a9c6-e2444f504c7d;
2026-07-31 14:57:27;TSBK;Venta;7.0;45.08;315.56;;;;7163d32f-abed-4455-ac34-1ba40be4beac;20260731145727870::fa9dcaf5-89c3-4494-8664-be108bed1d2c;
2026-07-31 15:02:04;PBHC;Compra;40.0;16.1;644.0;;;;d8d44702-2bc2-43ad-8705-27f05df48a12;20260731150204097::be47a1ae-2401-472a-bbe1-0b69da638b1c;
2026-07-31 15:03:47;PBHC;Venta;5.0;16.0875;80.44;;;;dd65f2df-f492-47b8-a2ed-05d751893a23;20260731150347175::f1f74948-9a07-4b64-adf1-1ee97d0274ac;
2026-07-31 15:03:48;PBHC;Venta;5.0;15.99;79.95;;;;88e9afcb-7aa1-44ba-be6c-bc50fc52afe6;20260731150348592::8f9d07a8-7dab-42b6-839b-5f3072bbc90e;
2026-07-31 15:03:53;PBHC;Venta;10.0;16.2655;162.66;;;;f64710b6-dd13-46ae-88e6-a5a56020047c;20260731150353739::6c2112fb-6c97-4846-81cf-e2781ea507ef;
2026-07-31 15:04:01;PBHC;Venta;10.0;16.08;160.8;;;;2bfe977b-6b7c-4948-8252-9863c713f90d;20260731150401995::09fa1ec8-c17a-47be-b849-e1a74f2611bb;
2026-07-31 15:04:20;PBHC;Venta;3.0;16.0851;48.26;;;;799d7b94-9f06-4861-85bb-bba808f67461;20260731150420754::b2e36e0d-625f-4e1c-bbe0-62e785d374e0;
2026-07-31 15:04:25;PBHC;Venta;3.0;15.99;47.97;;;;283d7983-8463-4b5f-8e62-1cfbc7afac87;20260731150425698::275cca20-f0fc-4c86-9831-6cd0bdf17c12;
2026-07-31 15:04:30;PBHC;Venta;4.0;16.2586;65.03;;;;3826c1ec-1b4d-4ae9-b9a5-391480a9c502;20260731150430848::0c7f7207-d78a-4af0-921a-217d1c4e835b;
2026-07-31 15:04:34;PBAM;Compra;40.0;84.16;3366.4;;;;51621cdc-5e87-4c73-8a47-0544cf4f77e9;20260731150434862::9e0e76b4-a7b5-4fda-8c8d-1203a7e6cef8;
2026-07-31 15:08:58;PBAM;Venta;10.0;84.25;842.5;;;;b7b31b7d-d9a7-4e0d-92fb-ba58f7e979a2;20260731150858220::358d632e-8994-4d9a-b9cf-fffa2b06a56b;
2026-07-31 15:08:59;PBAM;Venta;10.0;84.25;842.5;;;;bd27dd07-d0f5-4a47-a4a6-47f7ebd21762;20260731150859328::8b9318b3-5288-40a3-9153-2caf78cb28d6;
2026-07-31 15:09:00;PBAM;Venta;10.0;84.25;842.5;;;;24b641da-691b-45f6-bbb5-a5d6bce43122;20260731150900790::a32c6b56-7c3b-4b41-b85f-5d359c53a97d;
2026-07-31 15:09:00;PBAM;Venta;10.0;84.25;842.5;;;;bb9779ed-3f18-4605-9f7e-19d1bb99d875;20260731150900088::43a0a9aa-7ffc-4ae0-8190-c6313af73749;
2026-07-31 15:09:14;PAC;Compra;40.0;217.93;8717.2;;;;c8d31f92-3e0f-4578-881b-1532085270da;20260731150914716::378db8b0-c255-43b7-85a9-90830ff57a6c;
2026-07-31 15:09:58;PAC;Venta;5.0;218.29;1091.45;;;;befc1f21-03a1-4c85-af3f-7c56e890839d;20260731150958297::970fb01e-228b-4907-8722-d27ef4c91da5;
2026-07-31 15:10:02;PAC;Venta;10.0;217.8801;2178.8;;;;617995b0-48ad-43c0-aaa6-44fabf8be127;20260731151002397::04ad754e-0092-4e9c-958d-798b1e49e18c;
2026-07-31 15:10:04;PAC;Venta;10.0;217.87;2178.7;;;;aa536adc-71b2-4b4d-a997-b32e823d4228;20260731151004523::30c892ae-00c9-4e83-af58-59ff38ddc0ca;
2026-07-31 15:10:11;PAC;Venta;5.0;217.84;1089.2;;;;1375a2bd-7a15-4ce0-ae79-8ecbc49fdd55;20260731151011755::e2278c5d-1a97-4cc7-86bd-3f6d90b91a1c;
2026-07-31 15:10:28;PAC;Venta;5.0;218.1096;1090.55;;;;6f6bd632-ef52-4483-8a7e-7253186ee043;20260731151028740::d576468a-2cbf-4534-8a4b-ab6fb1887d96;
2026-07-31 15:10:46;PAC;Venta;2.0;217.82;435.64;;;;5f63ae0a-f4e6-4724-91c0-672003adf1c8;20260731151046585::f87f77ad-e7ba-4ffd-b8ea-2db12b9df875;
2026-07-31 15:10:49;PAC;Venta;3.0;218.1096;654.33;;;;bf57bb9d-8fba-4b7c-9849-d65f08178173;20260731151049647::c68a5903-cdb7-45bf-a0e2-9bb5c8111010;
2026-07-31 15:13:25;MHLA;Compra;40.0;10.28;411.2;;;;f169c58e-80f0-477b-805a-8261819604a0;20260731151325593::f3f357bb-3fd3-458c-b868-7954419916fb;
2026-07-31 15:13:40;MHLA;Venta;20.0;10.42;208.4;;;;246cc0b4-efb9-4ef8-9907-30e22f89497e;20260731151340937::17f4f2db-576f-4e90-81c8-59e973f91989;
2026-07-31 15:13:42;MHLA;Venta;20.0;10.35;207.0;;;;cc4623d8-9135-4155-938f-477640c4a3c9;20260731151342424::67a6f5eb-052d-4cd9-aedf-200d8053637c;
2026-07-31 15:16:57;GDEV;Compra;5.0;11.91;59.55;;;;11585bce-720c-41d7-afb8-acfc17afc133;20260731151657758::6204601b-8a09-4ec4-b8a2-479c483085ac;ejecucion parcial
2026-07-31 15:17:16;GDEV;Venta;5.0;12.05;60.25;;;;9dba8653-093a-4e53-940a-7364ceb57465;20260731151716954::57570705-c340-401d-9e18-4d8e395f74e5;
2026-07-31 15:17:39;FSZ;Compra;40.0;81.52;3260.8;;;;cf6c9f92-4279-4c92-a550-7b7fdbb8da79;20260731151739962::f2d45256-fc83-4786-8ba5-b28b4b0291b6;
2026-07-31 15:17:53;FSZ;Venta;20.0;81.6;1632.0;;;;db2c328c-cbda-4860-8088-fd9967418dd4;20260731151753993::047edd82-a22b-4fe3-aed7-e4a359d8d84f;
2026-07-31 15:18:17;FSZ;Venta;10.0;81.5449;815.45;;;;6f2b1a90-b72e-454c-84e1-ec68c3c6bfe8;20260731151817930::93cfc6e8-3591-49d5-99e8-84ad3da4caed;
2026-07-31 15:18:23;FSZ;Venta;5.0;81.4901;407.45;;;;7ad71336-fc36-4906-89d1-3b2741e44ac5;20260731151823443::310032f2-7518-4cde-bf17-6f163ee9bb60;
2026-07-31 15:18:25;FSZ;Venta;5.0;81.73;408.65;;;;49a26d46-b413-4b58-99f6-d585a1253e89;20260731151825434::caf586b4-d901-41f3-97b0-63d5cb031941;
2026-07-31 15:20:06;DXPE;Compra;40.0;156.65;6266.0;;;;a1425e69-670e-4eb0-b5d8-d746fc3f8be5;20260731152006710::a17a1b8a-3ed7-4bc5-b283-dfd71a8a0aed;
2026-07-31 15:20:54;DXPE;Venta;20.0;156.81;3136.2;;;;f16eb9e9-fb23-4076-8828-632eb0e97db8;20260731152054021::700e1b35-cf4f-44a5-8a84-26f12f5aac1e;
2026-07-31 15:20:56;DXPE;Venta;20.0;156.78;3135.6;;;;2bf5452e-8bc6-44fe-835a-a0f9478cf121;20260731152056340::ba167dcc-2476-4a16-98d0-11bed6c802f0;
2026-07-31 15:22:12;CCG;Compra;40.0;14.85;594.0;;;;91fbc383-cb57-4e3e-b69f-fcf5da71be69;20260731152212400::e964cbb9-e407-41ea-9864-d356e6fe15ca;
2026-07-31 15:22:30;CCG;Venta;10.0;14.9;149.0;;;;c18ca9a2-2ca1-43b8-aa77-ba18f129c2f0;20260731152230466::57e40c67-b402-4c4c-abfb-2df5f0dc8530;
2026-07-31 15:22:32;CCG;Venta;10.0;14.92;149.2;;;;fba96c5f-cff6-453b-888f-ef51306f5830;20260731152232465::dd4b69e5-6f5d-4f30-83a4-fcca4b083155;
2026-07-31 15:22:33;CCG;Venta;10.0;14.94;149.4;;;;8d252946-53eb-4617-9b5a-f34b5f426529;20260731152233704::2c425dfd-eb95-4188-a4f4-662f3f9bf407;
2026-07-31 15:22:52;CCG;Venta;5.0;14.92;74.6;;;;65aa1597-d8e4-4c90-8fd8-dfc0ae031dd8;20260731152252132::f64f0b58-5fce-4196-aaf4-d1661c6d672b;
2026-07-31 15:23:06;CCG;Venta;5.0;14.8897;74.45;;;;4730f811-eafa-4ae0-a5da-4fcd6b107de9;20260731152306222::e1781aee-932f-4c4a-9b1d-23a232656db1;
2026-07-31 15:29:13;AGL;Compra;40.0;93.06;3722.4;;;;85dd73b2-d956-4911-9787-c080b88d7eaf;20260731152913743::c520652f-990d-47b9-9eef-810688bcd057;
2026-07-31 15:29:40;AGL;Compra;10.0;92.8;928.0;;;;1e4705a9-591a-439b-8d96-edd27c7134c0;20260731152940478::2089521d-33e4-4d8a-abd4-7561cd94d49c;
2026-07-31 15:29:48;AGL;Venta;25.0;93.35;2333.75;;;;de2bf0ba-7b17-429f-8878-0e51262348c4;20260731152948778::7fd02b86-a161-441d-a9c4-57fc28780a6c;
2026-07-31 15:30:00;AGL;Venta;25.0;93.3;2332.5;;;;babbb7d6-1aff-4c89-80f2-098d6ec1fc7c;20260731153000717::3f2dd8dd-279c-4991-be1f-de71ca2f64a4;
2026-07-31 15:42:50;PTLE;Compra;40.0;10.06;402.4;;;;82c2147f-156a-4344-8965-d4fceb623e98;20260731154250585::c02ae131-c248-46a8-a55a-41116fe69fce;
2026-07-31 15:44:19;PTLE;Venta;8.0;10.15;81.2;;;;1db01688-facb-4394-b692-67c857e9105e;20260731154419728::1419ccf6-0cb3-4e0f-9399-40afefdc2d63;
2026-07-31 15:44:45;PTLE;Venta;8.0;10.1;80.8;;;;bd71d469-7c8c-416c-a21b-409032fb7b87;20260731154445855::c511e4b3-35a1-436b-b7b9-d9c591ebf412;
2026-07-31 15:44:46;PTLE;Venta;8.0;10.1;80.8;;;;50c542ba-9645-468b-b46e-27a5be6f443e;20260731154446990::9e852fca-1b22-4053-8dae-2ebaf3a23ffa;
2026-07-31 15:44:47;PTLE;Venta;8.0;10.1;80.8;;;;d4db2f3f-9375-40cb-a002-811e1b0e6c7d;20260731154447774::93d14382-31ae-487e-97ac-0ec5263de4ba;
2026-07-31 15:44:49;PTLE;Venta;8.0;10.1;80.8;;;;17e003a2-bca4-44c8-b521-f812492a023b;20260731154449191::538b4515-ef94-414b-8b39-95f7192d795b;
2026-07-31 15:47:03;NIPG;Compra;22.0;10.2;224.4;;;;d3467c83-d9ba-4a70-855a-2aeee7bc9e1f;20260731154703842::b1ad4f55-3bdf-4a0c-ac50-a8ea20a102c0;ejecucion parcial
2026-07-31 15:47:03;NIPG;Compra;18.0;10.2;183.6;;;;d3467c83-d9ba-4a70-855a-2aeee7bc9e1f;20260731154703842::75bd5b7d-026c-4c85-b4d7-43c36cf49e2a;
2026-07-31 15:48:11;NIPG;Venta;10.0;10.24;102.4;;;;dbe3b9b8-529b-4b0b-9591-707bebeb4dc0;20260731154811848::3403180a-34bc-45a4-87b2-1c7abc9d3941;
2026-07-31 15:48:12;NIPG;Venta;10.0;10.24;102.4;;;;e62e8df5-8abf-4c93-a3a6-5200be1f4115;20260731154812794::79fbc91f-55f5-48fc-aae3-00ebb856ab2a;
2026-07-31 15:48:13;NIPG;Venta;10.0;10.24;102.4;;;;9630cae3-2e28-4cea-ae4a-d9b07d334cc1;20260731154813546::7b2d0542-a0cc-4f95-9bc0-42e20fdff218;
2026-07-31 15:48:14;NIPG;Venta;10.0;10.24;102.4;;;;97fa7b24-672d-4c5c-a77f-51849814d35f;20260731154814107::40cf22cc-ffdd-4165-987d-ed8149533874;
2026-07-31 15:48:56;MLAB;Compra;40.0;101.54;4061.6;;;;550e5536-1088-4641-96d5-152e4fe5f6fd;20260731154856687::6270af2a-d431-4ac1-a550-6590e96d6564;
2026-07-31 15:50:00;MLAB;Venta;25.0;101.5;2537.5;;;;592a7c3e-b556-4485-8666-94a64fedc0af;20260731155000206::aa1fc9fe-760f-44f2-b178-d98c29fddacf;
2026-07-31 15:50:15;MLAB;Venta;5.0;101.35;506.75;;;;8bae7b8d-ffa5-4c6d-b924-5a8bea06a54d;20260731155015369::271a8396-8711-44e9-ad14-d3fe7aad554c;
2026-07-31 15:50:20;MLAB;Venta;5.0;101.35;506.75;;;;e994b6c4-b8cc-4c8c-ab77-338cced41d91;20260731155020127::ddf5b414-35b0-43ee-800e-1e1a9a9e8d7d;
2026-07-31 15:50:22;MLAB;Venta;5.0;101.35;506.75;;;;4f6166eb-f827-4fd6-b847-36af698ee22d;20260731155022567::72eba463-ed7e-492e-8c82-d249716bf8e0;
2026-07-31 15:52:01;HOV;Compra;1.0;124.04;124.04;;;;2f4ff954-8a2b-43da-b647-5e6d1c7e3cf3;20260731155201851::39e4463b-e714-4c28-a2f3-1a2433b50a13;ejecucion parcial
2026-07-31 15:52:12;HOV;Venta;1.0;124.0743;124.07;;;;e8450919-ace7-4b32-9d11-311ddb517d2f;20260731155212402::85819e18-b513-4310-bf06-87f6b6a0cf3e;
2026-08-03 10:03:20;PAM;Compra;40.0;86.74;3469.6;;;;83e98306-e0be-43b7-8d11-7ac939db5c00;20260803100320691::1c1cd90d-27ae-4ec4-ba5e-54f062f34dbd;
2026-08-03 10:04:30;PAM;Venta;10.0;86.55;865.5;;;;251ecfac-7897-44ca-a218-78cb722e01eb;20260803100430159::e5c6bddc-6555-4253-9a1e-cb0eb1f6c33d;
2026-08-03 10:04:33;PAM;Venta;10.0;86.6;866.0;;;;eba6b505-cae6-4bca-a509-a27a8675274d;20260803100433999::2ab2a90f-b363-48f3-a052-5c0d0be99203;
2026-08-03 10:04:41;PAM;Venta;10.0;86.6;866.0;;;;ff3a4ef5-7505-47c0-af7b-b4168ffe9c79;20260803100441331::0de0653b-9d14-4978-88ef-690f53620388;
2026-08-03 10:04:55;PAM;Venta;5.0;86.7;433.5;;;;d56f6898-1da8-40fb-a7ce-4911601e2cea;20260803100455196::ffcdaa0b-4974-4eb4-a98c-456bc1f1bae4;
2026-08-03 10:05:13;PAM;Venta;5.0;86.6;433.0;;;;b3a19dc0-13de-451c-a51c-2ccb6ad75c3a;20260803100513536::4d9d4357-cd53-411e-8cef-d3b49b91a8ea;
2026-08-03 10:05:18;OXM;Compra;40.0;39.02;1560.8;;;;3aa42123-9dfd-4e1a-ae32-0d101a8e1e9c;20260803100518231::b91906e7-f2ee-4fe8-8af3-a4fbf66a35ef;
2026-08-03 10:05:30;OXM;Venta;20.0;39.18;783.6;;;;3f2f369e-7c19-4081-83e6-c4faa520b750;20260803100530842::da44f86c-cd00-4e58-a7bd-20fa4c553a71;
2026-08-03 10:05:32;OXM;Venta;20.0;39.22;784.4;;;;1a3da2d8-9918-4476-9ab1-35d359c403ce;20260803100532660::a48b107f-707a-45dc-912e-d43021fd5b83;
2026-08-03 10:08:15;LCNB;Compra;38.0;20.01;760.38;;;;7ee140af-e102-44f7-8bda-7f712ae15045;20260803100815608::42608459-3c07-4de7-9572-b3ba6dcb2f80;ejecucion parcial
2026-08-03 10:08:15;LCNB;Compra;2.0;20.01;40.02;;;;7ee140af-e102-44f7-8bda-7f712ae15045;20260803100815608::22bbc498-a549-430d-9d7d-c9b5f9e3cd02;
2026-08-03 10:08:48;LCNB;Venta;3.0;19.9662;59.9;;;;7571f0b8-a070-4980-9653-13e3fb8dd1fb;20260803100848564::ddeb2380-9b52-4382-b62e-4cbddb2051e7;
2026-08-03 10:08:52;LCNB;Venta;3.0;19.9662;59.9;;;;db198e8b-56ef-4f5f-a514-e8d18f5fa288;20260803100852231::35034631-021f-43c7-b0cf-dc8af248726e;
2026-08-03 10:08:53;LCNB;Venta;3.0;19.9662;59.9;;;;26648c75-be3a-41f8-8478-693073a9bc6b;20260803100853383::e878315c-0f7a-4770-a869-8570ccef0192;
2026-08-03 10:09:00;LCNB;Venta;10.0;20.04;200.4;;;;4b568ec0-e64b-40c5-b3ca-0ce3f32fe2f6;20260803100900088::87e1f2b2-f6cc-41ed-a784-a91295e959cc;
2026-08-03 10:09:27;LCNB;Venta;21.0;19.9;417.9;;;;528d51da-2d42-434b-801d-837bb1c18b77;20260803100927190::db799c7d-c575-4c28-b0c9-adb4bb1fcfbe;
2026-08-03 10:11:04;GRDN;Compra;40.0;40.27;1610.8;;;;2f64060d-6cf7-416c-b645-580c49d7f499;20260803101104367::d290e4ce-2388-4b3a-9e77-4273e05b5fa7;
2026-08-03 10:11:20;GRDN;Venta;20.0;40.45;809.0;;;;3b98d4a9-6fc4-4f3f-9a8a-9e6ce8bb8525;20260803101120775::04e27e69-296c-4996-bc09-545afdb4b311;
2026-08-03 10:11:23;GRDN;Venta;20.0;40.5;810.0;;;;455c0b24-140a-497e-95e8-b1fd1d0d6674;20260803101123058::5fa12552-825f-47dd-b0c0-213b5f56e41b;
2026-08-03 10:14:01;CRVL;Compra;40.0;61.15;2446.0;;;;9bd3825b-9a95-4e2b-add6-a63f25ad2c1d;20260803101401325::42ab9b76-1891-444e-a611-d5d3d0e062fa;
2026-08-03 10:14:32;CRVL;Venta;10.0;61.26;612.6;;;;b4651918-b2c6-43f6-bf41-2d3fe094ca83;20260803101432656::eb3f1c87-64ea-4945-b75a-9dd0e08937ea;
2026-08-03 10:14:34;CRVL;Venta;10.0;61.28;612.8;;;;cc9214f9-43c0-44cd-9bd2-29e6f3d4cbe4;20260803101434844::d73dc0b2-8100-4450-81d5-5f41cd23b941;
2026-08-03 10:14:47;CRVL;Venta;5.0;61.26;306.3;;;;1b880d0c-9d28-4019-9a03-a6966b69b048;20260803101447987::401f401e-c096-4016-ad8d-433e8db65e7e;
2026-08-03 10:14:49;CRVL;Venta;5.0;61.28;306.4;;;;8c41b4ea-df9f-4ba6-8e0e-e0bef5b6aa1e;20260803101449330::d6fd6455-f166-4a28-9533-c6866977d86a;
2026-08-03 10:14:50;CRVL;Venta;5.0;61.28;306.4;;;;169d445d-2020-40ca-ac6b-d548c1da687c;20260803101450255::7911f309-ab73-42a7-8848-26f1d8cf9b11;
2026-08-03 10:14:51;CRVL;Venta;5.0;61.28;306.4;;;;15dcc194-87ed-49f4-8fc1-08d42d79c2a1;20260803101451771::0b4f0e28-2fb3-44c0-a1df-af8daf1d8d8b;
2026-08-03 11:49:13;USPH;Compra;40.0;79.32;3172.8;;;;dc3853b7-c8a4-4600-80d9-80bfdfd10183;20260803114913250::f4324fd7-d1a9-4874-8b1b-0ce9bb0b8219;
2026-08-03 11:49:59;USPH;Venta;20.0;79.4;1588.0;;;;c534ce74-8428-4ebe-852a-95a1c779f392;20260803114959925::f985a022-35d2-46fa-b8c6-a90ec9decb99;
2026-08-03 11:50:02;USPH;Venta;20.0;79.48;1589.6;;;;bd53d9a0-a455-4cc0-8e42-1eaf86bcd52a;20260803115002209::7334c914-1ace-423b-935b-9ed746294fd5;
2026-08-03 11:54:28;NYAX;Compra;40.0;69.21;2768.4;;;;68554139-c1c0-435c-b725-41adc0684aba;20260803115428823::1c005243-fe52-4463-90f9-848049428878;
2026-08-03 11:56:40;NYAX;Venta;20.0;69.3;1386.0;;;;bf3e4148-3716-4c64-ae5c-76419815d80b;20260803115640658::a47a4fa8-0b6e-4bbe-a6d7-5d7255ea6bf5;
2026-08-03 11:56:52;NYAX;Venta;10.0;69.32;693.2;;;;ecaf5c75-c6f4-44bd-a00a-3199c905c7d2;20260803115652274::cc689b99-7209-4f11-a9bd-781e3e746f71;
2026-08-03 11:56:56;NYAX;Venta;10.0;69.32;693.2;;;;9b2a83fa-b8bf-488e-9efd-0e6f8f04a596;20260803115656670::91cbd0e8-7a03-46db-9185-5c5149e0a3be;
2026-08-03 11:58:19;MLAB;Compra;40.0;104.58;4183.2;;;;9860dd48-88b0-41a2-924c-0e9bfd8129a4;20260803115819586::a97fcd31-b785-4f82-bd6d-f45f9fa76f87;
2026-08-03 11:59:03;MLAB;Compra;10.0;104.45;1044.5;;;;a6b658a1-ce8b-4430-859c-d6a20379d5ab;20260803115903414::212d67eb-411d-45d5-80a3-8207c2302315;
2026-08-03 11:59:32;MLAB;Venta;20.0;104.55;2091.0;;;;682d1323-7322-4482-90cd-5ac635d43c48;20260803115932505::928b6fc4-2136-46e2-873e-ecbaedb1220b;
2026-08-03 11:59:33;MLAB;Venta;20.0;104.55;2091.0;;;;a9590ccd-42cf-4685-a956-73e05d206d2a;20260803115933286::51c7de80-748a-4bbc-b863-ad02d9657ad1;
2026-08-03 11:59:50;MLAB;Venta;10.0;104.48;1044.8;;;;320e1873-5160-419a-8f2d-0b8d08befb36;20260803115950654::4e93194e-f4ed-4661-864d-ef98786b2886;
2026-08-03 12:02:14;IBP;Compra;40.0;228.95;9158.0;;;;f30c79a5-4d1b-4ded-b304-99053128faf3;20260803120214695::e5fd9298-9b10-410d-9e1b-b85bb5b66d49;
2026-08-03 12:02:26;IBP;Compra;10.0;228.9;2289.0;;;;640cea2c-d616-466d-8735-9343dee6f3e2;20260803120226098::2be91738-f217-4d29-a7b5-9987716c9af7;
2026-08-03 12:02:56;IBP;Venta;20.0;228.84;4576.8;;;;bef2daad-cb07-489c-ae68-2566b44daa04;20260803120256069::bbcbcf93-ba76-49fa-ae9f-6d182f7b6d0f;
2026-08-03 12:03:00;IBP;Venta;20.0;228.84;4576.8;;;;c43c9a19-47c9-4bb6-acae-f64c0e9e01f8;20260803120300228::a53dec51-e4f4-42b6-a301-f3ee2a5312e3;
2026-08-03 12:03:04;IBP;Venta;10.0;228.86;2288.6;;;;666d04a4-e439-4f29-bf2e-38f5b6a0a484;20260803120304840::d699c51b-a20b-4623-9cb6-59c285a0406a;
2026-08-03 12:19:20;WYHG;Compra;60.0;3.48;208.8;;;;d40ff58e-c545-40b3-a7ff-7ef5d2e6d821;20260803121920725::d6244252-7d4f-40e6-ac30-93478340d17e;
2026-08-03 12:20:28;WYHG;Venta;10.0;3.685;36.85;;;;34a9c3e0-7cdd-43b8-9576-3ae289808c01;20260803122028449::48c6625f-546d-45be-935e-76d2db2ea849;
2026-08-03 12:20:34;WYHG;Venta;20.0;3.543;70.86;;;;b96c76c4-98e4-488e-834a-c6737a7aee0c;20260803122034706::c4cde4f6-69ed-492b-896f-3df78853a7fe;
2026-08-03 12:20:38;WYHG;Venta;30.0;3.6198;108.59;;;;1942da7f-65d9-4271-8517-9fcb58a0d3dd;20260803122038498::cdc3ff02-49dd-4e17-9b89-98d29a3c4691;
2026-08-03 12:21:35;TFII;Compra;60.0;134.59;8075.4;;;;bd6e9cd6-758e-4e60-8f8c-9d89e68c9ec8;20260803122135258::8c1f4fcb-8a41-499e-aa31-a8ffe115e9b5;
2026-08-03 12:22:39;TFII;Venta;20.0;134.6;2692.0;;;;6b63978b-3688-408a-a7cb-97060d031278;20260803122239128::42571aef-32f9-4207-8263-d1783f284e9c;
2026-08-03 12:22:52;TFII;Venta;15.0;134.6;2019.0;;;;26220d95-0c44-4f38-81b1-0a5a05592e35;20260803122252878::f593a10a-2f52-4182-ace0-865edb3bba59;
2026-08-03 12:22:54;TFII;Venta;15.0;134.6;2019.0;;;;479d2844-ec50-4637-aef9-d74839bd09fe;20260803122254044::6edbff89-5dc7-4ff9-aff5-24c44d407113;
2026-08-03 12:22:58;TFII;Venta;10.0;134.62;1346.2;;;;28c46c42-1ea8-41f2-95a7-becbb6eb519b;20260803122258094::ddf0c448-eec7-48b0-8cb2-1308d70dfd11;
2026-08-03 12:25:13;PMN;Compra;34.0;14.11;479.74;;;;311dd09d-2868-4bb2-a3b5-a9614c10e2dd;20260803122513943::25ba90a7-d7b5-484d-b700-49683e499b96;ejecucion parcial
2026-08-03 12:25:13;PMN;Compra;26.0;14.11;366.86;;;;311dd09d-2868-4bb2-a3b5-a9614c10e2dd;20260803122513943::093fd14f-f3a6-4831-b2a1-263da1afdef5;
2026-08-03 12:26:45;PMN;Venta;20.0;14.1;282.0;;;;c2531536-f59f-4066-b1bc-435bab1e7856;20260803122645653::25119776-76ca-4fb0-ac9b-0eb9abd58b14;
2026-08-03 12:26:46;PMN;Venta;20.0;14.1;282.0;;;;86c85ed9-351e-43b8-a631-95b5a99d26cd;20260803122646892::f85d82b4-a9b8-41f4-a637-9c0789029d8b;
2026-08-03 12:26:51;PMN;Venta;20.0;14.1;282.0;;;;c856bee9-158b-4d6c-b2a6-de8d257a321e;20260803122651211::9b01a495-c024-4882-9eb4-676e057a7c8f;
2026-08-03 12:28:04;NIPG;Compra;60.0;10.1;606.0;;;;c140d4d2-2b0d-45db-aaed-3d1e72e1d195;20260803122804483::1efa5e39-835b-4cc9-bac4-aca783daac82;
2026-08-03 12:28:17;NIPG;Venta;30.0;10.3;309.0;;;;adfeeb24-c0fe-4eaf-a6fa-c892d488b4b7;20260803122817404::e53e35f2-c4d3-48df-a5b9-cbd6e691f7e9;
2026-08-03 12:28:20;NIPG;Venta;30.0;10.35;310.5;;;;a028e535-baea-43ad-bd29-2a730c4a33fb;20260803122820104::8c93734a-e9c1-49c0-bb9f-7d84d234b5da;
2026-08-03 12:38:10;JOUT;Compra;60.0;47.32;2839.2;;;;ebe87768-3927-44cf-832d-b40c1d50b2dd;20260803123810903::caac3c30-3eea-4c21-9ff4-2b65ec6bcea9;
2026-08-03 12:40:30;JOUT;Venta;30.0;47.36;1420.8;;;;e9336130-c898-4011-8765-7f8b39e32203;20260803124030114::4689e834-f58c-417a-849b-4897715550ea;
2026-08-03 12:40:38;JOUT;Venta;20.0;47.32;946.4;;;;73fb5bbd-d405-4b38-874b-2a3cbc12e1c3;20260803124038049::3d4278be-5050-4c3a-b7e3-2b1f33d7e7b0;
2026-08-03 12:40:41;JOUT;Venta;10.0;47.32;473.2;;;;32cf8847-ca39-4684-abdd-f05810a15345;20260803124041055::c2b8e263-8196-4f28-ae1e-e102d22211a4;
2026-08-03 12:41:30;HQWWW;Compra;25.0;5.26;131.5;;;;972efaee-6d1a-4f9b-b419-9e8e9e69077c;20260803124130078::3fbe793e-3701-4ab5-8baf-52cb9e789a28;ejecucion parcial
2026-08-03 12:42:03;HQWWW;Venta;5.0;5.3587;26.79;;;;b8e9fdd1-d1e1-45a8-9786-ee0cfb5be66f;20260803124203630::8d4d1673-10a1-4d21-919c-4604c4a05de9;
2026-08-03 12:42:06;HQWWW;Venta;3.0;5.19;15.57;;;;561cd340-ce8f-44e6-9629-1cce4fcee17b;20260803124206489::d1b83930-35a1-4bee-8eef-e6e8139d4abc;
2026-08-03 12:42:06;HQWWW;Venta;2.0;5.2;10.4;;;;561cd340-ce8f-44e6-9629-1cce4fcee17b;20260803124206489::49731336-23f3-4c74-9095-8c451c741541;ejecucion parcial
2026-08-03 12:42:11;HQWWW;Venta;5.0;5.1901;25.95;;;;d8c301d5-e75b-4c34-99f6-fe1ccb7bc260;20260803124211821::71494a72-5964-4118-bc0e-4733e06d0783;
2026-08-03 12:42:13;HQWWW;Venta;5.0;5.1901;25.95;;;;871a64f4-e7ff-4391-8ca6-b5f3f7ad511f;20260803124213599::9ca45ad9-9156-4c08-bee3-aba9a99ffc1d;
2026-08-03 12:42:17;HQWWW;Venta;5.0;5.2;26.0;;;;befb440b-77d6-4b8c-96ed-af57eb1b7a25;20260803124217226::57433d48-d153-4193-b236-fec1c6c0d33d;
2026-08-03 12:42:39;GHM;Compra;60.0;97.24;5834.4;;;;ace6d383-3f64-4f3f-9f25-b87662fa5fa0;20260803124239692::1766efbd-77df-4a73-ba17-c669deb53515;
2026-08-03 12:42:56;GHM;Venta;20.0;97.3;1946.0;;;;586cec91-c0c4-44bb-a443-c2f5ecf2eaaa;20260803124256805::d55c0d44-9457-4cae-85a8-4b60247be1b4;
2026-08-03 12:42:58;GHM;Venta;20.0;97.32;1946.4;;;;1d50060c-4aa8-4e40-b232-1381b86dea05;20260803124258522::64fe0b31-ebc9-491a-b029-e3e36627df1f;
2026-08-03 12:43:09;GHM;Venta;20.0;97.32;1946.4;;;;941d58ea-03d8-478a-a09a-2c9d12db6759;20260803124309127::8252676b-40cd-4241-8abc-e88e94bb4d9a;
2026-08-03 12:43:49;FJP;Compra;5.0;74.2;371.0;;;;d4e32480-7d4e-40d0-9a01-0e3fb8155467;20260803124349735::0ebe98de-8e20-4269-b1ec-4f5bd8acfea9;ejecucion parcial
2026-08-03 12:44:04;FJP;Venta;5.0;74.32;371.6;;;;7427396c-bbd5-4ff6-a343-53f90ac6cf4e;20260803124404353::c31d9534-24ac-4a4b-8661-6cb3cf9851e2;
2026-08-03 12:44:15;FEDU;Compra;60.0;7.47;448.2;;;;4c49bb9f-1dd2-47f4-982b-9bbaee7e5e3b;20260803124415064::9b303b56-04cb-4b07-a31f-935886a417db;
2026-08-03 12:44:49;FEDU;Venta;6.0;7.62;45.72;;;;bffb642c-4740-466c-83e1-401ee4878610;20260803124449722::d1e0bf3f-b7c9-40a1-b3de-e553b153c1cf;ejecucion parcial
2026-08-03 12:44:58;FEDU;Venta;20.0;7.6;152.0;;;;a2622385-1805-487b-9727-c8c7062dc30e;20260803124458870::50ffc061-182a-49d4-848b-a6b8bff70dff;
2026-08-03 12:44:59;FEDU;Venta;20.0;7.6;152.0;;;;25677ceb-645b-45fc-a121-3faa23f8d4ca;20260803124459693::ec6a2c89-2f09-4862-a5cb-9ab5e0a2757c;
2026-08-03 12:45:06;FEDU;Venta;14.0;7.6;106.4;;;;91385dff-bfe9-4b58-93a2-5cbf8e083cbd;20260803124506695::d22d9c5a-22b7-469e-85cc-6a11cc4f9be3;
2026-08-03 12:45:25;ERIE;Compra;60.0;243.59;14615.4;;;;61566c5d-bff7-47e2-b6ee-7a0af74a2a4d;20260803124525861::9bfcd08f-f56c-4318-9d21-27d740bdcfb8;
2026-08-03 12:45:55;ERIE;Venta;2.0;243.94;487.88;;;;7ea903ee-6626-4438-ba8c-a7896df0c8a3;20260803124555402::3bc172b9-ea9b-4f4d-a2f6-006c2a9aaa81;ejecucion parcial
2026-08-03 12:46:11;ERIE;Venta;20.0;243.8;4876.0;;;;d21f50e8-880d-438d-bf6b-8da38dab9b08;20260803124611126::58c2da56-a06a-4882-b835-e01fcae1ea86;
2026-08-03 12:46:26;ERIE;Venta;15.0;243.78;3656.7;;;;517adf53-3c0e-4c2c-b56a-4374c5fcdfc3;20260803124626326::8348abd7-4efc-4442-a226-bd91c7b09750;
2026-08-03 12:46:33;ERIE;Venta;10.0;243.76;2437.6;;;;6601de91-4391-49fb-b6e8-d518fe24350f;20260803124633087::6d47d029-48f6-4e2d-885d-1ba64c8cf822;
2026-08-03 12:46:43;ERIE;Venta;6.0;243.76;1462.56;;;;78e54e6d-5487-4402-88b8-dec30e2833c2;20260803124643456::f0953950-3d56-4260-bc8d-747aaa1a2a3b;
2026-08-03 12:46:48;ERIE;Venta;4.0;243.76;975.04;;;;8768c2a4-c7ec-4e78-8c03-5a26a76d0257;20260803124648978::7b1c11e0-9d9a-4069-8f68-d75921d3fa58;
2026-08-03 12:46:53;ERIE;Venta;3.0;243.78;731.34;;;;b7d2e4b2-3253-4b9f-8a46-fa471ff4a40c;20260803124653147::a76f5d23-2894-40d9-b3c6-b26b62b446ae;
2026-08-03 12:48:56;BDSX;Compra;60.0;22.5;1350.0;;;;308dd718-300c-4f95-b197-1984fe293475;20260803124856875::caba94b2-3998-4fa5-8358-dc3a23178aff;
2026-08-03 12:49:19;BDSX;Venta;20.0;22.6;452.0;;;;447aa118-b0af-4938-8f26-5ce153b82ee9;20260803124919352::fa0cead8-f538-4563-8777-cbab0428cd66;
2026-08-03 12:49:28;BDSX;Venta;10.0;22.62;226.2;;;;5864082d-45ac-45ee-8085-a6b667797fd5;20260803124928601::c0222116-a6ad-4b36-8809-0a185eae930e;
2026-08-03 12:49:40;BDSX;Venta;5.0;22.58;112.9;;;;ffd6b9ad-c689-4a70-93cf-7f6b7f2d07dc;20260803124940910::c25a9f2f-b586-49d8-82c2-95a82908567e;
2026-08-03 12:49:44;BDSX;Venta;5.0;22.56;112.8;;;;b4cb65e5-bfbb-470b-a7c2-6c4bd1124742;20260803124944618::6ef04cca-12fd-4e1a-b64b-d0eea73c4f82;
2026-08-03 12:49:46;BDSX;Venta;5.0;22.56;112.8;;;;e687ac2e-99aa-4906-b7a7-930de607b686;20260803124946228::1bc4ec74-24df-4fc7-b18b-64333affe7e0;
2026-08-03 12:49:54;BDSX;Venta;10.0;22.54;225.4;;;;72792a72-4116-4582-8bb5-e4285622c891;20260803124954801::f98a2995-f00f-4356-936c-0a27d504f694;
2026-08-03 12:50:06;BDSX;Venta;5.0;22.54;112.7;;;;83470e0e-c90f-4ef2-826e-abe81b8ba511;20260803125006158::75876567-de45-4146-9e01-f4ab3799baff;
2026-08-03 13:03:14;TMS;Compra;60.0;6.28;376.8;;;;9690d268-7665-4e26-bc89-a7de89176e0b;20260803130314985::64591449-acb4-4f3c-a329-0d35fbdc1c25;
2026-08-03 13:05:19;TMS;Venta;10.0;6.2682;62.68;;;;ad897888-4227-4803-b9cf-d57dec035889;20260803130519011::c569c476-4121-443b-884b-fba13c89e96c;
2026-08-03 13:05:20;TMS;Venta;10.0;6.19;61.9;;;;62764051-e604-49b6-b3cd-ee30b751aa8a;20260803130520384::5f6a41a6-b3a1-4019-bb7a-8e00096d861e;
2026-08-03 13:05:26;TMS;Venta;5.0;6.2685;31.34;;;;bb4822e4-25ea-4258-88b5-0f246cb423cb;20260803130526823::69cb9eea-67e9-4e12-94f0-293f6c3b4e5f;
2026-08-03 13:05:33;TMS;Venta;20.0;6.3;126.0;;;;f84f8fa1-6815-4779-9c39-e17566bf880c;20260803130533031::237652c5-b495-48d2-9ad7-dcde3b2cfb65;
2026-08-03 13:05:39;TMS;Venta;15.0;6.32;94.8;;;;81806ffe-d68e-45be-b12b-6d78a62da818;20260803130539411::8b51b9c9-bf70-42d3-8407-1cf4984825af;
2026-08-03 13:15:04;FJP;Compra;3.0;74.24;222.72;;;;65aa6824-33a0-440f-900d-f415ffe15210;20260803131504059::b82d4165-a713-48e1-9d08-7318729ce464;ejecucion parcial
2026-08-03 13:15:19;FJP;Venta;3.0;74.32;222.96;;;;86017702-3818-433b-83a8-e0076c1f7535;20260803131519909::24b18e0c-ef9e-4951-ad6d-c14b7eb5a9cc;
2026-08-03 13:17:22;CPHC;Compra;60.0;15.33;919.8;;;;c389513f-3af8-4daf-9c13-b52d526bbfc4;20260803131722890::d610d267-681b-4a53-96c1-79f4a48da7a4;
2026-08-03 13:17:51;CPHC;Venta;5.0;15.31;76.55;;;;a0c215f5-5ca2-4d44-a45c-b0dc35824cbb;20260803131751529::5aad7e79-cb4e-4b2c-ac6e-d64d467dbff2;
2026-08-03 13:17:55;CPHC;Venta;5.0;15.36;76.8;;;;1bd928c3-7f75-4db6-b880-192587d7b6dd;20260803131755170::9f3a8717-4b7f-4a26-a031-40f24905386b;
2026-08-03 13:18:12;CPHC;Venta;8.0;15.38;123.04;;;;d2d5bf34-1f84-4ade-a9c5-8093c40a9fe3;20260803131812194::62ef0ee2-1568-4e9a-8d39-b10cad8bc27d;ejecucion parcial
2026-08-03 13:18:35;CPHC;Venta;8.0;15.3531;122.82;;;;13573bc8-b0d7-467b-97ff-b8b86c28e05e;20260803131835192::cd58b69a-4be3-45f8-84a0-55e393404e97;
2026-08-03 13:18:52;CPHC;Venta;20.0;15.353;307.06;;;;104fb6f1-68bc-4635-9555-bc5054477da1;20260803131852788::4aecaf6a-1f02-44e1-87a6-702f59d773c8;
2026-08-03 13:18:59;CPHC;Venta;14.0;15.3531;214.94;;;;befe6323-7b63-47b5-bdff-04a935b2d902;20260803131859884::01da09f0-d435-4d6c-9084-8c3ec37c0ac5;
2026-08-03 13:20:20;BMA;Compra;60.0;92.5;5550.0;;;;a617140b-bc05-4310-b808-282b721cd984;20260803132020026::82f7237d-7a60-4f57-87a4-256d31077162;
2026-08-03 13:21:30;BMA;Venta;10.0;92.6;926.0;;;;dea3f41e-b404-464f-81d1-ac4ac78546df;20260803132130775::d8ed6dd4-e4fa-4353-bd7a-19c065ac2ba0;
2026-08-03 13:21:31;BMA;Venta;10.0;92.6;926.0;;;;5b058bb3-6db2-412a-ae9d-9b732ac90699;20260803132131984::ccd255d7-cc37-461a-ac87-2be9df1f1dd9;
2026-08-03 13:21:32;BMA;Venta;10.0;92.6;926.0;;;;14a02469-973d-4a96-87a1-a34a56c9bc8e;20260803132132754::0b29002d-4c82-4450-b8ba-c8b44a3a1d7f;
2026-08-03 13:21:33;BMA;Venta;10.0;92.6;926.0;;;;a7c4452d-4a27-4d64-8ed9-12af2e56083b;20260803132133561::9a0ee52e-bde7-48ec-965c-41ed8a682068;
2026-08-03 13:21:36;BMA;Venta;10.0;92.6;926.0;;;;d34526cd-1386-4268-9156-38d481237e69;20260803132136209::322757e1-645b-416a-9ad6-f6142fcf71a6;
2026-08-03 13:21:37;BMA;Venta;10.0;92.62;926.2;;;;21d177f0-df18-4453-aee7-64bdc44ef7e7;20260803132137935::24436528-32f0-4dd0-af9e-b141c50fc660;
2026-08-03 13:40:21;ROMA;Compra;60.0;9.35;561.0;;;;cbd3521c-2019-4870-b963-66c2c7c6f1bc;20260803134021904::a2c1d3aa-25de-4b78-8587-1355cb4caaa3;
2026-08-03 13:40:33;ROMA;Venta;30.0;9.48;284.4;;;;3f0e9236-8aec-4f43-9409-983c1345487b;20260803134033613::776d5bcc-a605-414a-8bc1-665232e6b1cb;
2026-08-03 13:40:35;ROMA;Venta;30.0;9.48;284.4;;;;da48cb65-24c3-4bf1-a419-fded9f3b1896;20260803134035780::fac173ae-0251-44de-8944-72b952b707e7;
2026-08-03 13:41:30;PJT;Compra;60.0;168.78;10126.8;;;;f22128ea-7f8d-4a3d-b8a2-cf88f7fa735c;20260803134130075::2e95cf3b-6b40-4903-a5ef-a574eb97628e;
2026-08-03 13:41:46;PJT;Venta;30.0;168.9;5067.0;;;;ad8d9a76-6e76-469d-afea-a474c345587e;20260803134146809::4feb03ad-d3f3-4adb-88ff-7b47f0cad090;
2026-08-03 13:41:48;PJT;Venta;30.0;168.94;5068.2;;;;c36a7772-23af-45fc-b567-49ffeb8abc97;20260803134148574::8bdbe722-167f-4447-9674-fd11d4209133;
2026-08-03 13:47:34;FTH;Compra;60.0;25.4;1524.0;;;;4f4a3125-f230-4830-b7ce-9cd3c0f9e472;20260803134734747::4772f492-b3f3-4496-86cf-8840a3369f3b;
2026-08-03 13:50:01;FTH;Venta;30.0;25.65;769.5;;;;809d82c9-3afb-4a9d-a8da-ca389a942ecb;20260803135001858::826f4bdd-4601-4195-b31e-be7657da4456;
2026-08-03 13:50:11;FTH;Venta;20.0;25.64;512.8;;;;becd3dc2-2286-42f2-923c-fb16a39c2880;20260803135011628::19961e4a-e907-432b-9b49-3a76f8992544;
2026-08-03 13:50:26;FTH;Venta;5.0;25.62;128.1;;;;2ddb8909-470f-4583-9eea-ad6c55364428;20260803135026034::1ceaa0c2-31f1-4012-b37a-d1edd6f18d3a;
2026-08-03 13:50:27;FTH;Venta;5.0;25.62;128.1;;;;1e06c61e-22cd-48ec-9ba7-f948ae5cf4fa;20260803135027039::9f77795b-fd18-42ff-a8f1-4318b115200a;
2026-08-03 13:51:17;ENS;Compra;60.0;187.75;11265.0;;;;17c5deed-9ad7-4f3b-bc8f-01ca01bc1222;20260803135117553::5de2f427-47fe-4285-b5f9-30dd23d6bdbd;
2026-08-03 13:51:49;ENS;Venta;30.0;187.98;5639.4;;;;78e8957d-1a91-4329-b118-e0e3949dd2e4;20260803135149386::3995ab6f-4e2a-45ef-b767-0870d7c5f65c;
2026-08-03 13:51:51;ENS;Venta;30.0;188.04;5641.2;;;;5f328738-e676-49bd-a9ed-967169e4d580;20260803135151332::8c55f029-ad73-452c-af62-590a44ce21e3;
2026-08-03 13:53:26;CPHC;Compra;37.0;15.36;568.32;;;;bb2b6e15-0ac0-4b58-b454-454a8363e960;20260803135326852::6b2c2360-112e-4737-bf8a-b3d5aeccccf4;
2026-08-03 13:53:26;CPHC;Compra;23.0;15.36;353.28;;;;bb2b6e15-0ac0-4b58-b454-454a8363e960;20260803135326849::df165cdc-eb3e-4422-8273-5ffe5296fa9f;ejecucion parcial
2026-08-03 13:54:07;CPHC;Venta;30.0;15.48;464.4;;;;8218320f-b484-480a-b68f-70c7c61b76c4;20260803135407107::807bd367-106a-4f89-9fb5-dc96282cc853;
2026-08-03 13:54:11;CPHC;Venta;6.0;15.46;92.76;;;;2e2f7c85-88a1-40fc-9f86-81695794c198;20260803135411833::42397d34-faac-472c-b4ed-4621b60df729;ejecucion parcial
2026-08-03 13:54:22;CPHC;Venta;12.0;15.42;185.04;;;;496e19eb-cbcb-47a7-8872-b541272fdfa5;20260803135422429::83d86750-6e29-4906-8214-6c802d088de6;
2026-08-03 13:54:37;CPHC;Venta;6.0;15.42;92.52;;;;d58b6d5d-b531-47b1-9e45-e3e54ce7e3b0;20260803135437733::bf8fa009-9aab-4572-b3d8-1458aa3e8a2e;
2026-08-03 13:54:38;CPHC;Venta;6.0;15.42;92.52;;;;a4c7e2c3-ccd7-448a-a828-f0fe988d7560;20260803135438774::6fa97b2e-3841-4bab-bf44-e8410ffad053;
2026-08-03 14:15:06;USPH;Compra;40.0;79.03;3161.2;;;;c96ca451-35fe-4aaf-b923-d54274aa31dd;20260803141506707::afeba068-ca04-421d-8c70-4660a1b640d1;
2026-08-03 14:15:06;USPH;Compra;20.0;79.03;1580.6;;;;c96ca451-35fe-4aaf-b923-d54274aa31dd;20260803141506695::98e4a7c9-d8f2-429b-ad13-9a04b5b45cde;ejecucion parcial
2026-08-03 14:15:17;USPH;Venta;30.0;79.26;2377.8;;;;54083a00-6cae-45d0-8799-c460cb427fcf;20260803141517824::42cd92ff-4199-482c-a514-01f35b829c90;
2026-08-03 14:15:22;USPH;Venta;18.0;79.245;1426.41;;;;509055e8-ffbe-4379-9191-9f530d1163e8;20260803141522341::de79af81-5bf4-4ad4-a045-e62e3f683ab2;ejecucion parcial
2026-08-03 14:15:34;USPH;Venta;6.0;79.24;475.44;;;;de59ba2d-0d1c-45e0-b7e2-fd1d1a82a535;20260803141534571::a2f1975b-aa5b-45f7-9169-b38994f67f67;
2026-08-03 14:15:45;USPH;Venta;6.0;79.14;474.84;;;;e99071b0-ee86-4b13-b1fc-752b57c18379;20260803141545778::a317fbbd-d6f2-4a67-84d1-79605aaf83bd;
2026-08-03 14:17:56;ROMA;Compra;60.0;9.35;561.0;;;;8fa47081-5e83-43f1-8bde-ce00b1c9ecef;20260803141756987::f8c34e65-c59d-4662-9233-84bfa2c331d5;
2026-08-03 14:19:16;ROMA;Venta;8.0;9.52;76.16;;;;10deac32-9f9f-45f3-a64f-320521b32c72;20260803141916154::8f777df0-88d0-4780-94e1-da6d15866095;ejecucion parcial
2026-08-03 14:19:23;ROMA;Venta;20.0;9.56;191.2;;;;cd53e574-c639-4d6a-b70d-40d85790d3e9;20260803141923633::20c211e0-4e0a-4b9d-b7ae-c60beea29f4d;
2026-08-03 14:19:38;ROMA;Venta;10.0;9.52;95.2;;;;26810ffa-b9da-4bad-8449-507fc6ff1ef8;20260803141938954::80e0370f-eb2f-4b6d-b324-d1fdf1e31cb7;
2026-08-03 14:19:48;ROMA;Venta;10.0;9.5;95.0;;;;6893727b-db27-4f0c-a958-38ced222b389;20260803141948897::d45666ba-4148-40ea-a31c-d573901b87b5;
2026-08-03 14:19:56;ROMA;Venta;6.0;9.5;57.0;;;;82606020-ac7e-4d96-8670-9128ea1b5eae;20260803141956117::ca858a9e-e972-4355-9f71-b4f5bcbbb60c;
2026-08-03 14:19:57;ROMA;Venta;6.0;9.5;57.0;;;;c399cb0f-3e20-40eb-9770-ac4273581386;20260803141957042::f6c92d26-4421-4816-b36d-faefe75c67f1;
2026-08-03 14:21:23;PFIS;Compra;1.0;70.76;70.76;;;;c2e841de-9280-4342-977c-93ff27858f4b;20260803142123526::b49f9619-fdad-42f8-a607-73af8c67134e;ejecucion parcial
2026-08-03 14:21:23;PFIS;Compra;1.0;70.76;70.76;;;;c2e841de-9280-4342-977c-93ff27858f4b;20260803142123526::17fd5ec2-fed4-4654-8ac7-34086ea622f4;ejecucion parcial
2026-08-03 14:21:36;PFIS;Venta;2.0;70.88;141.76;;;;980febec-654e-4952-82b2-1c55aefc4bf6;20260803142136506::3060520b-e458-43f4-b314-a5245a4aac4a;
2026-08-03 14:21:54;PBAM;Compra;60.0;85.71;5142.6;;;;cb60c8f0-d334-4d7a-b774-1d27ffa0bf66;20260803142154839::30602d51-7d32-4ed3-b6e6-ce11f8e30a0d;
2026-08-03 14:23:47;PBAM;Venta;30.0;86.25;2587.5;;;;9aa65393-0b98-4fdd-8c06-982cbbf3e7be;20260803142347617::87aac381-03a5-4eed-a6f9-84875e929fb1;
2026-08-03 14:24:10;PBAM;Venta;15.0;86.1;1291.5;;;;1bec3256-8337-40fb-9f7d-ad4a08ed03ad;20260803142410930::9aa86306-8e8f-4d7e-be4c-610b4a0a6926;
2026-08-03 14:24:40;PBAM;Venta;5.0;85.8638;429.32;;;;893db491-0bc7-4fdb-9fe4-5a3dfadb3cda;20260803142440570::d9c32679-9900-4a9a-b10b-d889b5534ee1;
2026-08-03 14:24:44;PBAM;Venta;5.0;85.8638;429.32;;;;29217255-ab06-4d05-b12b-7d73002d7753;20260803142444455::4b365440-3d5e-4ab6-a7b1-9e9b81bccefb;
2026-08-03 14:24:47;PBAM;Venta;5.0;86.275;431.38;;;;a882c56c-31c9-4afd-9b57-7865bf8e016d;20260803142447442::052d7ac9-0d54-437c-b7ae-61345e39ef7b;
2026-08-03 14:25:55;NNNN;Compra;30.0;11.25;337.5;;;;ffad3e47-e114-43eb-862e-9797364edb8b;20260803142555436::085a9438-d270-4d3f-8c52-a24c88614008;ejecucion parcial
2026-08-03 14:26:28;NNNN;Venta;30.0;11.25;337.5;;;;d6b1e65e-60b5-4018-8701-4d75b4b3c2c8;20260803142628346::a776663a-1521-432d-823a-d49b0c4fee4a;
2026-08-03 14:28:01;LEXX;Compra;1.0;4.54;4.54;;;;7493b39d-d996-4011-ac51-6a1f57a661d4;20260803142801904::e7aaaf4e-1f02-48fa-b1e1-eadb27c28f05;ejecucion parcial
2026-08-03 14:28:01;LEXX;Compra;1.0;4.54;4.54;;;;7493b39d-d996-4011-ac51-6a1f57a661d4;20260803142801904::69c9149b-0b6d-4850-a812-41d2a51c8be0;ejecucion parcial
2026-08-03 14:28:01;LEXX;Compra;1.0;4.54;4.54;;;;7493b39d-d996-4011-ac51-6a1f57a661d4;20260803142801904::1667d9d5-aad2-41c0-97ae-361131bb7672;ejecucion parcial
2026-08-03 14:28:01;LEXX;Compra;1.0;4.54;4.54;;;;7493b39d-d996-4011-ac51-6a1f57a661d4;20260803142801904::147460e5-bbbf-49ee-acba-815af12c3dc8;ejecucion parcial
2026-08-03 14:28:14;LEXX;Venta;4.0;4.65;18.6;;;;5dd47a95-a5b7-4dab-9b22-fc2fc9ea7d54;20260803142814809::9bfd617d-ff9b-4174-9b93-fd925e8a7677;
2026-08-03 14:32:10;CRWL;Compra;60.0;67.61;4056.6;;;;fb39a2fe-718a-411d-a645-1786830f4641;20260803143210308::d1cf277d-65be-4e63-b709-3dc3b0b61df2;
2026-08-03 14:33:41;CRWL;Venta;30.0;67.94;2038.2;;;;f57632c2-4fe5-4f8f-b825-dfead52b7c1c;20260803143341606::1d620522-db89-4009-bf78-11fdab606a4b;
2026-08-03 14:33:52;CRWL;Venta;30.0;67.9;2037.0;;;;48ff4c97-d945-4038-9897-121141dacc83;20260803143352825::292f9d17-896c-4daa-8f0d-de4e6915f032;
2026-08-03 14:34:34;CHCI;Compra;1.0;14.52;14.52;;;;3f4f1224-4125-40c9-9904-689253d8f639;20260803143434079::bff3dcfd-bfe6-4372-8920-e46a65ffbc33;ejecucion parcial
2026-08-03 14:34:55;CHCI;Venta;1.0;14.54;14.54;;;;4e71194c-58f2-4bda-8a9f-036c373f749c;20260803143455530::852e4599-2c14-4837-801d-5ac69b4b3e9f;
2026-08-03 14:35:25;BUUU;Compra;60.0;22.34;1340.4;;;;4fac0ea4-bff8-42d2-8a37-0a1743753bf1;20260803143525830::ba8be72e-f990-451f-8ce5-0dc646bc79bc;
2026-08-03 14:37:38;BUUU;Venta;10.0;22.18;221.8;;;;ec0ac583-3627-41ea-a1e5-a64639219907;20260803143738048::d3399b02-9240-4841-a421-3e4389888e9c;
2026-08-03 14:38:20;BUUU;Venta;10.0;22.19;221.9;;;;4ad0f35d-2283-4a45-83e5-055e79526414;20260803143820410::1bc4ed74-2f5f-4925-8142-ee1b7a3c07e5;
2026-08-03 14:38:23;BUUU;Venta;10.0;22.26;222.6;;;;4aa36c1d-1593-4723-98f4-b6646b3b9e02;20260803143823524::d5902e57-0a3c-40ea-92ae-9a1c6e680bfe;
2026-08-03 14:38:28;BUUU;Venta;10.0;22.26;222.6;;;;130e3d74-1c84-47db-8b38-058a5aa3d593;20260803143828452::d171477f-6cc7-481f-9c08-0a199f119e51;
2026-08-03 14:38:31;BUUU;Venta;10.0;22.28;222.8;;;;3729a1ef-4edb-47f5-bebd-722b80a0cb96;20260803143831642::1027cd96-d4e0-4ae4-874b-3d7fa403ae4a;
2026-08-03 14:38:34;BUUU;Venta;10.0;22.3;223.0;;;;5f24fc1a-9382-40ca-bab1-b6e004d56ab3;20260803143834455::c0128b35-fe15-4822-8310-dcae925441a9;
2026-08-03 14:38:52;BMN;Compra;60.0;25.07;1504.2;;;;4c1b5819-9352-4948-bdc3-2d6192b2abe3;20260803143852332::23e2013b-c427-476d-b67d-d31b64aab75a;
2026-08-03 14:41:09;BMN;Venta;20.0;25.08;501.6;;;;1c001cb6-4a50-45a8-9b53-1353c9da5c12;20260803144109671::d50981fd-ff14-464f-96f4-4ba95e649b51;
2026-08-03 14:41:27;BMN;Venta;5.0;25.0289;125.14;;;;12a13ab9-f5dd-4b83-a2d5-6a8217b17269;20260803144127025::b6a47295-30ee-4fbc-9004-a89f14782c54;
2026-08-03 14:41:30;BMN;Venta;5.0;25.0289;125.14;;;;8ba4de39-f80f-45c9-9f04-1ce8ca73c8eb;20260803144130045::376617a7-4728-4da2-8095-c79e57585de9;
2026-08-03 14:41:34;BMN;Venta;10.0;25.06;250.6;;;;8891dd91-54e8-4721-9a44-8de270b4b23f;20260803144134744::ebcf4123-1cab-42e7-bc3b-2cb5271d0e57;
2026-08-03 14:41:35;BMN;Venta;10.0;25.06;250.6;;;;bb569535-6b55-4c92-8d82-84a64d52a865;20260803144135885::91cfb577-9874-456a-a680-86b050024dd8;
2026-08-03 14:41:37;BMN;Venta;10.0;25.06;250.6;;;;377b43e3-9401-45e1-90fc-aa6a21c7483b;20260803144137188::8bf096b8-091b-4e17-ba45-fd822898bc63;
2026-08-03 14:42:42;AIIR;Compra;60.0;6.11;366.6;;;;63e9f9c9-a163-42e3-86ca-625a5901d592;20260803144242546::682413b7-fee4-4fa5-b820-53569d64da23;
2026-08-03 14:44:07;AIIR;Venta;10.0;5.94;59.4;;;;b1fcda2a-cf27-4b8f-b952-5cd0cecfba5d;20260803144407966::0ceb97b2-da18-44e8-abae-33bd55364168;
2026-08-03 14:44:16;AIIR;Venta;5.0;5.95;29.75;;;;b5c36c7a-f649-4296-9500-27d241c7acd4;20260803144416896::41a42d3b-5461-4ca6-b6b8-04f6cb78e80b;
2026-08-03 14:44:18;AIIR;Venta;5.0;5.94;29.7;;;;c91156c6-6671-45da-ad01-99fcef42c7b5;20260803144418193::a53eb547-61bf-4e5c-90b7-454fb35640f4;
2026-08-03 14:44:21;AIIR;Venta;10.0;5.91;59.1;;;;318bfcd6-2f91-4667-8b74-f65c20d4a223;20260803144421499::c95b3684-3b5a-4364-b4ff-2986dd12f352;
2026-08-03 14:44:23;AIIR;Venta;10.0;5.95;59.5;;;;3c43bb26-1552-4d3e-948e-930ab7354a09;20260803144423106::8d9b276f-de4d-4811-9549-002570c49b5e;
2026-08-03 14:44:46;AIIR;Venta;10.0;5.94;59.4;;;;e77385c3-9ce8-42e3-82c7-f58936cfd664;20260803144446563::b9275047-c4d2-4019-a77a-a5dda5cae917;
2026-08-03 14:44:52;AIIR;Venta;10.0;5.9;59.0;;;;81eff290-025c-4011-a955-a08bc8ebb489;20260803144452776::2e928632-52a8-4efb-9a9f-e0835be47edf;
2026-08-03 14:51:20;PBAM;Compra;60.0;85.76;5145.6;;;;dcb43867-4571-4091-99b3-a5339ab937ea;20260803145120963::e750c807-0462-47f3-a4ef-1cdced77a55d;
2026-08-03 14:51:59;PBAM;Venta;30.0;86.0;2580.0;;;;37a34145-c947-4294-ad42-4b54f445ae68;20260803145159869::f7df4eaf-afa9-4ed9-a075-3d3fe46d4544;
2026-08-03 14:52:28;PBAM;Venta;20.0;85.9;1718.0;;;;8701c428-993b-44b7-87e1-d6c0708f0702;20260803145228350::2b6b807e-26b7-4741-831e-6cee8732e01f;
2026-08-03 14:52:38;PBAM;Venta;10.0;85.84;858.4;;;;b2b388e6-5c61-4667-b926-9d0ee63f0c92;20260803145238199::b6e7e0e5-4e27-42a6-a5f2-3554485f00a0;
2026-08-03 14:54:16;MTRN;Compra;60.0;214.42;12865.2;;;;ac997e98-9c3f-48c4-95e5-4f0fd6921a5a;20260803145416938::5728c058-02e2-4e75-9eba-2a396589b0e3;
2026-08-03 14:55:03;MTRN;Compra;20.0;214.25;4285.0;;;;d7c8a14e-9d07-41ee-9fec-0fe3ffd0b930;20260803145503039::a99b712d-9eff-4bb8-8d0e-c0fee2f8b7f8;
2026-08-03 14:55:50;MTRN;Venta;5.0;214.4275;1072.14;;;;f6ef39c5-b4da-4f9d-8e0b-2e51a0975568;20260803145550671::b73b46a7-bf29-43df-a68c-ca2d46decb99;
2026-08-03 14:55:53;MTRN;Venta;5.0;214.14;1070.7;;;;dcd565ee-c8e6-46d8-a1c1-fd6d65e1e516;20260803145553340::dbefe6e2-2e71-4198-8ea4-975855c6063f;
2026-08-03 14:55:54;MTRN;Venta;5.0;214.4275;1072.14;;;;87f6c72d-bcd4-4495-864c-7a875d06957a;20260803145554864::b7a80c8c-1b3e-4161-8c5e-d4f563076f45;
2026-08-03 14:55:58;MTRN;Venta;2.0;214.4488;428.9;;;;5b02c1e7-8862-49b3-b5ec-f1f36a501621;20260803145558440::ca3e6720-260b-4956-b9e2-8e1e608d0ef4;
2026-08-03 14:56:00;MTRN;Venta;2.0;214.4488;428.9;;;;dd8581b3-3e8b-4e3a-a679-71ffcb09e79e;20260803145600239::f9072272-e0cc-4f7d-807c-b07e3e79d432;
2026-08-03 14:56:01;MTRN;Venta;2.0;214.4488;428.9;;;;2ed71db3-bf53-47f9-bba8-a31bc5320413;20260803145601769::a1405478-3974-43cb-a7a6-dd2a55fe80bc;
2026-08-03 14:56:05;MTRN;Venta;5.0;214.14;1070.7;;;;77c08199-d457-4ee0-9a7c-75e2abcb732f;20260803145605645::de55130a-3a88-4be6-9cef-eb67bdceb635;
2026-08-03 14:56:09;MTRN;Venta;2.0;214.3475;428.69;;;;871c6972-222e-4aee-b045-ed29a9b81727;20260803145609677::cc03da63-ded0-45cf-8acf-5b2bf018c554;
2026-08-03 14:56:12;MTRN;Venta;2.0;214.4488;428.9;;;;c68433aa-975e-48a0-ac1a-f9b2a464ecca;20260803145612196::fcd77e58-b564-4fcd-98f9-d612b58b9da1;
2026-08-03 14:56:13;MTRN;Venta;2.0;214.4488;428.9;;;;4e7b392f-ab82-4aa0-b839-84a1104444da;20260803145613793::2ecd4be1-4064-4a4b-bbed-bebf684108d9;
2026-08-03 14:56:14;MTRN;Venta;2.0;214.15;428.3;;;;8f935cad-ce6f-4fac-8638-596cae76e43b;20260803145614682::af2d1ebc-038d-415d-a02a-6d3531a05e6c;
2026-08-03 14:56:20;MTRN;Venta;7.0;214.4275;1500.99;;;;643316ce-7d23-4ae5-bc7a-14c8397c58e2;20260803145620202::abe5248f-a1ae-42bb-a2b3-24810120a269;
2026-08-03 14:56:21;MTRN;Venta;7.0;214.4275;1500.99;;;;bc97ec7b-2bdd-4c36-a6d6-8273186092a2;20260803145621343::d852bee8-e313-4534-97c7-ad98d504f0ef;
2026-08-03 14:56:35;MTRN;Venta;10.0;214.44;2144.4;;;;7b24038e-e393-4168-92a1-b09de56c0988;20260803145635201::5a468f03-a517-480e-8a71-26806152d96e;
2026-08-03 14:56:40;MTRN;Venta;3.0;214.44;643.32;;;;36ff7e04-71e5-4c9c-9b71-2c24ac1c58fe;20260803145640539::e05620bc-f995-4b5e-94ca-c584e04b7dba;
2026-08-03 14:56:42;MTRN;Venta;3.0;214.2956;642.89;;;;b4a491d4-776c-4640-81bc-f788d04cba1e;20260803145642703::a64843c8-6ca2-438d-b2c5-680ca3e9633c;
2026-08-03 14:56:44;MTRN;Venta;3.0;214.44;643.32;;;;fefb335f-bc2c-4824-bd41-847c4b32dd3c;20260803145644300::b2a49ab2-987b-4d61-8b96-b44ceaa16935;
2026-08-03 14:56:45;MTRN;Venta;3.0;214.16;642.48;;;;93b8ba98-f939-4b3e-9e30-a3fc8c520ee5;20260803145645394::9c00aa2d-f69f-4466-8a72-254ce72c27b3;
2026-08-03 14:56:50;MTRN;Venta;10.0;214.44;2144.4;;;;ac162e09-d127-4c14-ac1a-73110c1f74f7;20260803145650569::a1b3e169-533d-44bf-b6e5-81fe395be9d6;
2026-08-03 14:58:50;IRTC;Compra;60.0;123.08;7384.8;;;;e8df7808-23fb-488f-b5ba-d436e6c08fd3;20260803145850752::2ab73de3-d9cc-4830-8037-e6149b67998b;
2026-08-03 14:59:24;IRTC;Venta;20.0;123.1;2462.0;;;;dc35a1e7-9c2a-4c90-bfc3-a0a54fa8c888;20260803145924991::cc147cd5-ea41-41b9-86b2-d1675849a19e;
2026-08-03 14:59:26;IRTC;Venta;20.0;123.1;2462.0;;;;d2ee8336-f029-4964-9884-c8b99ce0d68c;20260803145926472::f3288a64-afe5-446c-a8a4-9ca413ee9f41;
2026-08-03 14:59:36;IRTC;Venta;20.0;123.1;2462.0;;;;99e1027b-7fa0-40dd-a752-7af4ebd6b279;20260803145936176::096edfff-1042-434e-bb1e-492b9dd7445f;
2026-08-03 15:02:35;FLXS;Compra;60.0;77.09;4625.4;;;;9ab5d0ea-6fa2-477d-94b7-2f55924a6635;20260803150235877::e61cb210-d6ea-423a-a886-40f406564171;
2026-08-03 15:03:30;FLXS;Venta;3.0;77.12;231.36;;;;ce76c4dd-bc51-4ce8-91f5-efeae0ca2627;20260803150330740::1bc86345-e88b-442b-a096-08fcb36fd939;ejecucion parcial
2026-08-03 15:03:34;FLXS;Venta;27.0;77.11;2081.97;;;;efdbe25a-61a0-4c84-9dc4-8b6b8c1dd4e1;20260803150334321::4e3164ac-da1d-40ca-8fcd-70cff9547cf0;
2026-08-03 15:03:36;FLXS;Venta;30.0;77.11;2313.3;;;;70a0f2f7-e73f-4002-bc51-25cb512dd3cf;20260803150336724::74fd3d0e-0a2c-49fb-aa9a-249b556d3a2f;
2026-08-03 15:04:25;EGP;Compra;60.0;208.43;12505.8;;;;639cc4cd-b6f8-4dad-af13-e0be68a41008;20260803150425626::c2ee64ff-b687-4f09-aaab-ca31e2ed2769;
2026-08-03 15:05:01;EGP;Venta;30.0;208.5;6255.0;;;;d8890a55-38bf-483a-b7bc-0d4ededb633e;20260803150501709::08223217-a7f5-4c64-b22d-d7811f9d43d1;
2026-08-03 15:05:06;EGP;Venta;10.0;208.54;2085.4;;;;12c0e12d-e03c-4814-8402-d0ccab4529c9;20260803150506602::0e71fc00-f775-44c1-872f-c56d579d7215;
2026-08-03 15:05:08;EGP;Venta;10.0;208.54;2085.4;;;;391c7564-a3d9-4531-8d76-970d7137a28b;20260803150508562::931dde76-b25c-4492-a30c-15149b25d28c;
2026-08-03 15:05:17;EGP;Venta;10.0;208.52;2085.2;;;;b99c5241-161e-4215-b8bf-e3c9ee01a307;20260803150517168::ab0e1f7b-4117-46bf-b106-b38d212d03bb;
2026-08-03 15:05:52;DAC;Compra;60.0;141.88;8512.8;;;;cc8a579b-2f34-4d18-b8a8-c64d9087826b;20260803150552666::8fb8aeb4-fa6a-4e1c-981d-da5ead50a060;
2026-08-03 15:06:54;DAC;Venta;20.0;141.8;2836.0;;;;20c355d4-c8cf-4125-b660-c92108bf28dc;20260803150654674::09b13e96-4ac1-45ec-9976-5b83e7f6b480;
2026-08-03 15:06:59;DAC;Venta;20.0;141.75;2835.0;;;;a31a9094-9f33-4354-b025-5f435b19de49;20260803150659097::4db25fc2-3894-4b1f-9227-61c22498f32e;
2026-08-03 15:07:01;DAC;Venta;20.0;141.75;2835.0;;;;86ce3b66-2f73-49b3-b832-8be17200c985;20260803150701454::cc1a1a9d-598d-4fb0-9bd3-497dd02c2d85;
2026-08-03 15:09:34;AIIR;Compra;60.0;6.03;361.8;;;;872aff7b-0b5d-4631-adeb-ae6294f4ec90;20260803150934801::0a3907de-9c74-47f8-bba5-0b8520e9694e;
2026-08-03 15:10:00;AIIR;Venta;20.0;5.96;119.2;;;;fc6da1a0-c2ae-489b-ac81-2257a3dbd764;20260803151000882::b1a2ca42-c415-4052-af87-68d9ded22b2d;
2026-08-03 15:10:08;AIIR;Venta;1.0;5.96;5.96;;;;85f4388a-6180-49ab-85f4-22c6811bdfb1;20260803151008769::dc68e5e7-ba1b-4239-82b6-63d94213aeef;ejecucion parcial
2026-08-03 15:10:33;AIIR;Venta;20.0;6.0841;121.68;;;;e4c7321e-197f-475c-b03d-d142d3c08428;20260803151033450::dbf66744-8ee7-4a16-9055-a045f6ec6758;
2026-08-03 15:11:20;AIIR;Venta;10.0;6.0845;60.84;;;;45039743-b60d-4de4-9ceb-30304d883ca4;20260803151120746::fcfd4571-229b-4774-a2da-6e2080a03603;
2026-08-03 15:11:24;AIIR;Venta;9.0;6.0845;54.76;;;;cb7f95a7-bae0-4b8b-b075-2367721649dc;20260803151124118::638b799a-5ccf-4dec-827d-7b1aa1e375a4;
2026-08-03 15:11:54;ACU;Compra;5.0;57.34;286.7;;;;fdff64a3-0ac5-4988-af26-7e42c1c31569;20260803151154303::244f8a40-8873-4433-b9bd-77acc444514f;ejecucion parcial
2026-08-03 15:11:54;ACU;Compra;9.0;57.34;516.06;;;;fdff64a3-0ac5-4988-af26-7e42c1c31569;20260803151154266::966bcebb-5257-478f-96d3-6346ecf049aa;ejecucion parcial
2026-08-03 15:12:48;ACU;Venta;2.0;57.38;114.76;;;;bd3695ae-1425-4dd6-b76c-a4075518f41e;20260803151248720::f24343c6-b6b9-4f2a-9257-8e7d75100564;ejecucion parcial
2026-08-03 15:12:48;ACU;Venta;5.0;57.38;286.9;;;;bd3695ae-1425-4dd6-b76c-a4075518f41e;20260803151248720::40b5fa2f-3211-45a3-a083-62ee46f4b9b9;
2026-08-03 15:13:02;ACU;Venta;3.0;57.595;172.78;;;;d96b2ad8-91c5-4d06-a36f-51beff3b6fb4;20260803151302893::261c2658-3bcf-4e3a-99e0-ec7737d215f7;
2026-08-03 15:13:06;ACU;Venta;4.0;57.28;229.12;;;;1b3579c3-fef8-4e37-94d8-a4ca71f01b65;20260803151306224::6a28a493-45d8-4224-801f-891ea5d12561;
2026-08-03 15:13:11;ABG;Compra;60.0;230.19;13811.4;;;;149c407c-32df-4c4c-b934-bf055b7e2f49;20260803151311830::3351e93d-aaf3-4b3d-955c-e663b5efb014;
2026-08-03 15:14:28;ABG;Compra;10.0;230.0;2300.0;;;;d8947dbb-1f55-4142-943e-581519323ed3;20260803151428834::d91dc613-a567-480a-889c-6e2673ca8ff7;
2026-08-03 15:15:03;ABG;Venta;5.0;230.17;1150.85;;;;4277f1a0-0624-4427-88bf-f998847e86ee;20260803151503307::56d4faac-c174-4185-a1ed-5fb07576649c;
2026-08-03 15:15:05;ABG;Venta;5.0;230.0;1150.0;;;;43085d6b-2096-4515-b4a6-a3dd43c43e9f;20260803151505110::e41b51a2-c98b-4d3e-b86f-44b89ecd8622;
2026-08-03 15:15:07;ABG;Venta;5.0;229.95;1149.75;;;;7177c297-8930-43cb-a837-1922a4bd13f6;20260803151507290::a510e44a-bc0d-427d-9144-c1379ef008d7;
2026-08-03 15:15:10;ABG;Venta;5.0;230.0001;1150.0;;;;c97181c5-949c-4431-8100-b66b89b867c0;20260803151510602::446fe4f1-f161-492a-a3a4-2f927276ca81;
2026-08-03 15:15:15;ABG;Venta;2.0;230.0;460.0;;;;b21182f2-a855-4353-9f3d-dd4934da7732;20260803151515965::a44f696f-2ff3-4e1e-bab2-7faef892c733;
2026-08-03 15:15:26;ABG;Venta;2.0;230.0;460.0;;;;a73019a2-f243-4bbd-aed7-1f6404d81636;20260803151526044::74b3867b-0eef-4d47-8ec4-c26418964910;
2026-08-03 15:15:30;ABG;Venta;10.0;230.0001;2300.0;;;;e474f501-7b10-4190-9cbf-21912d883ec1;20260803151530038::f49c1a05-c86d-4553-bc31-1ff9184e226a;
2026-08-03 15:16:01;ABG;Venta;15.0;229.74;3446.1;;;;b0e7f16e-2fda-4b5a-991a-62266c04e8e7;20260803151601619::67af3210-3e4d-40f2-b0bc-846d2b792037;
2026-08-03 15:16:08;ABG;Venta;4.0;229.8;919.2;;;;62260680-5003-4a06-8f00-6ab0f47a892e;20260803151608175::4987cfca-72d4-47aa-b81d-2e8554d4ace9;
2026-08-03 15:16:08;ABG;Venta;6.0;229.8;1378.8;;;;62260680-5003-4a06-8f00-6ab0f47a892e;20260803151608174::f016de18-897e-4919-9189-3e88a28054a3;ejecucion parcial
2026-08-03 15:16:31;ABG;Venta;5.0;229.72;1148.6;;;;fa797e63-4b09-481a-b218-d2268a70afa6;20260803151631378::a43e342b-c897-4d8e-a203-9c239641f0f5;
2026-08-03 15:16:34;ABG;Venta;5.0;229.74;1148.7;;;;a9de90d7-2c3e-4637-b20f-22e48f08f35a;20260803151634815::d78c42bb-4b0b-410a-94bb-e3aee77e1c8b;
2026-08-03 15:16:48;ABG;Venta;1.0;229.69;229.69;;;;bf307b75-4d5b-4716-9701-71d504c053ac;20260803151648758::683ddaea-0899-4988-bbeb-379a82cf346a;
2026-08-03 15:21:43;ROMA;Compra;60.0;9.35;561.0;;;;c757d12f-bf44-47b9-8c53-d922fa966068;20260803152143281::3e50843c-2008-40d7-aa13-dc04f6e7c406;
2026-08-03 15:22:58;ROMA;Venta;8.0;9.56;76.48;;;;7a5bdda0-c168-4fa8-8f5f-acfda7dcae8d;20260803152258969::93cb2dd1-29e1-4c70-903e-24faafa2c528;ejecucion parcial
2026-08-03 15:23:07;ROMA;Venta;30.0;9.5;285.0;;;;4c18eb8b-fb45-497e-8196-d49db333dcb3;20260803152307654::88783cd4-a198-48cd-9933-8883a16d7de5;
2026-08-03 15:23:16;ROMA;Venta;11.0;9.52;104.72;;;;e94897e3-86bc-444f-9c2b-e3b603a063b4;20260803152316153::6ad48846-f18e-4240-87b2-b54481db7a06;
2026-08-03 15:23:22;ROMA;Venta;1.0;9.44;9.44;;;;2f3e4c0d-d859-491f-a410-9d764a35da54;20260803152322924::280d4eee-5a8d-4c04-ac39-04433677d4de;ejecucion parcial
2026-08-03 15:23:38;ROMA;Venta;1.0;9.42;9.42;;;;bdf85b93-f01b-4627-bae7-dd3ae2d25106;20260803152338462::18bff88a-f943-490c-94a7-b8633d7c7f95;ejecucion parcial
2026-08-03 15:23:50;ROMA;Venta;5.0;9.38;46.9;;;;9b1de71d-8b88-4938-9487-b58ed07c41ad;20260803152350323::9329ece1-5c7a-4fa2-af4a-4f2354eb7cf7;
2026-08-03 15:23:59;ROMA;Venta;4.0;9.4;37.6;;;;796dce44-8336-4f8c-b065-42092e3b6dcb;20260803152359868::18975945-f17f-4cb3-9d20-5cd20a71c990;
2026-08-03 15:25:33;PBAM;Compra;60.0;85.76;5145.6;;;;1d9240a1-b870-4e40-b265-21aea0cec4f5;20260803152533710::e76f27c3-5661-44e1-99fb-388a5479d515;
2026-08-03 15:27:24;PBAM;Venta;30.0;85.98;2579.4;;;;d6a22c99-e52d-466a-9437-7da1c804d97e;20260803152724831::66d77918-efbd-4643-9097-523110af808f;
2026-08-03 15:27:39;PBAM;Venta;15.0;85.96;1289.4;;;;527733b9-ddcd-4c80-849a-71339c24d3a3;20260803152739292::b6700357-394d-4a9a-be6f-71f08ee1c903;
2026-08-03 15:27:46;PBAM;Venta;10.0;85.94;859.4;;;;a2700995-73c2-4122-ba07-cb83dbc38a78;20260803152746456::ac713541-75d4-4a40-868f-b1f9a490372e;
2026-08-03 15:28:06;PBAM;Venta;5.0;85.8254;429.13;;;;1897ab7a-d835-4042-88c1-2687c649ef9c;20260803152806546::ce0936d7-4118-4640-bb7a-0eaec06443bc;
2026-08-03 15:30:51;JBTM;Compra;60.0;142.08;8524.8;;;;b7ef0d7c-5808-48aa-8f29-3110fc3c416a;20260803153051818::8b01a7a2-c846-4775-9737-1e0614bd3f56;
2026-08-03 15:33:52;JBTM;Venta;30.0;142.28;4268.4;;;;9f8b55bf-45db-4787-b2b1-011de2111790;20260803153352707::92cec8a3-7a14-4dac-887e-d69a546990d7;
2026-08-03 15:34:01;JBTM;Venta;20.0;142.26;2845.2;;;;3de0bcac-12c5-4599-a2e2-42d98e155dc1;20260803153401459::32d78ca0-cd80-45d8-9cf9-f777aae1b194;
2026-08-03 15:34:07;JBTM;Venta;10.0;142.26;1422.6;;;;1ea13cf9-f612-44e1-9c4b-19e0a5d55327;20260803153407429::45c4a2ed-3f9f-4812-a9f2-f510bfdfe800;
2026-08-03 15:35:45;FRD;Compra;60.0;33.93;2035.8;;;;dd8760b9-bdc8-46b0-8614-7b17a53a3daf;20260803153545663::54991b10-166b-44bc-9cd9-3a44691dc983;
2026-08-03 15:36:22;FRD;Compra;10.0;33.84;338.4;;;;5b822407-3ff4-42af-81c3-eb91de2c9968;20260803153622005::c7448c2e-1431-4b96-b895-55cd21b71b05;
2026-08-03 15:36:36;FRD;Venta;10.0;33.78;337.8;;;;85f7f429-37ec-4306-a91f-bc7fb0b3e2ab;20260803153636500::aecd209a-bf00-402f-9a4f-1813e19d9955;
2026-08-03 15:36:42;FRD;Venta;5.0;33.78;168.9;;;;80432c0a-7db2-4e99-a9b6-f6031bd430f8;20260803153642856::7506b569-e377-4f8c-8980-aa8124b2629d;
2026-08-03 15:37:01;FRD;Venta;10.0;33.8346;338.35;;;;69305b34-552a-4c05-9e63-43ad02598736;20260803153701512::1581f854-1b43-4050-a490-0ac5e8a8e255;
2026-08-03 15:41:46;FRD;Venta;20.0;34.02;680.4;;;;77d202ac-afd8-489a-b05d-3eae451dcb6c;20260803154146367::8381cd7d-2340-4f37-8b48-87b12a8b0989;
2026-08-03 15:41:53;FRD;Venta;20.0;34.04;680.8;;;;791a90e4-77af-4bd2-a8bf-78bcc445222b;20260803154153577::7b941007-81de-4eca-a1f3-c680fbe7531a;
2026-08-03 15:42:03;FRD;Venta;5.0;34.02;170.1;;;;c4d6613d-75c1-4312-84b1-4f83e31cec62;20260803154203700::2d9cef80-dfb5-4644-b11d-dac6b016c0d0;
2026-08-03 15:43:28;CUVL;Compra;60.0;6.51;390.6;;;;f6dd4b91-56e4-4b4c-873d-9c3b07d17a2c;20260803154328576::7fbb7b25-4885-42f0-bd7f-9eb80156a863;
2026-08-03 15:45:05;CUVL;Venta;30.0;6.74;202.2;;;;d6f9a87c-9d5e-4b7e-94ea-eeb8a3d414f2;20260803154505566::e92724dc-1c59-494a-b4d6-dbba707a2b4e;
2026-08-03 15:45:15;CUVL;Venta;20.0;6.7;134.0;;;;88a1c6b8-12de-489c-bb9b-1517d086ef0d;20260803154515620::4b9e6399-2ed0-43e5-b022-ed0b3c9a5e47;
2026-08-03 15:45:20;CUVL;Venta;10.0;6.7;67.0;;;;f63f84dc-c625-46da-9a0c-6305be3a7a3d;20260803154520958::6fe3b5a3-4080-4c34-ba94-6934571ed3ac;
2026-08-03 15:45:31;CTEX;Compra;4.0;34.83;139.32;;;;7aa124dc-4bb9-4fe6-ac2b-c47fc00ae745;20260803154531016::fcc158fd-c2a1-4ad2-99ac-7c09925520de;ejecucion parcial
2026-08-03 15:45:46;CTEX;Venta;4.0;34.94;139.76;;;;22a35efa-2ca0-443f-a256-641e1a6a2c41;20260803154546630::b66da6bc-b70d-44e3-b0df-269a7227973b;
2026-08-03 15:47:36;APLM;Compra;1.0;17.02;17.02;;;;141576af-fdc2-4211-9468-e1b687b016ec;20260803154736927::5dc9b282-561c-4013-9288-4330671879fb;ejecucion parcial
2026-08-03 15:47:58;APLM;Venta;1.0;17.0;17.0;;;;5105486e-0d2c-42e7-ac88-940a9eae82d4;20260803154758924::ae5ab4a9-7523-4ca7-8405-64bda694ea8c;
2026-08-04 09:41:02;UNTY;Compra;40.0;59.29;2371.6;;;;92835e68-1ca2-4c5c-8c41-981eb773eff0;20260804094102174::fc38f816-ff50-414b-bfa1-2967a410a057;
2026-08-04 09:41:19;UNTY;Venta;10.0;59.67;596.7;;;;4a30d728-49d2-4b9c-a499-ceefdac4d53b;20260804094119044::1812ba81-1920-4d98-928f-161858d5d9ed;ejecucion parcial
2026-08-04 09:41:31;UNTY;Venta;10.0;59.67;596.7;;;;65184dcb-6495-43e9-8e04-eb4194044cc5;20260804094131208::b4f6500a-caac-48e1-a092-840ddd55f2fa;
2026-08-04 09:41:45;UNTY;Venta;10.0;59.66;596.6;;;;71db5506-04c0-42f8-a4ab-1ef503bbbae5;20260804094145013::251e052b-4ff7-41af-8a87-f157e4ce6e72;
2026-08-04 09:41:51;UNTY;Venta;10.0;59.54;595.4;;;;be3cbd24-07f3-4292-b20b-21685725c482;20260804094151332::8367e590-76d9-4abb-839d-fb070ba7e261;
2026-08-04 09:42:24;TPC;Compra;40.0;85.58;3423.2;;;;c818fe69-0b7a-4b79-a3a3-914ec9f292a8;20260804094224508::b2ba0b13-fb94-44a1-8dc3-7fe072cc14df;
2026-08-04 09:42:54;TPC;Venta;10.0;86.15;861.5;;;;fc3748a2-8502-4e75-a595-b97dce068511;20260804094254024::2332ca33-45ac-476a-9be9-3b10cd4a107a;
2026-08-04 09:43:00;TPC;Venta;10.0;86.1;861.0;;;;b5526dbc-d71b-481e-a36a-a33dc5ca2c8a;20260804094300484::a975f3a8-2cb1-4cf7-b13f-c1f45eb8103f;
2026-08-04 09:43:01;TPC;Venta;10.0;86.1;861.0;;;;5e5787b7-5325-4fa7-a605-abdff51abe32;20260804094301620::ec5518cf-49ab-4188-8635-2835dbef703c;
2026-08-04 09:43:06;TPC;Venta;10.0;86.0;860.0;;;;6f594bf2-3d9f-43f4-8943-0a4f149e947d;20260804094306311::493ecfb9-f455-4a10-a1d1-8506f1e1d0a4;
2026-08-04 09:47:36;OC;Compra;40.0;143.69;5747.6;;;;907ec945-1f75-4499-be9c-8c8f29fbe551;20260804094736792::dca558ac-91fc-4219-8385-710331b06d55;
2026-08-04 09:48:07;OC;Venta;20.0;143.8;2876.0;;;;67123dfd-6d1b-49a3-a557-72829696f7a3;20260804094807230::247b44f0-46df-4f2d-be75-13af8d3e2a3a;
2026-08-04 09:48:11;OC;Venta;20.0;143.8;2876.0;;;;a61354a7-58e9-4a41-b129-0c56fee2a35d;20260804094811579::d8255732-9878-450a-8918-20d7c954e95b;
2026-08-04 09:49:56;MCB;Compra;40.0;92.68;3707.2;;;;51ffdc37-d3b6-4f49-ac9e-e9afd2c6d0c8;20260804094956764::ed88143d-d3f5-41d4-837d-55d951d5a2d2;
2026-08-04 09:50:13;MCB;Venta;20.0;92.85;1857.0;;;;12ca91b2-b40f-44a9-ba71-dc37a7d80c5f;20260804095013982::3f2dca06-d5ab-4c7e-ac13-ff964e39404a;
2026-08-04 09:50:26;MCB;Venta;10.0;92.88;928.8;;;;23561eeb-5ced-4fc9-bdb3-7d894c606a18;20260804095026593::eb54c919-af77-4fb2-93a2-76ce88b2789c;
2026-08-04 09:50:27;MCB;Venta;10.0;92.88;928.8;;;;65dcfd6e-c595-422b-8370-35717032cd2c;20260804095027929::72081fb3-60e6-4905-8d42-e92f0bb8edce;
2026-08-04 09:51:09;LINC;Compra;40.0;43.67;1746.8;;;;64181690-add6-427e-aa94-c81832415123;20260804095109474::8596834c-a3bc-4521-8ccd-7fedd35881fd;
2026-08-04 09:51:19;LINC;Compra;10.0;43.64;436.4;;;;83bea914-ac28-406d-ab0d-5dae34a98d36;20260804095119159::d912390f-5f45-4ff0-bfbb-5bf1ccbb9927;
2026-08-04 09:51:26;LINC;Compra;20.0;43.62;872.4;;;;e308dbd5-4fd2-4ca6-ac31-14ea28e2df68;20260804095126908::af017524-a510-4b93-94fd-74ad34ab0f80;
2026-08-04 09:51:28;LINC;Venta;20.0;43.7;874.0;;;;e3713c12-3efd-468b-91cd-b6ac2349648a;20260804095128838::6578c951-de47-4798-a8db-9f70f9e7b24f;
2026-08-04 09:51:29;LINC;Venta;20.0;43.72;874.4;;;;ed4fd9f7-71c5-4299-ae25-a7b6358018ac;20260804095129769::0110fa8f-73d2-441a-9932-6ddc7b92fe39;
2026-08-04 09:51:30;LINC;Venta;20.0;43.74;874.8;;;;ad5786eb-7be8-4ab0-972f-7e230b755239;20260804095130958::1eca3a34-8f6a-4d90-90ef-84001dd53447;
2026-08-04 09:51:34;LINC;Venta;10.0;43.8;438.0;;;;da5953eb-8791-493e-abfa-f8eadd9d6008;20260804095134254::f74e29e9-628e-4a1b-aade-458a59d41638;
2026-08-04 09:56:18;CHH;Compra;40.0;109.31;4372.4;;;;8d39b131-0a00-4ceb-86c8-45deb21292f4;20260804095618014::23999184-fb00-415d-87fb-985bec0dbc9c;
2026-08-04 09:57:01;CHH;Venta;20.0;109.55;2191.0;;;;fbb9a563-32f4-45c3-a54a-a20b782610c3;20260804095701939::dd030cf9-c983-4397-81e9-70584ee41b4d;
2026-08-04 09:57:06;CHH;Venta;10.0;109.55;1095.5;;;;a2d6dddd-74a3-454c-aa59-2de1442603b5;20260804095706144::92c97d50-42b7-43af-9ceb-ecb4a6663dcf;
2026-08-04 09:57:07;CHH;Venta;10.0;109.28;1092.8;;;;71102f59-3d5d-4d9d-9bf7-315d7aad8783;20260804095707312::f9867358-5ca2-4f8d-83d7-057320ca2cd2;
2026-08-04 09:58:42;AVLN;Compra;40.0;29.26;1170.4;;;;1b5c9256-9761-4ac3-9cca-dc81a539954a;20260804095842090::cc558e6b-0843-4d39-8748-e9879ed6589d;
2026-08-04 09:59:01;AVLN;Venta;10.0;29.7;297.0;;;;c4a6f7c8-6c94-44d1-96d0-a44a6665a698;20260804095901216::1a73b87f-f72d-48d7-88d2-642acfc2de08;
2026-08-04 09:59:11;AVLN;Venta;20.0;29.6;592.0;;;;36b61d6a-b28c-4291-b71d-9dc518e12ab5;20260804095911682::af6cb739-2f8d-4f09-b251-2a3d69aa1d23;
2026-08-04 09:59:15;AVLN;Venta;10.0;29.62;296.2;;;;38b829a2-1e59-4a66-b842-4a52e50c3e88;20260804095915079::b5e72585-645f-43e2-9a07-3c24955e1f8a;
2026-08-04 10:12:58;STRO;Compra;70.0;25.1;1757.0;;;;fac15f4d-15c4-43e5-87b2-ddef99b48798;20260804101258845::e683306b-a544-48c6-8d3b-be468cc69850;
2026-08-04 10:13:15;STRO;Venta;35.0;25.3;885.5;;;;3da51284-233d-4f49-b901-6918a4f9fc52;20260804101315505::bc053d43-55d5-439d-9cd3-08fe305967a2;
2026-08-04 10:13:20;STRO;Venta;35.0;25.3;885.5;;;;3577b4ba-d062-43e0-bec0-026ab3e11135;20260804101320600::36dfe72e-971a-4754-9af4-161c70281d28;
2026-08-04 10:15:51;PEBK;Compra;70.0;43.64;3054.8;;;;54bf8789-3422-4798-8d2f-f39faf27cb0c;20260804101551425::ca2ff5f6-a060-42b3-914d-ad4ac9ea0943;
2026-08-04 10:16:27;PEBK;Venta;5.0;43.65;218.25;;;;526f222e-2618-46be-aa81-c6144cc8e533;20260804101627995::c0e1c382-5cca-4084-b032-4f336b53275d;ejecucion parcial
2026-08-04 10:16:27;PEBK;Venta;30.0;43.65;1309.5;;;;526f222e-2618-46be-aa81-c6144cc8e533;20260804101627995::8024030a-2ac1-4654-9a3d-7000e1251096;
2026-08-04 10:16:35;PEBK;Venta;20.0;43.65;873.0;;;;3efca42d-ffea-4917-a8e5-d71dcde2639b;20260804101635652::b5544b9a-e032-4170-9c49-e38014aa70b9;
2026-08-04 10:16:42;PEBK;Venta;10.0;43.65;436.5;;;;2987a74d-47f7-4c66-9c58-0e0343a05587;20260804101642376::b747f033-52ce-4d86-bae8-fc383264c826;
2026-08-04 10:16:47;PEBK;Venta;5.0;43.65;218.25;;;;e0292fd3-3205-4d69-bd4b-8bc3736fd865;20260804101647588::f22f9b6c-1863-45eb-af2d-780e6e62a308;
2026-08-04 10:18:57;MGRC;Compra;70.0;120.76;8453.2;;;;78c0dc76-4b99-403a-b56d-f97744f6a745;20260804101857103::4de77a1e-8aca-464d-8a39-80dd1d808009;
2026-08-04 10:19:14;MGRC;Venta;35.0;121.05;4236.75;;;;43323c5d-aaf9-42d0-ae33-801d69c53e2b;20260804101914266::d6093d73-8da0-4c09-9189-c86e13daef6c;
2026-08-04 10:19:21;MGRC;Venta;20.0;121.1;2422.0;;;;6fc1f7e2-c72f-4888-a4e0-810dd9c3cba6;20260804101921051::f44ec9d8-78d8-40b5-89bd-2383100a0821;
2026-08-04 10:19:25;MGRC;Venta;10.0;121.15;1211.5;;;;57b45c8c-0e67-49fb-af54-843feba8175a;20260804101925704::72ec7e23-7663-4719-a4fb-715ec96a5fa8;
2026-08-04 10:19:30;MGRC;Venta;5.0;121.2;606.0;;;;5d9bd8d9-8ab4-4f1b-9809-1702fdf59fe8;20260804101930161::8d449f63-aa57-4f1a-ae3a-70885b0df10b;
2026-08-04 10:19:46;LWAY;Compra;24.0;29.27;702.48;;;;8a658974-87a9-4a64-a6fc-8adca604e198;20260804101946369::ded64be3-a272-4e85-a26a-6f684ca931b7;ejecucion parcial
2026-08-04 10:19:46;LWAY;Compra;46.0;29.27;1346.42;;;;8a658974-87a9-4a64-a6fc-8adca604e198;20260804101946369::86751c02-3c8b-4e75-9111-e7a5362d6c10;
2026-08-04 10:20:14;LWAY;Venta;35.0;29.35;1027.25;;;;c9afd38a-f90c-4e21-896a-32146a40e5e5;20260804102014465::3f666c10-7739-40e7-990e-06b3aa80b026;
2026-08-04 10:20:17;LWAY;Venta;20.0;29.4;588.0;;;;620256a5-e8f8-4cd7-a73b-81b7dbec862f;20260804102017975::9274718b-57ef-49b1-b944-b5fcab7e3b0f;
2026-08-04 10:20:20;LWAY;Venta;10.0;29.45;294.5;;;;2cc72520-bc9e-4c5c-8791-7385c145684e;20260804102020690::b99924bf-218b-4737-b4e3-79c9f1274e20;
2026-08-04 10:20:34;LWAY;Venta;5.0;29.4337;147.17;;;;112d1115-30cd-4ad7-8304-dfd4d3758686;20260804102034840::69fe1063-7746-47c3-989c-7c5e0ef7f95f;
2026-08-04 10:23:53;GATX;Compra;70.0;180.48;12633.6;;;;20080254-7724-4d1c-a8c9-e3b4ed41e0ad;20260804102353289::46a60e45-5383-4fb6-a6f6-3e49b907811c;
2026-08-04 10:24:29;GATX;Venta;10.0;180.32;1803.2;;;;ad213bbc-dca9-4448-823f-51c30abafd85;20260804102429002::8b7f18a0-c3d4-481b-802e-3660931d5589;
2026-08-04 10:24:32;GATX;Venta;10.0;180.32;1803.2;;;;ca564e4a-42b8-41c6-afdf-d8e34bad7432;20260804102432057::ce1ca4c0-4906-425f-be7c-dbbdcebb5c3d;
2026-08-04 10:24:34;GATX;Venta;10.0;180.45;1804.5;;;;61b6ce4a-37f0-4477-9f0f-9f4f16c804f0;20260804102434510::f5e043a1-13f2-4be9-b18f-516ff9e516d3;
2026-08-04 10:24:36;GATX;Venta;10.0;180.5;1805.0;;;;91d6dfb2-db7e-4e89-ad0f-a926ea46a941;20260804102436322::c87a6fd0-ec59-430f-ad76-acd830f5450b;
2026-08-04 10:24:37;GATX;Venta;10.0;180.5;1805.0;;;;f19782bd-0c98-49c5-84de-466a68550391;20260804102437875::b72faf7f-c3b8-4b33-89c7-8d4be235f4ca;
2026-08-04 10:24:41;GATX;Venta;10.0;180.5;1805.0;;;;aa78fbd9-b286-4d61-8b33-828f00957ff8;20260804102441151::f16bf7a5-acbc-42b3-9e46-de08858e5482;
2026-08-04 10:24:44;GATX;Venta;10.0;180.55;1805.5;;;;99ed2185-5b9b-42c7-9598-d3278748eeec;20260804102444565::957f07c8-7982-49c2-8be6-23f539e49aa6;
2026-08-04 10:27:49;BWFG;Compra;70.0;67.88;4751.6;;;;16cdcc3b-43b9-4296-b25e-d14ff9947136;20260804102749465::3aa2c2ab-0e67-4c1b-9b10-745cfb6e2762;
2026-08-04 10:28:48;BWFG;Venta;35.0;68.0;2380.0;;;;ca851b66-2c53-4fac-b48e-f851c91ec29e;20260804102848369::49088da7-fe4f-4ac5-b2c3-6934a853ddab;
2026-08-04 10:28:54;BWFG;Venta;20.0;68.05;1361.0;;;;6873565f-8913-41f5-be93-e9138ed1f44a;20260804102854040::f1c4441b-48f4-4ee5-b6f9-87e091cd7d2a;
2026-08-04 10:29:03;BWFG;Venta;10.0;68.0;680.0;;;;86373d45-d5b4-440e-9fe1-465cf1c814b7;20260804102903660::2591b996-d04e-4abd-bdd9-ce9d9c34ccbe;
2026-08-04 10:29:11;BWFG;Venta;5.0;67.95;339.75;;;;225abb8a-e953-4eff-8206-258c061870cf;20260804102911542::b9f262db-a60c-47e0-8adc-5bb4c35852c2;
2026-08-04 10:29:16;BUUU;Compra;70.0;22.36;1565.2;;;;aa1fbe5b-90fe-45f6-8f29-79db35c7118d;20260804102916120::58ae1430-aeb9-481d-a49e-656a4410f600;
2026-08-04 10:31:13;BUUU;Venta;3.0;22.2;66.6;;;;ca553422-9251-4645-aa91-aaaf1dbc353e;20260804103113223::da6b9e96-44af-413c-bd26-0f03a037e1dc;
2026-08-04 10:31:23;BUUU;Venta;30.0;22.2;666.0;;;;2a1521c0-ff66-491f-ae42-c381ce0806cf;20260804103123194::ce9f3833-b2ee-455e-bba8-72c0d8eee91c;
2026-08-04 10:32:08;BUUU;Venta;3.0;22.8483;68.54;;;;10dbce11-5d63-44c8-a308-8bfa06a27659;20260804103208612::a3102405-023c-4dc5-a490-64f1f05e7270;
2026-08-04 10:32:12;BUUU;Venta;1.0;22.02;22.02;;;;aa3bd449-5197-4491-82b0-68f1379c69c7;20260804103212618::82b09d3d-994d-4c44-9700-81ad87dfe6cb;ejecucion parcial
2026-08-04 10:32:12;BUUU;Venta;1.0;22.01;22.01;;;;aa3bd449-5197-4491-82b0-68f1379c69c7;20260804103212618::1abb35cf-c2bf-4146-abd1-2defee1fff36;
2026-08-04 10:32:12;BUUU;Venta;1.0;22.05;22.05;;;;aa3bd449-5197-4491-82b0-68f1379c69c7;20260804103212618::09b4226e-9f3f-4c01-9579-0cc56471c431;ejecucion parcial
2026-08-04 10:32:16;BUUU;Venta;2.0;22.01;44.02;;;;ea7667a8-e130-4141-a6b3-013575ae5d19;20260804103216084::542861bf-ba9c-4b4c-a744-6c37d3e41984;
2026-08-04 10:32:16;BUUU;Venta;1.0;22.01;22.01;;;;ea7667a8-e130-4141-a6b3-013575ae5d19;20260804103216084::0c110f29-86eb-42d7-ae06-2eca824a7287;ejecucion parcial
2026-08-04 10:32:43;BUUU;Venta;5.0;22.8484;114.24;;;;b247b6cf-df81-4bfe-b038-31511054a797;20260804103243534::5100abb9-939b-406a-819c-c2ef2ab0e2c8;
2026-08-04 10:32:49;BUUU;Venta;3.0;22.01;66.03;;;;9f5537bd-e977-4b24-88c5-5121e5d1e943;20260804103249528::4013a29e-8f09-475d-9034-4df9140edc43;
2026-08-04 10:32:52;BUUU;Venta;1.0;22.8484;22.85;;;;19eb3e0b-a59f-46cd-8210-b479f89953f7;20260804103252338::d00d705c-e956-4c03-a30c-6f95e6895f24;
2026-08-04 10:32:54;BUUU;Venta;1.0;22.8484;22.85;;;;67eac87c-637a-41d9-b0ef-12caa9573b5d;20260804103254720::5842c9a3-307e-42e2-949a-0278ba00adc4;
2026-08-04 10:38:16;BUUU;Venta;5.0;22.03;110.15;;;;176b8dcf-7bef-4143-9f27-ec5aa3a30f2b;20260804103816420::c9c54ddb-16a5-4a18-9b1e-d0a5ddb14a23;
2026-08-04 10:38:16;BUUU;Venta;1.0;22.05;22.05;;;;176b8dcf-7bef-4143-9f27-ec5aa3a30f2b;20260804103816420::54c919f8-b590-4e75-83c6-88bede07f10a;ejecucion parcial
2026-08-04 10:38:21;BUUU;Venta;6.0;22.8426;137.06;;;;aa01a9f9-fddd-4592-b466-2e45c8456416;20260804103821723::4ff54ad2-acda-4943-b428-0c086150e93b;
2026-08-04 10:38:26;BUUU;Venta;6.0;22.8426;137.06;;;;c440d4fe-a77f-4eef-a96b-25f924907199;20260804103826891::b4cecabe-82aa-4cd3-bd1c-3c900252e26e;
2026-08-04 11:01:37;HYDR;Compra;70.0;42.7;2989.0;;;;15d5b7c5-a95f-45a4-ab81-66d3e42a528d;20260804110137113::3642fcbd-eaee-4ecc-aac8-499f12632d51;
2026-08-04 11:02:39;HYDR;Venta;35.0;42.88;1500.8;;;;de9fadd4-2ed2-4313-b8e8-c038d28df4ab;20260804110239670::870ac235-bb0f-4894-bdf1-a465ac8772de;
2026-08-04 11:02:44;HYDR;Venta;20.0;42.92;858.4;;;;afec0a94-fa0b-466c-9073-19259c0ba2a7;20260804110244508::9142d316-e8c2-4b43-9d21-85bbacbd6498;
2026-08-04 11:02:48;HYDR;Venta;10.0;42.98;429.8;;;;ebcc7434-b28c-4db6-9d16-7d0f15a88731;20260804110248728::dca7b519-2e22-4a1a-a9ff-b1c3d5e8ddb5;
2026-08-04 11:02:56;HYDR;Venta;5.0;42.96;214.8;;;;be205545-97e6-461e-82a4-4b0819215843;20260804110256732::8489c472-4300-46ff-a258-9198c976a345;
2026-08-04 11:22:32;WYHG;Compra;70.0;3.45;241.5;;;;f9d50560-7f53-41dc-85d8-ba705bcd7795;20260804112232176::1ad75377-d494-4bc8-9ee1-457aa3178f02;
2026-08-04 11:23:56;WYHG;Venta;6.0;3.43;20.58;;;;6bd792c0-10b0-48b6-9387-df33ac6bf2c3;20260804112356875::542f25b9-7d30-45cd-9b3d-3aec7824a478;ejecucion parcial
2026-08-04 11:23:56;WYHG;Venta;14.0;3.4;47.6;;;;6bd792c0-10b0-48b6-9387-df33ac6bf2c3;20260804112356875::02538036-d5f2-4fca-b479-0d1d8ef1e9ea;
2026-08-04 11:24:01;WYHG;Venta;10.0;3.4653;34.65;;;;33fd2410-cec8-42f3-a81e-1e7191c5af71;20260804112401068::e03738a2-236d-4e4b-ad20-bccba3b99a8c;
2026-08-04 11:24:03;WYHG;Venta;4.0;3.4;13.6;;;;9c14dcc8-0aca-45d7-8528-ecfa89a52994;20260804112403761::5973f7f3-9c64-4fd7-9a7e-6ae2c5b8fa14;
2026-08-04 11:24:03;WYHG;Venta;6.0;3.42;20.52;;;;9c14dcc8-0aca-45d7-8528-ecfa89a52994;20260804112403760::a3164844-21f5-4856-8bbc-f47157ae82c0;ejecucion parcial
2026-08-04 11:24:10;WYHG;Venta;15.0;3.4652;51.98;;;;2306723e-2063-4a3f-acf3-a2e3f3173229;20260804112410467::6b783e6c-ae0d-4670-9719-0ae09869346e;
2026-08-04 11:24:23;WYHG;Venta;5.0;3.42;17.1;;;;b8b033f5-7f0c-4789-8398-abe47a81bc29;20260804112423831::4aa8481d-8c95-4b62-8609-ef8f7fb42540;
2026-08-04 11:24:27;WYHG;Venta;4.0;3.39;13.56;;;;6aeab4fd-c4e0-4f0f-b54f-500d1da0766c;20260804112427682::e79c6cd9-d724-4911-ac8a-32222e6eb671;
2026-08-04 11:24:27;WYHG;Venta;6.0;3.41;20.46;;;;6aeab4fd-c4e0-4f0f-b54f-500d1da0766c;20260804112427678::0f471df8-c491-4a3d-a6ed-e188a8f3e93f;ejecucion parcial
2026-08-04 11:24:55;VRM;Compra;70.0;6.89;482.3;;;;c00678db-771b-40ed-9608-bb9899ec846f;20260804112455408::fe48f876-d9ae-45db-afdd-925f6d10e869;
2026-08-04 11:25:56;VRM;Venta;20.0;6.94;138.8;;;;c689f5b0-21c9-436b-939f-8b474910d62a;20260804112556014::a1a28258-40a8-4175-a103-03caa1b63898;
2026-08-04 11:25:58;VRM;Venta;20.0;6.94;138.8;;;;422d48e8-bffc-4c3a-b2eb-da39ba471e3f;20260804112558210::a3c472d1-4208-4c2f-84bb-fc9aa0cd98c9;
2026-08-04 11:25:59;VRM;Venta;20.0;6.94;138.8;;;;69c929e4-236f-4bbc-8ef5-46f0ecb7b1a3;20260804112559274::a975d062-9698-4b61-99af-f83eb1c4a9be;
2026-08-04 11:26:02;VRM;Venta;10.0;6.96;69.6;;;;b2e2a5c3-47b9-4a62-8bec-9506533d1808;20260804112602843::20e86013-8ef4-4e54-b168-f04f9fbd81d0;
2026-08-04 11:29:06;PRPO;Compra;61.0;22.24;1356.64;;;;c97a9770-2a5c-40eb-92dd-119f764d8557;20260804112906279::fa57e945-b82d-4ad2-96c0-a5c7cb30f5b7;ejecucion parcial
2026-08-04 11:30:40;PRPO;Venta;10.0;22.3087;223.09;;;;153b826c-5f31-4bd7-8c83-1cec26854598;20260804113040375::7fa662dc-37b9-4b56-8662-0ffc47bd746d;
2026-08-04 11:30:56;PRPO;Venta;21.0;22.31;468.51;;;;3604e62c-ef76-4684-ac06-8ed338af4060;20260804113056069::558eed26-4a9a-4041-acff-d921a835f4e2;
2026-08-04 11:31:08;PRPO;Venta;20.0;22.27;445.4;;;;395f56b1-d317-4c30-96d6-676de71b7611;20260804113108910::8133f84b-d13d-4cba-a066-8573f6670b6b;
2026-08-04 11:31:13;PRPO;Venta;10.0;22.27;222.7;;;;e7ed9eb1-9fac-4556-b8bd-aa386a83bb7d;20260804113113979::65ecb6bb-e080-4a13-88e9-23b41947fcb4;
2026-08-04 11:50:51;WYHG;Compra;54.0;3.39;183.06;;;;cf80f055-818a-42b9-b77b-128a04b3b783;20260804115051380::24e833dd-2ed2-41c2-bb52-abfefe130fc8;
2026-08-04 11:50:51;WYHG;Compra;6.0;3.38;20.28;;;;cf80f055-818a-42b9-b77b-128a04b3b783;20260804115051379::05c1371a-00bf-46f1-9d9c-227dcf75ecb3;ejecucion parcial
2026-08-04 11:52:41;WYHG;Venta;8.0;3.4399;27.52;;;;dbb886c3-ab10-44de-a28e-9ca1be9fb60d;20260804115241355::1d2682e7-6008-4bbb-8d41-2677c9bb17b4;
2026-08-04 11:52:47;WYHG;Venta;3.0;3.36;10.08;;;;2fc63abc-5772-4632-8883-aeb09a1459d4;20260804115247385::7cf7dae4-a510-400c-b75d-26c35576a503;
2026-08-04 11:52:50;WYHG;Venta;10.0;3.3602;33.6;;;;db337c97-c997-41d5-8a35-b6166fb890b2;20260804115250783::2cd2abd4-112f-4084-a4a3-b89f65bc49c8;
2026-08-04 11:52:51;WYHG;Venta;10.0;3.4398;34.4;;;;795768d9-62ee-4d36-b94f-38cf804fe3c0;20260804115251889::d92ccbda-e174-41dc-9be0-c3ce11338958;
2026-08-04 11:52:57;WYHG;Venta;3.0;3.36;10.08;;;;d5c3201b-4a0a-40b6-b87e-8be05db1e838;20260804115257431::69aa4d97-3df7-49b4-957e-11bd34a72d9a;
2026-08-04 11:52:58;WYHG;Venta;3.0;3.4401;10.32;;;;8d2ed8d1-15cc-40cd-afb8-7666b1410e1f;20260804115258952::60407ea8-701a-4e77-a047-3e2109804a55;
2026-08-04 11:53:02;WYHG;Venta;5.0;3.36;16.8;;;;36f5a5e4-c280-45e2-9fdb-1465d954d51e;20260804115302958::58f913e6-cbcb-4fd2-97b2-fb8c9e59980e;
2026-08-04 11:53:04;WYHG;Venta;5.0;3.44;17.2;;;;31c78a27-1668-4c89-a095-5b93aed4ba14;20260804115304165::7dafbfcf-34f8-4ca6-950c-d09c47983243;
2026-08-04 11:53:07;WYHG;Venta;1.0;3.4402;3.44;;;;8282ceb8-2df1-47a6-bcfa-d165dea73c64;20260804115307879::0dc20ced-6895-4e44-b397-0fdf0d223f63;
2026-08-04 11:53:12;WYHG;Venta;3.0;3.36;10.08;;;;91c938f3-6100-4479-820a-144bf931023f;20260804115312964::fa2fcdce-c82e-4cc7-b189-f87c7a5c5bab;
2026-08-04 11:53:17;WYHG;Venta;5.0;3.44;17.2;;;;5f8d1dfb-f06e-43a0-a032-c8d80584879f;20260804115317386::dc20d5c9-9c31-47a8-a6d9-8bbb95922b43;
2026-08-04 11:53:37;WYHG;Venta;2.0;3.3602;6.72;;;;ddcbec70-071a-42ff-a5bb-c15553d63f90;20260804115337512::4cd7d8ab-4d51-4209-acb9-939d0b3029b2;
2026-08-04 11:53:38;WYHG;Venta;2.0;3.4402;6.88;;;;9dbded15-0c26-4cb4-9266-188a4dcaf3f6;20260804115338391::329ee079-1595-4c0f-9f1b-99db76326203;
2026-08-04 11:56:16;SMX;Compra;5.0;16.66;83.3;;;;44f974a6-1244-4a8d-9979-31eddf2df52d;20260804115616279::77b5a648-2c43-41e2-bde9-f3c8baaf5fbd;ejecucion parcial
2026-08-04 11:56:33;SMX;Venta;5.0;16.75;83.75;;;;a3f17936-681f-432c-8c1e-bffa3218c114;20260804115633778::9992264f-1bdc-4f45-b145-ef3cb48fe34e;
2026-08-04 12:00:30;NHC;Compra;1.0;218.17;218.17;;;;5c18c79a-d047-479b-ac2b-d0a9268970fb;20260804120030929::9486be2d-553a-43c4-bd25-04522b1a1487;ejecucion parcial
2026-08-04 12:00:55;NHC;Venta;1.0;218.22;218.22;;;;19bd2866-88da-4313-8afb-a3b047f55227;20260804120055492::55776f4e-799b-4cff-b21d-5d6b0226627c;
2026-08-04 12:01:33;MNPR;Compra;60.0;119.2;7152.0;;;;4b309570-b578-4213-ae59-60e3b13c1f62;20260804120133719::640e0502-c451-420d-a610-0ba65f8820f5;
2026-08-04 12:02:03;MNPR;Venta;22.0;119.4;2626.8;;;;ba2b2d01-777e-4f8b-ba41-117b0fecf6fc;20260804120203035::b2cc5283-8b17-4418-a52f-3d3d991a0093;
2026-08-04 12:02:03;MNPR;Venta;8.0;119.4;955.2;;;;ba2b2d01-777e-4f8b-ba41-117b0fecf6fc;20260804120203035::261a802c-eeab-48f7-853c-1d74fa1272e2;ejecucion parcial
2026-08-04 12:02:05;MNPR;Venta;30.0;119.4;3582.0;;;;87b88d7c-c4d3-4d72-9279-b3c7025027a2;20260804120205597::374d1e44-2e15-4165-8740-df6714f31069;
2026-08-04 12:25:42;RRBI;Compra;40.0;102.02;4080.8;;;;e30f2b2a-55d7-4274-a96f-ac6725ff3803;20260804122542690::9300be95-24f6-49c2-b309-e32d56807486;
2026-08-04 12:26:51;RRBI;Compra;8.0;101.88;815.04;;;;4a22694a-b26d-42d7-878e-1726dd6b3ff7;20260804122651393::cab66c6a-6142-4473-8443-15212a80ccb0;
2026-08-04 12:27:10;RRBI;Venta;22.0;102.02;2244.44;;;;22ae0a54-4b25-46b8-a7ed-8103f1b92e8c;20260804122710498::016076b6-38bc-40d0-bd00-ff03c30a45d4;
2026-08-04 12:27:16;RRBI;Venta;13.0;102.02;1326.26;;;;cc2ad8cc-0041-48be-8a6a-332054803f3d;20260804122716887::c7683689-5c31-49a1-833a-c8b7bb04d0e1;
2026-08-04 12:27:18;RRBI;Venta;13.0;102.04;1326.52;;;;a1c7c3c0-ba49-46ad-bd6d-49595ba1adb9;20260804122718472::752cac1d-fbb9-4ca7-b1c5-c29bed57d187;
2026-08-04 12:28:33;PHOE;Compra;40.0;21.76;870.4;;;;fd8b34b7-3d83-4ba4-8466-4d91bc5c2371;20260804122833432::6c208e7b-2feb-4839-9ff3-84c823013b77;
2026-08-04 12:29:49;PHOE;Venta;20.0;21.53;430.6;;;;b3839a1b-ec22-4f7a-92e7-060b14e2fece;20260804122949825::534943c8-b971-4464-a6b5-f3ad82d45569;
2026-08-04 12:29:58;PHOE;Venta;10.0;21.521;215.21;;;;45e4f43c-62f3-4624-8f26-8089187c1c12;20260804122958129::aec184a5-2d40-4784-9809-ec0c97b3491f;
2026-08-04 12:30:20;PHOE;Venta;5.0;21.521;107.61;;;;aec7509b-e2cc-4b99-b00a-d03cbc7f7b80;20260804123020126::1388c7e0-e817-43a0-bdeb-ff5d4b0a4c6e;
2026-08-04 12:30:22;PHOE;Venta;5.0;21.5201;107.6;;;;9ffe7449-f4e5-4214-ba7f-6d84ace63163;20260804123022420::491252a3-0e4b-4555-9f44-7011a1646047;
2026-08-04 12:33:19;MI;Compra;40.0;7.83;313.2;;;;11979ac1-5a38-42b9-8ee2-2a31b803c49d;20260804123319084::efb7ad75-3103-4292-b697-07957de53c7b;
2026-08-04 12:34:17;MI;Venta;10.0;7.85;78.5;;;;d3aa348a-8954-4604-8d23-7e4981a0c6db;20260804123417683::47863864-13bc-41e3-8f8d-4998a46e123c;
2026-08-04 12:34:23;MI;Venta;10.0;7.86;78.6;;;;2356f9e2-7af8-4619-a6ef-dab5fbd1119a;20260804123423046::f9ffd2a1-a19c-4edc-b942-1783b7f45ba6;
2026-08-04 12:34:24;MI;Venta;10.0;7.88;78.8;;;;3b05c7a0-308c-4f49-8dc9-e6db9f20710f;20260804123424734::89953a32-8947-47ef-8e88-70f8aa9ccb4c;
2026-08-04 12:34:34;MI;Venta;10.0;7.89;78.9;;;;80834ce9-f90f-4fdb-98ab-03b6ed86ccb0;20260804123434276::dc7e17c8-eb85-483c-a23b-277cec02f124;
2026-08-04 12:41:48;AZZ;Compra;40.0;151.68;6067.2;;;;151c4f95-6753-46c6-8c52-c70b67bbaea2;20260804124148465::b10b76ae-f328-4271-9550-11a9a2ee7d5e;
2026-08-04 12:41:49;AZZ;Venta;40.0;151.85;6074.0;;;;fb726c3d-2267-4214-9d36-3fe4fa74a726;20260804124149206::d5545464-f178-496b-acfc-4e3f468fe25b;
2026-08-04 13:11:25;CARZ;Compra;60.0;107.12;6427.2;;;;d4c5ff00-2232-4a6f-b28e-cfe96dc018fc;20260804131125011::a2dcb439-a7a9-4ec9-8a1b-a971636495b9;
2026-08-04 13:13:03;CARZ;Venta;10.0;107.22;1072.2;;;;54acbccc-fe14-48cb-a1f4-6ca84419d4d7;20260804131303010::ba38adda-5b21-4627-bd3e-f8359690c51c;
2026-08-04 13:13:44;CARZ;Venta;20.0;107.08;2141.6;;;;d82b410e-4270-4fe7-a267-13030711f69f;20260804131344682::2f37b571-6080-42d4-98bc-21eaf7220aef;
2026-08-04 13:13:49;CARZ;Venta;10.0;107.3741;1073.74;;;;7f3515a5-4dd5-4c41-8a99-53ed53085dcd;20260804131349370::d6e6ed81-0278-4d1e-91a2-f0823638c8a2;
2026-08-04 13:13:54;CARZ;Venta;5.0;107.08;535.4;;;;777bf689-65db-4b5e-87ff-26506e161f31;20260804131354838::5c00dce3-4c2f-4d38-b94d-f1db971e18ed;
2026-08-04 13:13:59;CARZ;Venta;10.0;107.08;1070.8;;;;1e53c544-4db0-4c0a-972c-83e27f9c5dca;20260804131359219::81d4647d-559d-42c4-82e6-9ec4447eb309;
2026-08-04 13:14:04;CARZ;Venta;5.0;107.08;535.4;;;;67eeec21-b815-445f-b804-fba5a56ca627;20260804131404168::78962810-2f9e-4581-b156-849fa168d18a;
2026-08-04 13:15:11;AUC;Compra;2.0;6.09;12.18;;;;27a91814-45b2-4951-ac73-a0e92eb469a0;20260804131511344::c281dd0c-bdd3-4c1c-b73c-73ed3521fd94;ejecucion parcial
2026-08-04 13:16:59;AUC;Venta;2.0;6.07;12.14;;;;f7816f15-c2fe-469f-af4d-8d733a720467;20260804131659191::b268f226-ec41-4a29-b043-40b9ede05acf;
2026-08-04 14:38:01;TRNS;Compra;70.0;91.36;6395.2;;;;53e41a94-cd7c-4753-bf2a-e474c58a1e63;20260804143801592::bf3d5c96-139f-43d0-8136-27d13aa4e50f;
2026-08-04 14:38:48;TRNS;Venta;35.0;91.46;3201.1;;;;11d45c7a-b967-4ce3-be1b-e94bdc4ecf71;20260804143848907::26e71e0f-24a3-47c8-9959-15e98615bb79;
2026-08-04 14:38:58;TRNS;Venta;20.0;91.46;1829.2;;;;8a154c39-eef1-4187-88e4-a00a7e2f2b8b;20260804143858641::8ca4cd64-baa0-4f4c-a89c-240825b791cb;
2026-08-04 14:39:06;TRNS;Venta;15.0;91.46;1371.9;;;;6e5fdd56-fda8-461f-87d0-98c6cf5918d6;20260804143906079::718bdd20-6cc4-4356-8a9d-64eaa9ce2cd3;
2026-08-04 14:47:25;INLX;Compra;5.0;5.43;27.15;;;;a46b1fa0-61a6-4fc5-b5f0-c5396c43fa00;20260804144725184::b92bae11-b0f6-487f-9070-ee4574b5f248;ejecucion parcial
2026-08-04 14:47:37;INLX;Venta;5.0;5.54;27.7;;;;66962aa1-6709-45d6-a20f-b518c6151af1;20260804144737035::5e558ece-7ba9-484d-93c2-1906af922f54;
2026-08-04 15:01:39;RYM;Compra;12.0;25.12;301.44;;;;b530db4a-f1bb-45aa-966d-5509ae21f795;20260804150139558::f1752a99-d7e1-416d-ad55-dc40fae8d6a9;ejecucion parcial
2026-08-04 15:02:00;RYM;Venta;12.0;25.3;303.6;;;;c0e61971-9355-46d2-9476-c83fcce82843;20260804150200290::bb78d330-8340-4d93-9ecf-e0e263f438a3;
2026-08-04 15:03:44;PJT;Compra;60.0;172.96;10377.6;;;;e3b0544a-b7bb-41fb-8a5c-2e0395774275;20260804150344731::9f37efb8-39ec-4346-89f3-d0abb5207a11;
2026-08-04 15:04:36;PJT;Venta;10.0;172.78;1727.8;;;;efa6b603-8693-47d9-88ce-027d9a417fbc;20260804150436011::020b7bb9-ba11-45d1-996b-52b85ab7b334;
2026-08-04 15:04:37;PJT;Venta;10.0;172.78;1727.8;;;;a70ed734-7406-41af-af66-31f544889ce8;20260804150437920::ab693fa6-13f0-4edb-97ab-5eaf13013f8c;
2026-08-04 15:04:43;PJT;Venta;10.0;172.76;1727.6;;;;73bda574-036d-492b-870b-c4e852f54b3e;20260804150443077::cb0ed387-4cbe-413c-8d8a-3343a35de933;
2026-08-04 15:05:08;PJT;Venta;15.0;172.75;2591.25;;;;e99de619-2e80-436a-9c96-e8b60fbbc2b7;20260804150508885::c9bddfa8-8308-4ce5-9d21-0d2299efe9ac;
2026-08-04 15:05:41;PJT;Venta;10.0;172.69;1726.9;;;;e9cf252d-9688-4671-89e5-ae5ee363577b;20260804150541020::2f08394e-d9f5-413d-9229-b33b2ee84e44;
2026-08-04 15:05:51;PJT;Venta;5.0;172.73;863.65;;;;c3873292-9ddd-43fa-ac5e-fc39041cf501;20260804150551867::5e872a04-6b31-46c8-8ec2-d334e091cd48;
2026-08-04 15:06:07;PDPA;Compra;60.0;25.23;1513.8;;;;b3b0a6a5-ebe9-4b7d-9ac0-2d3a83a73a2b;20260804150607820::4410c49f-10d2-4fcf-a27d-1ee671799977;
2026-08-04 15:07:01;PDPA;Venta;5.0;25.2519;126.26;;;;3f76e14d-23e8-43b5-8156-0d7b02f43a64;20260804150701238::d480990b-866d-4ec2-a3e6-fd5e0be0989c;
2026-08-04 15:07:03;PDPA;Venta;5.0;25.3734;126.87;;;;e5ece737-e653-4a31-8ff0-5ed808fc5939;20260804150703843::a4f0bfd9-08aa-497d-a055-19f34b065971;
2026-08-04 15:07:05;PDPA;Venta;5.0;25.2519;126.26;;;;e0d22336-ec9e-4e06-9c11-6762349173c6;20260804150705822::aea89c66-23bf-47e3-ab65-b0642889c111;
2026-08-04 15:07:08;PDPA;Venta;10.0;25.2517;252.52;;;;dc7b36c9-890c-45fd-9909-4cd8ad3c10cb;20260804150708369::990702ef-a5f2-43d8-9919-1f25a1851d2c;
2026-08-04 15:07:10;PDPA;Venta;10.0;25.2517;252.52;;;;1057f782-1e55-4b22-80b9-a73bac09aeb8;20260804150710024::1c35246d-2fa1-4fe3-a08e-b685c7d1a824;
2026-08-04 15:07:15;PDPA;Venta;1.0;25.485;25.48;;;;fb52f3cc-0be8-4cc5-be9b-7911d910f94a;20260804150715469::8c39e175-770f-43f3-b95b-7696c2db3ddc;
2026-08-04 15:07:15;PDPA;Venta;6.0;25.225;151.35;;;;fb52f3cc-0be8-4cc5-be9b-7911d910f94a;20260804150715469::8382f8a6-d9c3-48ec-ad20-2eeb87c557c0;ejecucion parcial
2026-08-04 15:07:23;PDPA;Venta;5.0;25.2519;126.26;;;;485fd506-a697-4739-93a2-60a65e1f4bde;20260804150723251::3c8a6700-e7ba-481d-9379-b918c614567d;
2026-08-04 15:07:24;PDPA;Venta;4.0;25.18;100.72;;;;16d7f05c-d214-469f-87a7-0997c34a8894;20260804150724986::96ec3ccf-9cee-49ed-a9f2-8fe443122e76;
2026-08-04 15:07:24;PDPA;Venta;1.0;25.225;25.23;;;;16d7f05c-d214-469f-87a7-0997c34a8894;20260804150724982::69e8b833-4a52-4c44-9ee4-40a373a7ec3d;ejecucion parcial
2026-08-04 15:07:41;PDPA;Venta;4.0;25.2519;101.01;;;;474272ba-5480-4940-8adb-8695c3a9e24f;20260804150741362::acc13157-c2a3-4bda-95b2-50cdc3a8e08e;
2026-08-04 15:07:42;PDPA;Venta;4.0;25.2519;101.01;;;;f0ff8897-cde3-4381-951a-1f7f0fc3c2b2;20260804150742504::14c0bd11-9723-4d97-bc4c-3c68a781f041;
2026-08-04 15:12:48;GHM;Compra;60.0;106.32;6379.2;;;;e248c786-d088-47c2-af91-ce28062b9854;20260804151248520::1a3ef827-b254-4a2c-a0cb-4745509431e3;
2026-08-04 15:13:34;GHM;Venta;10.0;106.4084;1064.08;;;;1d4fe505-feaf-43e0-9881-4b1eed772a4b;20260804151334559::c90c6093-cb1f-4542-b87b-4c9393513ce3;
2026-08-04 15:13:37;GHM;Venta;10.0;106.2534;1062.53;;;;375f3c7f-e0c3-4032-ad7f-c5d368fd94ca;20260804151337716::a605f410-6672-43bd-b0eb-7e5c114dba40;
2026-08-04 15:13:39;GHM;Venta;10.0;106.2534;1062.53;;;;7b7eb05f-52f4-4828-b88c-e557a9946b99;20260804151339428::9923d30c-dba3-4324-b17f-acc5fce52819;
2026-08-04 15:13:46;GHM;Venta;5.0;106.16;530.8;;;;d4a5b238-458d-4569-9697-abd20f057ea6;20260804151346580::89dab622-ab75-4636-bc69-81be6fc939a6;
2026-08-04 15:13:48;GHM;Venta;5.0;106.4084;532.04;;;;26436b9b-104c-4a7e-984d-017251750aa9;20260804151348363::8028ad62-e39c-49bc-b08e-88567d3eda19;
2026-08-04 15:13:51;GHM;Venta;5.0;106.16;530.8;;;;1db0ecae-b946-4846-a12c-8326e7e8b19f;20260804151351095::029a4767-cedd-47fd-9a5c-09c2f3da589c;
2026-08-04 15:13:53;GHM;Venta;10.0;106.2534;1062.53;;;;ec734a3b-6b89-47e2-a568-4c97a7237dcd;20260804151353689::d9145b86-65f7-44d8-a72c-c6e946addb30;
2026-08-04 15:14:01;GHM;Venta;5.0;106.2536;531.27;;;;123c3eab-c22e-46ca-8465-6179a668335a;20260804151401394::cc9e9661-b8d5-4954-b308-290abe935c88;
2026-08-04 15:32:51;PDPA;Compra;35.0;25.23;883.05;;;;7317f151-9fbd-40e9-a35e-e58e065c860b;20260804153251000::fa58dd38-63b7-455e-a370-0658bf04dc6e;
2026-08-04 15:32:51;PDPA;Compra;5.0;25.22;126.1;;;;7317f151-9fbd-40e9-a35e-e58e065c860b;20260804153251000::02c6898b-cdda-41cc-ba2b-11c8d99e5569;ejecucion parcial
2026-08-04 15:33:26;PDPA;Venta;20.0;25.3;506.0;;;;db218507-27f9-4b6d-a996-25257b38acdb;20260804153326548::ca3337c5-9e13-48c4-80c4-cc01c367af1a;
2026-08-04 15:33:28;PDPA;Venta;20.0;25.3;506.0;;;;ab05a164-6486-4de1-854f-4fd31a1bcc51;20260804153328644::b8cfa52b-c624-4a68-b3dc-3c0b77c1931c;
2026-08-04 15:41:00;CVSA;Compra;34.0;129.61;4406.74;;;;78f4ee11-d2dd-45f6-b2f0-f6ddb6d2e2fe;20260804154100528::4ee00e58-109b-4502-a574-bb6e95bcd3e1;
2026-08-04 15:41:00;CVSA;Compra;6.0;129.61;777.66;;;;78f4ee11-d2dd-45f6-b2f0-f6ddb6d2e2fe;20260804154100528::291fc675-8018-4bb6-9b86-ef8a485385e4;ejecucion parcial
2026-08-04 15:42:04;CVSA;Venta;20.0;129.55;2591.0;;;;cfc0381f-0c4b-497f-a16a-a4dffc081222;20260804154204712::4089618b-b5ac-4274-8a05-286a3e1b7957;
2026-08-04 15:42:12;CVSA;Venta;10.0;129.6;1296.0;;;;71bb5bdc-47b3-4c81-90f0-0f1c08573e06;20260804154212175::dc2fcde7-3f5c-482f-8cd1-92dd98352939;
2026-08-04 15:42:21;CVSA;Venta;10.0;129.6;1296.0;;;;e45c0413-b167-4ae8-8f64-5342c2abeb97;20260804154221528::f8253b7a-a184-4b65-b081-b0284bbf84c5;
2026-08-05 10:01:52;NATH;Compra;59.0;98.18;5792.62;;;;a6211c83-3f47-4306-90f9-994eb232442f;20260805100152166::7fa7424a-b484-4cd2-9f55-cb7052204b2e;ejecucion parcial
2026-08-05 10:02:44;NATH;Venta;19.0;98.4;1869.6;;;;80fa36f6-f3fd-4af4-bde9-a88a35a5fd6f;20260805100244921::adaf8e04-d023-4aa9-90ce-6b717bcfba28;
2026-08-05 10:02:49;NATH;Venta;10.0;98.45;984.5;;;;14edea3d-c9be-4ca6-a40d-6c5ca59f95d2;20260805100249231::297c0295-720c-4879-959e-832f48a53b7c;
2026-08-05 10:02:55;NATH;Venta;8.0;98.5;788.0;;;;92acb521-0632-4e5b-a505-2c4a319c0b1b;20260805100255885::50617683-991f-4c1f-ab62-6452cfd193d3;
2026-08-05 10:03:09;NATH;Venta;8.0;98.5;788.0;;;;6fd44b24-7327-43d1-b00b-1f01bae8ed1f;20260805100309955::8db9ae08-312f-4516-ba6d-2cd93be35bc7;
2026-08-05 10:03:11;NATH;Venta;8.0;98.5;788.0;;;;dbafb0a7-6787-49ae-8b5c-2e3275ff3645;20260805100311365::ee9fa07a-b9c6-4f75-9b07-9986464c1b98;
2026-08-05 10:03:26;NATH;Venta;6.0;98.5;591.0;;;;c776b5ba-a73f-4d0a-827d-39c4a4861cd4;20260805100326074::6798f7f9-57ca-47ec-8481-e7ccd41d0ec9;
2026-08-05 10:04:59;INBK;Compra;29.0;28.82;835.78;;;;a626c92f-0859-4ee2-a8e1-0e8619716c90;20260805100459302::c1d1dce9-8e8e-4d94-a77c-25fda556c8eb;ejecucion parcial
2026-08-05 10:05:53;INBK;Venta;10.0;28.9;289.0;;;;226e099e-342a-4575-be4d-ca1a77cbf699;20260805100553961::d7348fff-4993-4988-be76-18e7c5b3d7a3;
2026-08-05 10:05:59;INBK;Venta;10.0;28.96;289.6;;;;f654877d-6564-4832-b70f-63c46d4bfe6a;20260805100559123::87ead5db-fb4e-4b1a-be75-f94875f6270a;
2026-08-05 10:06:10;INBK;Venta;9.0;28.98;260.82;;;;97e7d72d-4311-4426-bf96-f4b644604c64;20260805100610337::d55cec81-71b7-41d6-b3d8-6d13c2b9e888;
2026-08-05 10:06:43;GOEX;Compra;10.0;77.72;777.2;;;;a83d3125-0dc1-4f3d-944d-ecf3629535cc;20260805100643169::2d7a60d4-d23d-4f2b-a786-5ca844f054c7;ejecucion parcial
2026-08-05 10:07:13;GOEX;Venta;5.0;77.75;388.75;;;;b8d7931e-19b5-4aa8-9afc-92acc5464c95;20260805100713257::e0175581-3f8f-47bb-b257-23825efc5f57;
2026-08-05 10:07:25;GOEX;Venta;5.0;77.8;389.0;;;;d6841c4f-cd65-4905-8a3d-5f9c2e87de1d;20260805100725681::e19b334d-aefb-48c8-954a-213b98956031;
2026-08-05 10:09:01;EIG;Compra;60.0;50.6;3036.0;;;;67928b30-5609-4dd2-90dc-b05543f92be0;20260805100901015::67d96a04-c35c-4480-8d60-a264af7f907b;
2026-08-05 10:10:44;EIG;Venta;20.0;50.72;1014.4;;;;2efe0369-5b56-4118-95f3-6d49f0d719b6;20260805101044758::6827794a-1725-4616-b4a4-cebf4bb39348;
2026-08-05 10:10:53;EIG;Venta;10.0;50.74;507.4;;;;97b1723f-4c35-4e28-9cd4-e691e4a99968;20260805101053929::5d615949-879f-47d1-9c33-4f418e1f3e82;
2026-08-05 10:10:56;EIG;Venta;10.0;50.74;507.4;;;;e84786c3-5da5-403e-ba56-9aeedb9d0496;20260805101056701::92323f1d-5aac-4149-ab02-8ad87866bbca;
2026-08-05 10:10:58;EIG;Venta;10.0;50.74;507.4;;;;ca8504eb-1db2-4415-af92-e46e9b32ab27;20260805101058029::6a90ccb3-0423-4b3a-8b03-8cae59e8f2f5;
2026-08-05 10:10:59;EIG;Venta;10.0;50.74;507.4;;;;47df171f-dac4-4b6b-aaa1-f4cfb7e3a1fb;20260805101059312::a8540eec-9f46-4707-8b8e-56e407bb8d5b;
2026-08-05 10:11:06;EFSI;Compra;60.0;40.63;2437.8;;;;4602b07a-b2a5-4ac7-9317-f3872605adb5;20260805101106987::72a7a2fd-4259-4334-91a4-75c8197d2e3a;
2026-08-05 10:12:37;EFSI;Venta;30.0;40.8;1224.0;;;;3673f8f4-c42f-44be-af4b-05c7bd63cb05;20260805101237685::48012519-d52d-43ee-b0ea-a1e0cebe902a;
2026-08-05 10:12:58;EFSI;Venta;20.0;40.7;814.0;;;;65d495df-fcc3-4d2e-95ca-1dfb80f31325;20260805101258857::d8a8be7f-a7ab-496c-b0d8-2d693aceac2d;
2026-08-05 10:13:03;EFSI;Venta;10.0;40.74;407.4;;;;c02d65a7-f61a-4915-a312-e6a147ddd84c;20260805101303737::8d60b099-e348-4b04-b4cb-e2df13463be7;
2026-08-05 10:30:12;INBK;Compra;5.0;28.85;144.25;;;;39788ca8-6b5f-4306-85d5-e31b92079915;20260805103012510::e3b21792-82c6-4868-a2d8-35ff86bde4b2;ejecucion parcial
2026-08-05 10:36:34;INBK;Compra;2.0;28.86;57.72;;;;704337ef-7afe-4e75-88fd-d786b79ffd28;20260805103634247::7ae55643-24f8-427b-a57a-c7d19ba2cf50;ejecucion parcial
2026-08-05 10:37:08;INBK;Venta;7.0;29.02;203.14;;;;31690f31-e2f8-4181-b9a8-e6f80d611e50;20260805103708040::7873cfb9-9f1f-4810-88d1-b52839bb1e19;
2026-08-05 10:37:18;HWKN;Compra;70.0;135.1;9457.0;;;;85bf28c9-738f-415c-a340-7f411a8829c7;20260805103718919::4fb8cf61-ca15-4368-80aa-1b5f64dc869d;
2026-08-05 10:39:13;HWKN;Venta;20.0;134.8;2696.0;;;;6e82535b-88eb-48c0-9f7f-0c9615af1b2c;20260805103913333::02d4cdf9-e336-473e-91ed-d67d1cdc2f2d;
2026-08-05 10:39:54;HWKN;Venta;10.0;134.76;1347.6;;;;54c907fb-e98c-40c6-97fa-2c506c8dcf07;20260805103954531::f65802fe-cfb2-4bdc-9164-92b8c1f82434;
2026-08-05 10:40:04;HWKN;Venta;10.0;134.72;1347.2;;;;1065e556-eab9-4e90-abf4-e46a897cffb3;20260805104004187::447f17ce-34d6-45db-85d5-205576c5ce05;
2026-08-05 10:40:06;HWKN;Venta;10.0;134.74;1347.4;;;;9a85f8d2-afad-49e9-80be-503f6c006e69;20260805104006411::81fe1e1f-6d33-4e61-9f9b-9c7fcb8595d3;
2026-08-05 10:40:07;HWKN;Venta;10.0;134.74;1347.4;;;;308ca934-7ba7-4c0a-aace-9f1c1139c12d;20260805104007737::4c84c65c-3005-4968-9379-3593553405c7;
2026-08-05 10:40:10;HWKN;Venta;10.0;134.76;1347.6;;;;68ca2322-1732-4480-b607-e43fa87b5c5a;20260805104010620::82bbe39b-31da-4844-acd0-846d76b1e5e6;
2026-08-05 10:41:45;DRUG;Compra;70.0;77.98;5458.6;;;;b018db26-7700-459d-9c18-a779a7213588;20260805104145439::59f7bf67-c503-4477-8c5d-3cd6faecea4a;
2026-08-05 10:42:53;DRUG;Venta;5.0;78.34;391.7;;;;a22b208a-078c-43b6-ba82-a6fba45e6c63;20260805104253061::2138429f-624f-4cd5-91b1-d342c132ad2d;
2026-08-05 10:42:54;DRUG;Venta;5.0;78.34;391.7;;;;fd8d8d89-a2de-4515-b988-8da8e150d529;20260805104254626::8b6c1856-9bd6-49d4-aadd-a4d1ab9fa5a5;
2026-08-05 10:43:10;DRUG;Venta;10.0;77.999;779.99;;;;15b20e1b-e589-418a-9c3d-8336ef20226a;20260805104310697::be45a524-f980-4c9d-8a3a-fdf7222c0686;
2026-08-05 10:43:13;DRUG;Venta;10.0;77.999;779.99;;;;7b709bc8-f2ac-4941-8bd4-e40a18e54209;20260805104313201::7d4a5add-ee74-4ad8-9647-02f346342419;
2026-08-05 10:43:18;DRUG;Venta;5.0;77.9991;390.0;;;;aeff372b-27d5-4f85-92a6-19256b425a72;20260805104318050::0a9cfe93-0248-4ab7-9f43-ffa06a79eb05;
2026-08-05 10:43:19;DRUG;Venta;5.0;77.89;389.45;;;;f369428f-9c58-4eb1-9c59-f789e79e0110;20260805104319374::73f62d7f-c117-4805-ad14-740b946d5ed9;
2026-08-05 10:43:20;DRUG;Venta;5.0;77.89;389.45;;;;fb38cfe5-7a49-40be-8480-3523555287fb;20260805104320944::4c43fcc3-0c98-4b6f-b357-6066bb5e2ba3;
2026-08-05 10:43:28;DRUG;Venta;10.0;78.0;780.0;;;;329f2cba-3ce6-457a-b124-05d8fbbb8d34;20260805104328377::c4b589da-ec0c-475d-81b6-16d16f740aa0;
2026-08-05 10:43:39;DRUG;Venta;5.0;77.9;389.5;;;;7465fa1f-01df-40cc-8da0-2860442d8aac;20260805104339751::344b31d8-79b5-472f-b8ec-1245bcab7647;
2026-08-05 10:43:41;DRUG;Venta;5.0;77.95;389.75;;;;ba84d593-9734-47b0-89e3-36288443bb8a;20260805104341492::6725d99d-6644-4f77-9607-90a28b0856ef;
2026-08-05 10:43:49;DRUG;Venta;5.0;77.9;389.5;;;;27eb23ca-13e9-43e4-a5b0-14b84d7474bf;20260805104349003::a12e5563-78d4-403f-8879-0a6058323449;
2026-08-05 11:49:18;STRR;Compra;40.0;11.18;447.2;;;;b18140c9-fe6b-4b13-81b2-c917ec4d06b9;20260805114918234::177a27e4-e49a-4210-ad44-484f04f5e369;
2026-08-05 11:50:12;STRR;Venta;20.0;11.25;225.0;;;;7a024bce-d3a2-4d65-b4d0-0fc3c3fb074f;20260805115012108::42f8dba0-1644-410e-a3e2-74ec98338f37;
2026-08-05 11:50:13;STRR;Venta;20.0;11.25;225.0;;;;db45b40a-330a-4bc8-9562-a205ad46d457;20260805115013874::37d4c69d-ae0e-4049-8fcf-39878a3896bc;
2026-08-05 11:51:55;PTORU;Compra;40.0;10.14;405.6;;;;ece6f9f4-9643-46ad-ae28-78b7fcfe6fab;20260805115155257::6b889d0f-b895-4e0b-b9a7-6d73eddaab5c;
2026-08-05 11:55:03;PTORU;Venta;10.0;10.0401;100.4;;;;86b187e2-e4f2-4217-906b-7501b1a300bc;20260805115503463::86933020-db21-4e07-a711-dd94ef4a2e7e;
2026-08-05 11:55:08;PTORU;Venta;10.0;10.47;104.7;;;;d08d3d6b-7a72-44b0-b5c5-d57a425fdf24;20260805115508183::3f61fe49-7beb-4c55-95f5-c3c71836544b;
2026-08-05 11:55:18;PTORU;Venta;2.0;10.0401;20.08;;;;c0dfb877-1fa9-4348-a187-3c704be9adbe;20260805115518398::9e6978c3-ab1d-453a-bf54-6cc02b75e65c;
2026-08-05 11:55:20;PTORU;Venta;2.0;10.04;20.08;;;;fcc03086-6f03-488f-82bd-e8b15a05ef48;20260805115520837::230040a6-bb67-474d-bd99-b02ed6ee5b4a;
2026-08-05 11:55:32;PTORU;Venta;5.0;10.04;50.2;;;;469371f3-3bf0-4995-a0ed-e57a01612086;20260805115532319::10ed694f-d625-43ee-8bca-52f465ce428d;
2026-08-05 11:55:36;PTORU;Venta;3.0;10.47;31.41;;;;ad5c4ebb-7132-4f67-b2d7-6b1b461080c7;20260805115536826::aba0a3a2-2706-433e-ab19-689fb19976b6;
2026-08-05 11:55:45;PTORU;Venta;1.0;10.1446;10.14;;;;e452e72a-842d-470b-acc5-f803f2e9c6a8;20260805115545617::448039bf-696c-45a9-81f5-52a867a6b11d;
2026-08-05 12:02:24;PTORU;Venta;3.0;10.0401;30.12;;;;636ec7b4-8f1b-450f-beec-89cfa3e6d0c2;20260805120224291::7a1a1e0c-baa3-48a0-bd52-f09de9d9391f;
2026-08-05 12:02:30;PTORU;Venta;4.0;10.0401;40.16;;;;7b6517da-5a95-42f6-9f1b-423cce0bfff2;20260805120230677::a1002014-d3de-4497-ab8c-b6198f6e9b50;
2026-08-05 12:05:42;KEN;Compra;40.0;64.73;2589.2;;;;a4828c6f-8519-4b62-a73f-9e8d5599ccbf;20260805120542218::f5bdc7ab-af3f-4b86-8f50-42e84fef25b4;
2026-08-05 12:07:53;KEN;Compra;5.0;64.68;323.4;;;;62c20166-1cfd-4c16-b2d0-e70822122266;20260805120753958::a08ec6e4-38b3-4a76-aa17-81f3fd5a9f3a;
2026-08-05 12:07:59;KEN;Compra;5.0;64.68;323.4;;;;295d059f-8a21-43fd-a3f6-cb92025c11f9;20260805120759383::19162ec4-f2d4-40b5-9b83-62d6d0d88520;
2026-08-05 12:08:42;KEN;Venta;5.0;64.8051;324.03;;;;410a62d6-e175-4849-b3d2-d1b70c9b8204;20260805120842567::db49c022-caf5-4f6e-b7ba-0507c481c1ab;
2026-08-05 12:08:47;KEN;Venta;1.0;64.6682;64.67;;;;9ad8f63f-b8c9-4f74-a124-c3f22fdda3ef;20260805120847888::8fda1bef-3f9d-45db-93a9-6e10f49d17bc;
2026-08-05 12:08:51;KEN;Venta;10.0;64.6678;646.68;;;;95fae658-0a65-4ac7-a449-f0217015ea23;20260805120851953::7d0cf8f9-d413-4ea7-9e14-0a79340fe30e;
2026-08-05 12:08:53;KEN;Venta;10.0;64.8051;648.05;;;;8e2a1607-f5c1-4e3b-b2e1-858d838b9184;20260805120853472::f61e8fc7-8b37-4bb6-ac23-81c21e04203b;
2026-08-05 12:09:07;KEN;Venta;9.0;64.67;582.03;;;;4431215f-3d44-48dc-9052-8b1b429ddede;20260805120907200::b63f9369-1525-4386-b695-6bb4719c06d5;
2026-08-05 12:09:07;KEN;Venta;1.0;64.67;64.67;;;;4431215f-3d44-48dc-9052-8b1b429ddede;20260805120907199::b5ae1641-62ce-4acc-ab95-4dbda1d101c4;ejecucion parcial
2026-08-05 12:09:18;KEN;Venta;7.0;64.67;452.69;;;;a1737b6a-743b-433c-b681-99cc97f67358;20260805120918232::645c0582-4f7d-4775-ba9c-975a7a51f997;
2026-08-05 12:09:19;KEN;Venta;7.0;64.67;452.69;;;;eacc8ff1-108a-4942-8a53-c140038498a6;20260805120919674::01ccef05-5120-461d-9b75-fbce8036c371;
2026-08-05 12:42:58;FOA;sell_short;40.0;22.75;910.0;;;;2aaa6194-9284-4ca9-ab89-9106420e4359;20260805124258944::80ad1807-b323-4a7f-8501-8362667a8cc3;
2026-08-05 12:44:21;FOA;Compra;20.0;23.0;460.0;;;;37dc6d82-c54b-42df-bee6-44c613da7e5c;20260805124421643::852b7dcf-733a-4a35-9a9a-fdea55aba57c;
2026-08-05 12:44:29;FOA;Compra;10.0;22.95;229.5;;;;53fe6d0e-d824-4d4d-8e31-87be56ced49e;20260805124429094::ebdccfe9-7aa3-4fa6-9d0e-4d62d3092e9b;
2026-08-05 12:44:34;FOA;Compra;10.0;22.95;229.5;;;;c242c0dd-d0c1-4542-a014-c7fe6de6a98e;20260805124434633::5d41c038-8071-4bc9-a42a-e1046d300b1d;
2026-08-05 13:52:08;SGP;Compra;40.0;23.59;943.6;;;;7a70593a-08e2-4f29-9921-5e0f3393d928;20260805135208331::2f58bd57-7773-4ac3-a143-80724a9973f8;
2026-08-05 13:52:55;SGP;Venta;10.0;23.62;236.2;;;;609b58ce-78da-4369-bc6b-2ac994f49e63;20260805135255418::3eb6e797-df20-4073-81d7-04241760ea1e;
2026-08-05 13:53:15;SGP;Venta;5.0;23.775;118.88;;;;5a515388-7f04-4c57-871b-2b2bb8c08852;20260805135315153::06005e3d-7758-4291-8a73-10bbc7e9fbc1;
2026-08-05 13:53:27;SGP;Venta;5.0;23.6085;118.04;;;;30d37df0-1c4c-463e-8460-d614f89f9cd4;20260805135327576::ab4fd34e-1247-43f8-b82f-87cac186d991;
2026-08-05 13:53:30;SGP;Venta;5.0;23.6994;118.5;;;;25b1e7be-ab25-47cf-9f2a-fbd60d50ec59;20260805135330244::0239914e-4c82-4c78-9314-92b98723831a;
2026-08-05 13:53:32;SGP;Venta;5.0;23.56;117.8;;;;3fb59cf2-c1ba-4908-b558-2a17328d9e23;20260805135332378::e86a1174-36b1-4c1e-8bc6-dac1cda53d11;
2026-08-05 13:53:33;SGP;Venta;5.0;23.6085;118.04;;;;9d483134-36b0-45ef-b567-61fcfa0e4b11;20260805135333996::914bf9e3-fe95-46fe-bbcc-146c3ccf4ddd;
2026-08-05 13:53:35;SGP;Venta;5.0;23.6085;118.04;;;;32f8bd48-f33c-479c-9681-ec14f846dee4;20260805135335261::fefbe8b5-d9d0-4549-b18b-3d86866eef65;
2026-08-05 13:55:50;ONIT;Compra;40.0;37.8;1512.0;;;;262ded69-8420-411a-b669-07b64197545b;20260805135550043::7e3cc16c-83de-48cb-9da6-82bd6c3e410b;
2026-08-05 13:56:37;ONIT;Venta;20.0;38.05;761.0;;;;715f1de6-968f-4413-9d8f-101dbb92f1f9;20260805135637492::24fd99d6-0795-4449-befe-9379ef6c5399;
2026-08-05 13:56:41;ONIT;Venta;20.0;38.05;761.0;;;;ffb395e5-9acd-443c-af9f-b78b7f8c4670;20260805135641971::f434d1ce-f460-4337-9965-6eb4b98d3ddc;
2026-08-05 13:59:56;HYHG;Compra;40.0;64.57;2582.8;;;;27ac6447-4eb6-49b3-a0a6-6e8ee1b20635;20260805135956258::ef2f025e-ad46-4eb9-89f0-0294b4f30979;
2026-08-05 14:01:11;HYHG;Venta;20.0;64.65;1293.0;;;;aa2ffd2b-4272-4d6c-bc36-d3bd3f007e6c;20260805140111464::22b936e6-b361-40a1-a190-f7859517e6a2;
2026-08-05 14:01:12;HYHG;Venta;20.0;64.7;1294.0;;;;4e894d2c-3f99-4434-9ed5-7b4a60677329;20260805140112861::63419158-8469-4ce9-b1cb-24664184d9d3;
2026-08-05 14:06:27;BWFG;Compra;40.0;67.05;2682.0;;;;64bac0b3-0cd8-4480-9f8a-796824a61a41;20260805140627048::30eddea6-b155-42fe-8f57-53e6ac6bf964;
2026-08-05 14:07:31;BWFG;Venta;10.0;67.08;670.8;;;;4cb4654a-29d7-4ba1-8fbd-3df5d3c22798;20260805140731506::294f0a69-131e-49d9-bfa5-a80e979365eb;
2026-08-05 14:07:36;BWFG;Venta;10.0;67.1;671.0;;;;75d62866-8dda-4d65-8a63-4529affe733b;20260805140736258::c28ea491-3d47-426a-854c-a0c65bb89c55;
2026-08-05 14:07:47;BWFG;Venta;10.0;67.11;671.1;;;;389870d0-78d4-4dcf-823a-8b3e9a686eca;20260805140747844::d3079d59-4561-4b66-a809-a76e4e373493;
2026-08-05 14:08:04;BWFG;Venta;10.0;67.07;670.7;;;;88801f4c-b1bd-434d-9bdb-7efd2024f19d;20260805140804564::996e7da7-3b8c-486d-bb25-cc4d55a823e0;
2026-08-05 14:44:36;ONIT;Compra;40.0;37.97;1518.8;;;;362ffece-cf57-496b-a12b-edefe79c4c14;20260805144436930::c2845a09-fe9d-4c6f-90eb-3638ee088178;
2026-08-05 14:45:07;ONIT;Venta;20.0;38.16;763.2;;;;fc64b805-f947-448b-a146-8de13fafda5f;20260805144507679::8a663025-7511-4888-a9b4-a97a49d90557;
2026-08-05 14:45:14;ONIT;Venta;20.0;38.18;763.6;;;;f99072c2-655b-4fa7-a0d8-f021eef0f144;20260805144514764::f5102244-f56d-4634-a09b-ac572190ab0b;
2026-08-05 15:22:50;UBR;Compra;50.0;31.98;1599.0;;;;1e1e2777-7f23-43c6-a98c-ba41d752c6ac;20260805152250134::a43569ac-3c1f-4932-a0c9-d3257a080ba6;
2026-08-05 15:24:01;UBR;Venta;10.0;32.06;320.6;;;;a8297645-0ab8-421e-af52-20f505dc5cf3;20260805152401663::8c6ca237-44af-4018-9cb2-a8bf249173af;
2026-08-05 15:24:10;UBR;Venta;25.0;32.04;801.0;;;;33c4c5d6-aaa5-4b7f-a475-b538e355e2d6;20260805152410370::8d66db1b-ebf3-4a5b-86ae-2f3245485b9e;
2026-08-05 15:24:18;UBR;Venta;12.0;32.04;384.48;;;;675bcf77-7b7b-4352-bfd2-398b2956327d;20260805152418122::fdc5852c-9d44-44c1-9343-44c5c94f71ae;ejecucion parcial
2026-08-05 15:24:34;UBR;Venta;3.0;31.94;95.82;;;;a1e87d4c-b577-4e64-9c47-d0481dc80158;20260805152434819::c181d119-5bfe-48eb-89c0-075ffb7e65fa;
2026-08-05 15:27:54;PRK;Compra;50.0;208.24;10412.0;;;;6c3cc000-9b5e-41b1-a84f-5ab613a769a3;20260805152754789::98cf922f-4dc3-47f7-9c68-98cbc0dff0db;
2026-08-05 15:28:31;PRK;Venta;10.0;208.36;2083.6;;;;fb8a49fc-b5ea-4708-97a6-74270b65bc1c;20260805152831480::dbc537f6-80da-4189-ae00-a13fb535e2ec;
2026-08-05 15:28:52;PRK;Venta;10.0;208.34;2083.4;;;;8b5a53ca-1d87-4128-928c-935670912c8b;20260805152852074::65da731f-8f01-4083-9af2-0bdf5f11fea5;
2026-08-05 15:29:00;PRK;Venta;10.0;208.35;2083.5;;;;7449777c-4b5e-4a7e-936d-1fae2b004181;20260805152900688::16cbafc6-7f37-43f0-9e47-480984601f6f;
2026-08-05 15:29:09;PRK;Venta;10.0;208.29;2082.9;;;;609d73e5-e7fe-4e42-a14b-7e1aa7157b6f;20260805152909844::552d3d8c-4b55-49fe-ad47-2751045c79c5;
2026-08-05 15:29:11;PRK;Venta;10.0;208.29;2082.9;;;;38381778-be3c-4bb6-a0ad-05338736e8d8;20260805152911363::9a821245-6031-4e17-9659-6c25ff4cde53;
2026-08-05 15:32:07;MBSX;Compra;50.0;26.93;1346.5;;;;61f1c7cf-4ac0-4940-9101-5fe71d21c174;20260805153207028::b4a927d0-3c70-4f95-8a85-bc602baac538;
2026-08-05 15:34:56;MBSX;Venta;4.0;26.56;106.24;;;;a60f3ccb-ab60-41bc-8bdf-a7b8c668ec50;20260805153456946::9a16342c-2a66-4bf4-8060-8ba2edc87329;
2026-08-05 15:35:00;MBSX;Venta;4.0;26.63;106.52;;;;1a93d059-96fb-42b8-9e6a-9b1c79bbcdbb;20260805153500082::c1dac30a-3685-4da9-8ff6-a11092d53986;
2026-08-05 15:35:03;MBSX;Venta;4.0;26.56;106.24;;;;410a65ff-4fc7-4c96-bb55-ed0e732fefc5;20260805153503995::63d14ebe-a585-49ef-9236-34d8e55206cc;
2026-08-05 15:35:08;MBSX;Venta;4.0;26.55;106.2;;;;9407e91a-d976-4e77-a520-0508296422e7;20260805153508273::4b2dc7f3-8f03-4826-89f7-e724f7d26941;
2026-08-05 15:35:49;MBSX;Venta;5.0;26.6;133.0;;;;e8111aeb-a7c2-47aa-8e0c-9ab8271727f5;20260805153549055::4c0d4bb9-7ada-47c3-a79c-294a438fadea;
2026-08-05 15:35:55;MBSX;Venta;10.0;26.56;265.6;;;;90945be8-f43b-438d-b5bc-16ff7b573b4d;20260805153555710::33cac6d8-732a-4f96-9af2-77ffb1418643;
2026-08-05 15:36:02;MBSX;Venta;10.0;26.6;266.0;;;;32aaa0ff-c8fd-4d08-acfa-684819004ba2;20260805153602967::11b11384-ccc3-45f9-b2a3-c14ec8e3ef31;
2026-08-05 15:36:10;MBSX;Venta;9.0;26.7;240.3;;;;d834f5ad-162b-4738-b116-eb3b8e9badf9;20260805153610023::b0d8c7c6-3bb9-4b1c-9f3c-1678e40b4b63;
2026-08-05 15:37:29;HYHG;Compra;50.0;64.58;3229.0;;;;22a63cef-0952-4103-9b3c-49e29ffd2bd2;20260805153729825::6bd5854f-fece-4995-84b7-0d838ad178a8;
2026-08-05 15:38:01;HYHG;Venta;25.0;64.65;1616.25;;;;113a9da3-182b-40c0-9e78-9bf57caa63f2;20260805153801616::f4d8eac8-9acc-4a58-8169-340797a1503a;
2026-08-05 15:38:05;HYHG;Venta;10.0;64.7;647.0;;;;eea059ef-0f2a-4406-9734-8b20c1a29629;20260805153805690::55a8cb33-41f2-4420-83ef-a7b15d09a6a1;
2026-08-05 15:38:11;HYHG;Venta;7.0;64.75;453.25;;;;6cf0e217-4c2f-4203-9494-83313ab77426;20260805153811539::9e3ecfbf-3dde-4115-beb0-9882435223f5;
2026-08-05 15:38:21;HYHG;Venta;8.0;64.7;517.6;;;;242431b2-301b-4fe9-857e-e310790f55e3;20260805153821601::e27c4e84-47ec-4203-8c60-0065f269c5b2;
2026-08-05 15:41:12;CUVL;Compra;34.0;6.49;220.66;;;;ed8e2d5e-7d08-421b-bb68-895ca1e1e6e7;20260805154112334::693fa756-b5ea-45c4-b2b5-d51ff127bc39;ejecucion parcial
2026-08-05 15:41:32;CUVL;Venta;16.0;6.52;104.32;;;;1ad3c3e8-1be1-459d-a4e4-af840524ccc0;20260805154132717::54bf761d-bb3a-4a79-93a2-f2051225c080;
2026-08-05 15:41:54;CUVL;Venta;4.0;6.5083;26.03;;;;7e43cc1a-1886-49f5-9be2-0bbe5a3d5927;20260805154154885::27ed8a03-3c0a-4a7e-a78d-60179463adb4;
2026-08-05 15:42:03;CUVL;Venta;4.0;6.5;26.0;;;;8ac2594e-5c46-40be-97f3-5958b407405a;20260805154203329::5ebfa40b-987c-431f-a388-508fd98afcbc;
2026-08-05 15:42:04;CUVL;Venta;3.0;6.5;19.5;;;;4f889b37-9a6c-4d05-948f-dece0a1ce431;20260805154204977::b5730def-a2a9-4cb7-86d0-fded212098dc;ejecucion parcial
2026-08-05 15:42:16;CUVL;Venta;3.0;6.675;20.02;;;;97b38fae-f0f6-4340-be0f-1969f7ba8189;20260805154216326::7093f2d0-666f-41d4-9447-401b105c4ead;
2026-08-05 15:42:17;CUVL;Venta;3.0;6.5084;19.53;;;;b5c4bbdc-c2dd-41bc-a7e9-69450c4711e5;20260805154217964::e758dd3c-be37-4570-bdac-7c393c4dfe44;
2026-08-05 15:42:23;CUVL;Venta;1.0;6.45;6.45;;;;fb517f2b-8833-4028-815f-f8a10aa5a5ec;20260805154223369::4659819e-9eb1-449e-b599-bc820cb04fe1;
2026-08-05 15:43:49;BSVN;Compra;50.0;50.37;2518.5;;;;af58da48-3e9e-4401-a786-55bc212728c2;20260805154349495::c811e9ba-f396-4d1b-bc21-edf54b467132;
2026-08-05 15:45:22;BSVN;Venta;10.0;50.44;504.4;;;;26c7b48e-6480-4460-be04-acfdc549ea4f;20260805154522632::ea2e541a-71d3-4319-b044-244791c8893b;
2026-08-05 15:45:50;BSVN;Venta;4.0;50.25;201.0;;;;55b25135-1261-44ba-90f4-282dfe0c9a54;20260805154550148::efa62b45-a02a-4e89-b84b-1340b731ae99;
2026-08-05 15:45:50;BSVN;Venta;5.0;50.25;251.25;;;;55b25135-1261-44ba-90f4-282dfe0c9a54;20260805154550148::b9960a55-df31-4648-b543-1298d0186ec1;ejecucion parcial
2026-08-05 15:45:50;BSVN;Venta;1.0;50.27;50.27;;;;55b25135-1261-44ba-90f4-282dfe0c9a54;20260805154550147::c374aa79-9ae3-4d47-9e5a-ef96639985ed;ejecucion parcial
2026-08-05 15:46:01;BSVN;Venta;10.0;50.35;503.5;;;;f5e7da71-9334-41d0-af8f-31a2353881ea;20260805154601428::16685b76-9d04-4f4e-b5f7-929414fae3aa;
2026-08-05 15:46:03;BSVN;Venta;10.0;50.35;503.5;;;;9f62842a-a1c7-4564-be7b-c26181210b88;20260805154603040::b2385740-8ea2-43ee-970c-557c6a6b803a;
2026-08-05 15:46:05;BSVN;Venta;1.0;50.26;50.26;;;;e2169fe9-8e18-4c14-bfb7-6f8351b908a3;20260805154605662::58c7ea9d-5431-470e-9fda-ad2f231c07c1;ejecucion parcial
2026-08-05 15:46:05;BSVN;Venta;9.0;50.25;452.25;;;;e2169fe9-8e18-4c14-bfb7-6f8351b908a3;20260805154605662::577d70df-ea59-465b-98ef-5ab74926560b;
2026-08-05 15:46:31;AZZ;Compra;50.0;153.16;7658.0;;;;12f2eab8-33d7-4bbe-a256-8c2d5518de63;20260805154631402::3ed65e13-d866-4a04-9223-ff5bca7e34fb;
2026-08-05 15:47:04;AZZ;Venta;2.0;153.16;306.32;;;;8f2b0bed-9d70-47df-acfb-492afe7a10f0;20260805154704949::6d1e33f5-4118-45c2-9e1d-d5590b1c71c3;ejecucion parcial
2026-08-05 15:47:10;AZZ;Venta;25.0;153.14;3828.5;;;;4efa1a36-a13a-4dbf-9306-d4e23bd5e131;20260805154710051::8ef3a06c-62dd-492f-a013-d00d954128fa;
2026-08-05 15:47:18;AZZ;Venta;23.0;153.16;3522.68;;;;6635a757-c6fd-40a7-8abe-a93bbd5acde2;20260805154718328::9720af94-a83d-4e57-8f34-f9782213f31d;
2026-08-06 10:01:25;TECX;Compra;40.0;30.01;1200.4;;;;ec7da503-b4c2-482a-8d12-d25f54f1ddee;20260806100125971::540e4315-9a8c-4291-b44a-4d43adbbaa0e;
2026-08-06 10:03:14;TECX;Venta;20.0;30.15;603.0;;;;67575389-0810-4bf4-b477-ceee3db820bd;20260806100314710::474f4d16-a944-4cfe-b12a-48743720ce12;
2026-08-06 10:03:39;TECX;Venta;20.0;30.12;602.4;;;;b8e038e7-f7e1-465d-bf21-28fc81f3597f;20260806100339880::3456104e-5325-4d34-8184-6c639663de22;
2026-08-06 10:06:29;RUSHB;Compra;40.0;80.2;3208.0;;;;fea6f9a0-e922-491a-b36f-52f78c2b4dfe;20260806100629656::c973e02a-bebf-4652-b2cb-48ddb480c82e;
2026-08-06 10:07:14;RUSHB;Venta;10.0;80.05;800.5;;;;8ef62dc6-a781-4d20-bc9b-1fbe250719dd;20260806100714974::33572675-9fac-414f-a0fa-5495cf94016d;
2026-08-06 10:07:43;RUSHB;Venta;5.0;80.0277;400.14;;;;9c9c8388-d175-48ee-95d0-0b4633b221d1;20260806100743046::f0fa8c49-7578-4e72-90d8-d9a5210c2fc9;
2026-08-06 10:07:48;RUSHB;Venta;5.0;80.06;400.3;;;;d41739a3-b4bd-43bc-bd0a-f316b53dc8c3;20260806100748299::26f06c9e-7063-4814-818a-a3146fe99527;
2026-08-06 10:07:50;RUSHB;Venta;5.0;80.08;400.4;;;;1e600f7a-efaf-4e76-b53d-2933d8ee4d9f;20260806100750041::841f774c-29d0-4761-a50d-186c25ac16b1;
2026-08-06 10:07:52;RUSHB;Venta;5.0;80.0279;400.14;;;;488d8b97-321e-48e4-8911-a18a965db646;20260806100752006::5765d0b1-51da-4d1a-b230-4c20c939057d;
2026-08-06 10:07:56;RUSHB;Venta;5.0;80.16;400.8;;;;a855c822-7e77-4c00-a962-f2974c045e9c;20260806100756180::eb6487e1-be01-4baf-bfba-12a57be82ee4;
2026-08-06 10:08:03;RUSHB;Venta;5.0;80.12;400.6;;;;d93e42ff-adb8-49c7-8063-069f4e7c4a34;20260806100803431::84648c88-4f98-42a9-8ec0-7361fab97c85;
2026-08-06 10:10:53;NWPX;Compra;40.0;125.25;5010.0;;;;3e1641b1-0d90-431f-a29e-4f173c99f781;20260806101053133::64e934a0-b85e-4175-bb40-70ca3becfe42;
2026-08-06 10:11:00;NWPX;Venta;5.0;125.32;626.6;;;;4c4202e2-ff67-4eb5-9d74-75d870647087;20260806101100928::480017c6-cc3b-4e47-9510-595ed13ccedd;
2026-08-06 10:11:02;NWPX;Venta;5.0;125.36;626.8;;;;575114cb-08cc-44f9-b9e8-24b287cd0580;20260806101102578::6a99d370-d252-40fe-9929-e46210ed1a80;
2026-08-06 10:11:07;NWPX;Venta;10.0;125.4;1254.0;;;;aa9bc956-59e8-47d4-948b-cb2df7135459;20260806101107515::71dd95b1-ab0a-45e4-9902-5007b708a335;
2026-08-06 10:11:10;NWPX;Venta;10.0;125.32;1253.2;;;;6c115471-3626-4a04-83fe-b38c8f31c5b8;20260806101110372::e75452db-8e02-45c2-957e-01fb4a31441b;
2026-08-06 10:11:12;NWPX;Venta;10.0;125.34;1253.4;;;;65d4ccee-4c26-4391-8ef7-0a102beb818a;20260806101112030::1d74cf7a-e279-4b52-b3c6-53107a34b477;
2026-08-06 10:11:31;NSYS;Compra;40.0;14.11;564.4;;;;77cc231c-29e5-4bf1-a866-70891a5898ba;20260806101131120::7a1681d3-67ca-4ae9-80c6-985263e029d8;
2026-08-06 10:12:03;NSYS;Venta;3.0;14.22;42.66;;;;af290861-5fb3-4fcb-981b-d70b6dd6de9b;20260806101203473::d28179d4-6b89-4986-9a95-376d09fb3186;
2026-08-06 10:12:05;NSYS;Venta;3.0;14.24;42.72;;;;7daaad7e-8ccc-4caa-b684-3f868f052f5d;20260806101205364::dcc924e9-9406-4148-aea4-38a40c836fb2;
2026-08-06 10:12:07;NSYS;Venta;10.0;14.24;142.4;;;;d96e6e9d-e10c-4f5f-8b60-c7bd8c8fa109;20260806101207881::1d78790b-84e1-4a8d-931d-96201bf9f4fd;
2026-08-06 10:12:09;NSYS;Venta;10.0;14.28;142.8;;;;423c0328-655c-49a6-a240-88a62034fb46;20260806101209655::c70bcd25-da39-4628-b669-44fa9fe4715e;
2026-08-06 10:12:26;NSYS;Venta;3.0;14.64;43.92;;;;b0bd4900-01f1-4b28-8ea4-a8314ed21901;20260806101226381::ae862720-2db4-440c-ae15-5887be0d9901;
2026-08-06 10:12:30;NSYS;Venta;1.0;14.192;14.19;;;;6577979a-283b-45f4-8555-be4adc011983;20260806101230091::ae5dc6e5-387b-4df1-898f-233a0fed0f58;
2026-08-06 10:12:34;NSYS;Venta;3.0;14.1915;42.57;;;;1df7c6e1-c9c5-406c-8e81-a68fce943e7f;20260806101234092::f5553734-4949-43d5-b85f-77de5c938d9e;
2026-08-06 10:12:35;NSYS;Venta;3.0;14.1915;42.57;;;;3fa31816-7ba7-4b78-94bc-6396efe1c909;20260806101235426::b73b298e-78de-4d29-a951-8715df0de9ec;
2026-08-06 10:12:40;NSYS;Venta;4.0;14.1911;56.76;;;;1dd8acb1-9b91-48e9-ac2a-643dc2dcb2e6;20260806101240299::c561bdb8-5dbc-4f38-b19f-69f5af24a9c3;
2026-08-06 10:12:48;NIKI;Compra;40.0;9.44;377.6;;;;457c3698-9752-48a2-99bd-7c52a4fa0fec;20260806101248751::f4189b85-955d-481b-a568-5a6b32d2c6b5;
2026-08-06 10:13:09;NIKI;Venta;4.0;9.4;37.6;;;;159ba28f-928e-450c-b6af-40cc60582cb8;20260806101309886::65c52873-fe09-4230-b320-46af2808b744;
2026-08-06 10:13:19;NIKI;Venta;10.0;9.4637;94.64;;;;254eb3e8-7ee3-4c2f-896d-669e4fcdc689;20260806101319393::75897323-0645-4f64-8752-e514ff9ec46e;
2026-08-06 10:13:25;NIKI;Venta;3.0;9.4;28.2;;;;f2ce51c8-0cde-47c3-bd95-09a9b4eef3c0;20260806101325789::6c033aaf-645b-4d7b-8e3c-a723cbb5cfad;
2026-08-06 10:13:28;NIKI;Venta;10.0;9.6071;96.07;;;;1ad666ae-e5e9-4efc-8354-5244bccb7c0f;20260806101328037::7619ba4a-bee4-42d9-a06d-5845a46afc8e;
2026-08-06 10:13:33;NIKI;Venta;3.0;9.464;28.39;;;;4b97997f-843a-41a6-9c52-e687cb0519cc;20260806101333357::7cb4acdb-20d7-4359-8e81-e3fc15880f72;
2026-08-06 10:13:36;NIKI;Venta;3.0;9.3902;28.17;;;;35ce1789-18bd-4951-a6ac-5d9b2b0aa643;20260806101336012::fb66b6cb-acd8-4176-820d-d0c4449aa07b;
2026-08-06 10:13:41;NIKI;Venta;7.0;9.4638;66.25;;;;d6a2ee20-c874-4242-94af-d0c2b3a02753;20260806101341963::9d812372-4b22-4565-9e09-2f2bd42e3762;
2026-08-06 10:20:55;CUE;Compra;40.0;26.83;1073.2;;;;f4f07dfa-e4c1-4fb4-84fe-03cc1bbca886;20260806102055543::1b0e642e-8f4d-41c8-9a55-7bd613553f2d;
2026-08-06 10:21:37;CUE;Venta;20.0;27.08;541.6;;;;a801f2d5-2b7d-4783-a507-294b3f1e2acc;20260806102137321::fcb3cd15-d01c-405e-8842-233040c42938;
2026-08-06 10:21:44;CUE;Venta;10.0;27.14;271.4;;;;ec36cea0-379b-4b20-a244-d57a12f01533;20260806102144706::bfca7973-af47-4c32-ba0e-fe933f49e305;
2026-08-06 10:21:46;CUE;Venta;10.0;27.16;271.6;;;;b7188528-41d3-4f13-bee3-54c214699608;20260806102146862::be21ac9b-d1ec-4a62-b03e-d43c56007a3b;
2026-08-06 10:22:34;CHRN;Compra;40.0;23.06;922.4;;;;eed0d6a5-cb55-45f3-8c40-0098e1561986;20260806102234013::3a38fd87-b694-4ab5-92da-2454ffa7887d;
2026-08-06 10:22:53;CHRN;Venta;3.0;23.12;69.36;;;;8300722c-2bfa-4a9c-a336-d91d66628b7d;20260806102253661::90e42dcb-64ec-44fa-98de-50900b6b4637;
2026-08-06 10:22:56;CHRN;Venta;20.0;23.14;462.8;;;;e8e1b0c8-17f9-483e-9087-de15680edd3d;20260806102256306::a7fa5565-7a5e-48af-833e-eba87a69d0ce;
2026-08-06 10:23:14;CHRN;Venta;7.0;23.12;161.84;;;;45282152-ba35-44ad-9d32-199b2a248122;20260806102314624::e88742c6-30eb-4f27-8cdb-c9836433f1a4;
2026-08-06 10:23:37;CHRN;Venta;5.0;23.08;115.4;;;;2531cdac-edcb-4aa0-a7ae-d5e841951de1;20260806102337680::e7bee683-594f-4dc3-a754-25819c8f1e42;
2026-08-06 10:23:53;CHRN;Venta;2.0;23.08;46.16;;;;7eabd56b-61f6-4368-8499-d952d7cb2560;20260806102353776::a6eb24ea-4586-4eee-94ab-da14c9ae6d85;
2026-08-06 10:23:56;CHRN;Venta;1.0;23.095;23.09;;;;d6129f53-cd84-4dc8-94d5-76d655f55e0e;20260806102356293::5e533b64-fd06-4b4e-b264-76a5f4b26f61;
2026-08-06 10:23:56;CHRN;Venta;1.0;23.095;23.09;;;;d6129f53-cd84-4dc8-94d5-76d655f55e0e;20260806102356285::f79ab774-ec54-4fd2-b687-605e0a3054ff;ejecucion parcial
2026-08-06 10:24:00;CHRN;Venta;1.0;23.1;23.1;;;;e111ff1f-ac7b-447b-aa8d-85bd5a0e3abe;20260806102400155::9b32032d-bb54-4ab4-87ba-b86c4ac39b6e;
2026-08-06 10:26:03;ARKW;Compra;40.0;144.35;5774.0;;;;57d0ca2c-5755-47c8-9973-96497ccb299a;20260806102603450::5e4b6f12-561d-4518-b906-e20003a956bc;
2026-08-06 10:26:23;ARKW;Venta;10.0;144.44;1444.4;;;;f1633476-aa4a-457d-8a9b-62b164da744f;20260806102623475::920fde14-c7a8-49f7-946f-e8ef08897f13;
2026-08-06 10:26:34;ARKW;Venta;10.0;144.32;1443.2;;;;8a6a8668-67e8-42f7-9bc0-802c48ac9b43;20260806102634258::522bb5df-80e0-4958-ba19-633f602f8fdd;
2026-08-06 10:26:36;ARKW;Venta;10.0;144.3201;1443.2;;;;41324b38-e0a1-4d25-829f-580f32e8e038;20260806102636548::953ef478-cbdb-457f-9c21-f1b7771020fa;
2026-08-06 10:26:40;ARKW;Venta;10.0;144.31;1443.1;;;;8a6a6fb7-0c71-4623-ad09-cb4bd8b676ac;20260806102640393::358403be-fa1f-4f61-b7f7-de580e255903;
2026-08-06 10:41:48;YSWY;Compra;30.0;21.52;645.6;;;;3552c026-4f07-4ff2-aa39-66afe546d99d;20260806104148338::61dae436-8f72-429d-b565-7a1597ce0ff7;
2026-08-06 10:41:49;YSWY;Venta;30.0;21.68;650.4;;;;f0204d58-8c83-432a-a27c-e761752a313a;20260806104149114::f14f4a20-107b-458b-9077-2b0507985aa0;
2026-08-06 10:42:29;VLGEA;Compra;30.0;42.82;1284.6;;;;2314ed47-73f1-4d6b-96b2-6b47ad7da2fb;20260806104229794::d1b9b37f-b7ba-4c30-9570-0f2338010ec9;
2026-08-06 10:42:34;VLGEA;Venta;30.0;42.79;1283.7;;;;c26dc4b7-112f-4b41-af18-5e07a5d3965c;20260806104234994::33cfe55b-a08f-42fe-badb-6ad0201a2d94;
2026-08-06 10:54:47;COFS;Compra;30.0;34.32;1029.6;;;;3f50a413-1d24-4585-ac9e-b84a7b507f44;20260806105447642::63759d1d-f638-47ca-8ebf-2234d00b081e;
2026-08-06 10:55:10;COFS;Venta;5.0;34.34;171.7;;;;52aaa923-e1b5-4cb9-993b-ee6090ccc000;20260806105510111::57492e7f-405a-4aa4-b8e8-3c6d5ba1a2fb;
2026-08-06 10:55:11;COFS;Venta;5.0;34.34;171.7;;;;689c9f9f-667f-4def-bc57-662b89b319ff;20260806105511290::e72d17b4-0969-4f7f-aff0-e7f7c1388cdc;
2026-08-06 10:55:12;COFS;Venta;5.0;34.36;171.8;;;;609df510-6b93-4ea0-8467-3cad53654c8d;20260806105512808::247934c5-ad02-4314-a37a-15ab984c0e09;
2026-08-06 10:55:13;COFS;Venta;5.0;34.36;171.8;;;;5d7dde4d-42c5-47e2-a782-ccbd01a244c1;20260806105513610::3f6ecc47-6662-4aea-8f07-b7a44e0c3a73;
2026-08-06 10:55:46;COFS;Venta;3.0;34.3681;103.1;;;;6a792314-5c01-4a39-b3c8-8c82784cdf7c;20260806105546313::b0de68e1-82a5-4a6d-8be0-2737a7ee7aae;
2026-08-06 10:55:48;COFS;Venta;3.0;34.3187;102.96;;;;51e806ff-da51-4038-8f3b-047cf7b92a3c;20260806105548140::3a4ae885-90bb-46ec-80ad-de9f1b40b101;
2026-08-06 10:55:52;COFS;Venta;4.0;34.3681;137.47;;;;76387ef8-93bf-4f15-943f-b5d03843c879;20260806105552785::4131e2fa-7565-4a60-a699-21e1ac6b6bc5;
2026-08-06 11:07:07;THG;Compra;19.0;229.45;4359.55;;;;36a7e74a-13b0-4f33-93df-a55f20385ebe;20260806110707946::380b776b-68f3-4dfb-a914-fdf05853c991;
2026-08-06 11:07:45;THG;Venta;5.0;229.54;1147.7;;;;31aace14-a7fc-435d-b395-00b6d25e7e79;20260806110745404::9d3af891-db49-4d9a-88d5-132a9572cc8d;
2026-08-06 11:07:48;THG;Venta;5.0;229.55;1147.75;;;;ee269be7-e79d-44b0-9901-b6f20933a388;20260806110748632::5ebcb663-2112-4eeb-b8eb-d4b1f789b122;
2026-08-06 11:08:03;THG;Venta;4.0;229.52;918.08;;;;2418961a-2b38-4229-bc61-2740d5a72950;20260806110803075::d977ac30-d147-4704-8a28-8746b69cb984;
2026-08-06 11:08:08;THG;Venta;5.0;229.54;1147.7;;;;c4e4de79-3138-4490-b476-09accc808e6a;20260806110808628::df973d2c-d1d0-420b-a336-da6f69aa6969;
2026-08-06 11:08:19;TECX;Compra;19.0;29.91;568.29;;;;3ff48026-d919-4faa-ac47-e8c41b69843c;20260806110819353::c788a04c-d493-4f6f-b9a7-cff1c449adf7;
2026-08-06 11:08:51;TECX;Venta;9.0;30.01;270.09;;;;32452558-f690-462d-ba3d-81373fed7d4e;20260806110851015::26736e0f-6a3c-426e-af30-1aa150cead00;
2026-08-06 11:08:56;TECX;Venta;5.0;30.03;150.15;;;;8cf64ac5-e189-435f-861d-bf79e94b4b6c;20260806110856228::f7d8c46d-65f5-44ec-9c45-6d345f57cf17;
2026-08-06 11:09:03;TECX;Venta;5.0;30.05;150.25;;;;b099bb6e-bb3b-4d05-8aa3-7cb5e1255402;20260806110903252::41b6ee39-9038-4d8d-b7d1-b4b2ca0b0fa4;
2026-08-06 11:09:07;TCI;Compra;19.0;41.4;786.6;;;;90fe441f-5269-4fbd-913e-8cc731345ba8;20260806110907053::f875824e-07ec-44da-8e72-9d170b997014;
2026-08-06 11:09:36;TCI;Venta;5.0;41.66;208.3;;;;81fcf1cc-3284-4874-8189-8fd51e082d32;20260806110936904::a72efab8-69d1-4a15-a884-848fc5a2f072;
2026-08-06 11:09:36;TCI;Venta;4.0;41.66;166.64;;;;81fcf1cc-3284-4874-8189-8fd51e082d32;20260806110936903::59bbec22-8fc4-4a12-8658-51db0c77d493;ejecucion parcial
2026-08-06 11:09:42;TCI;Venta;5.0;41.66;208.3;;;;2662105c-961a-4823-becf-09a93ace51b2;20260806110942692::a30ad5df-c1c3-44fd-ab60-28fee584e077;
2026-08-06 11:09:45;TCI;Venta;5.0;41.59;207.95;;;;122eaa9b-d0b5-47a0-84f7-9020e1c283e3;20260806110945020::0898634f-0034-49d9-b024-3a2a890687c1;
2026-08-06 11:27:22;MCB;Compra;19.0;93.45;1775.55;;;;a8b737c3-1838-4362-b396-cbf69b83032e;20260806112722066::7ee2897d-6728-4184-8b16-910a674f7c35;
2026-08-06 11:27:51;MCB;Venta;2.0;93.56;187.12;;;;2fbf59e1-ee9a-42e6-a82c-be51977ccd70;20260806112751781::12769a7f-02f2-4f2a-8420-c94fca0ad70e;ejecucion parcial
2026-08-06 11:28:16;MCB;Venta;7.0;93.4696;654.29;;;;c325f127-7467-467c-811e-23bbc911eb0c;20260806112816983::db2f0646-a852-4f2e-879c-f9c35b290739;
2026-08-06 11:28:25;MCB;Venta;3.0;93.64;280.92;;;;562f23b9-e587-48d0-a322-a7b66db9a562;20260806112825038::a9dfd571-1ff6-4cda-a5db-d5b514d96d82;
2026-08-06 11:28:31;MCB;Venta;1.0;93.42;93.42;;;;81f95789-866d-45f3-8ef0-bbe52cd9e3ff;20260806112831423::c22b538a-0465-4893-96c9-8b4dff1baa34;
2026-08-06 11:28:32;MCB;Venta;1.0;93.5728;93.57;;;;511f43f1-d1c3-495b-a417-b46ca060b694;20260806112832837::903d3281-8b56-401c-9a90-2617edb27217;
2026-08-06 11:28:35;MCB;Venta;1.0;93.5728;93.57;;;;c83902a6-95fc-41cb-8c42-dfaeed3a03b4;20260806112835351::658ed878-68a8-4e3a-8c2b-84f471a05e64;
2026-08-06 11:28:37;MCB;Venta;1.0;93.5728;93.57;;;;b3edb313-3481-46e7-84dc-c393e7ecf288;20260806112837404::500da285-2260-4252-8c29-95cf72b0caaf;
2026-08-06 11:28:42;MCB;Venta;3.0;93.4697;280.41;;;;42386b8a-85df-48ea-8929-fe35e1435ab2;20260806112842532::1c81b87d-5702-488b-abfb-cbaa1e611bf7;
2026-08-06 11:31:56;FOA;Compra;19.0;22.14;420.66;;;;58cf7e99-3276-4f1e-81a1-f2c35cf38867;20260806113156047::d7491404-0f7b-4e37-b48f-3d18c0f63a87;
2026-08-06 11:32:13;FOA;Compra;10.0;22.1;221.0;;;;bebc77ae-2710-4a0d-b8f6-f414ed3d2be4;20260806113213712::51c317ae-1fc4-4a04-b8a0-fbd1b1c3b949;
2026-08-06 11:32:18;FOA;Compra;5.0;22.06;110.3;;;;6996f434-f35e-4c6b-a2af-39f61c10af6e;20260806113218228::0ffe18e0-e58b-457c-bd8c-4df7ddefd069;
2026-08-06 11:32:20;FOA;Compra;5.0;22.06;110.3;;;;b4fc7b9d-023c-46ab-bcf6-e8bcc77bfa56;20260806113220503::658e40be-95df-4091-a403-e0586e9ade81;
2026-08-06 11:32:25;FOA;Compra;1.0;22.02;22.02;;;;da362f53-b263-4321-9ef4-99f7714cbf65;20260806113225601::7b68bfb9-71f5-4453-866d-b7250b3019e1;ejecucion parcial
2026-08-06 11:32:58;FOA;Venta;3.0;22.16;66.48;;;;a7b4227b-cb8b-43c4-89a7-e724ca4a1736;20260806113258876::ca0da668-c52c-414d-a5d4-f3a7c5a8dda6;
2026-08-06 11:33:00;FOA;Venta;3.0;22.16;66.48;;;;46a24e4b-08b8-464a-8e7f-56f31e52a020;20260806113300808::8f54a852-e0f7-4b47-9d62-0c1cf5ba86d2;
2026-08-06 11:33:06;FOA;Venta;10.0;22.14;221.4;;;;d331cf7c-87c9-40ab-9dc1-3e72b0bd2256;20260806113306838::f1023aae-61ff-4126-9182-283e37a9f3c2;
2026-08-06 11:33:09;FOA;Venta;10.0;22.16;221.6;;;;a1535859-3547-4d8f-8427-a1714dedd4cd;20260806113309564::efbe1a21-e862-4244-aadc-7ce36b26c81c;
2026-08-06 11:33:33;FOA;Venta;3.0;22.0664;66.2;;;;71cade7e-1c3e-4035-8f60-7b5df73f7f82;20260806113333211::6c47db2d-836f-4cbf-ba3a-5c2f96185439;
2026-08-06 11:33:36;FOA;Venta;3.0;22.255;66.77;;;;34f154e9-5455-4976-9aee-8ecdfbc38042;20260806113336880::0e525073-7010-40f1-97a3-954482f086b9;
2026-08-06 11:33:43;FOA;Venta;1.0;22.01;22.01;;;;784b4339-3c30-4b71-924a-7faeec368682;20260806113343832::c50d19f2-263e-4981-bbf9-df3153cb3d78;
2026-08-06 11:33:46;FOA;Venta;1.0;22.01;22.01;;;;dc1abbf2-e4ba-4902-b1fb-7ccb5d0afc13;20260806113346039::53256c69-350c-4deb-adb2-df15033d778c;
2026-08-06 11:33:49;FOA;Venta;2.0;22.0665;44.13;;;;2870ef44-646c-493e-856f-9f5eba1618e4;20260806113349659::aa00cb08-6550-4757-8003-0379f779ead9;
2026-08-06 11:33:51;FOA;Venta;2.0;22.0665;44.13;;;;78131b43-6da3-4e06-b6a6-08b1b2ec7078;20260806113351758::1e6a6e67-19ae-469c-a32e-16ad16210090;
2026-08-06 11:33:53;FOA;Venta;2.0;22.0665;44.13;;;;cecdb0ae-7e6d-4bcc-b123-c5d8e144c0d2;20260806113353897::24e44667-e9ed-4e49-8909-c0c97d96fc2a;
2026-08-06 11:36:27;CEE;Compra;19.0;20.99;398.81;;;;ee8231bb-68bc-416b-a822-fd5476d8dc43;20260806113627708::7ae1419b-3637-4933-8f80-33d46d93d8ce;
2026-08-06 11:37:42;CEE;Venta;5.0;20.91;104.55;;;;aba4754e-f7f3-48b8-827c-cdfbaafb97d1;20260806113742110::33bdcdf9-9565-4af2-9f36-8e5d77bb53c0;
2026-08-06 11:37:48;CEE;Venta;2.0;20.91;41.82;;;;cb827fa3-e1bf-4c5e-bc76-d11cd7e40c04;20260806113748751::398dba5c-138a-4ce1-b9be-02eeb1fdc058;
2026-08-06 11:37:52;CEE;Venta;10.0;20.98;209.8;;;;d8260694-4b5d-48de-b881-a9c4ab0ab33e;20260806113752767::307c4c2a-a7e7-469b-b8b6-0429b83c0810;
2026-08-06 11:38:01;CEE;Venta;2.0;21.0;42.0;;;;71f45387-e384-489b-a51a-b138f3d033a4;20260806113801620::4157a1fa-cfc8-48b4-bd8e-66ed71665fc2;
2026-08-06 11:39:10;BDC;Compra;19.0;130.47;2478.93;;;;f28d6ff0-fe16-4925-8b3c-62a4a4d2354a;20260806113910525::381d709c-76b8-41dc-8b2c-fd62ce502ce0;
2026-08-06 11:39:24;BDC;Venta;9.0;130.68;1176.12;;;;410b53d0-e43c-409b-a865-46fbce1c80af;20260806113924048::de35594d-7ea8-4400-acf4-1a75dbc07585;
2026-08-06 11:39:30;BDC;Venta;5.0;130.7;653.5;;;;833bb9e5-1b4c-4036-9539-7e01343e284a;20260806113930877::49052ed0-6b70-473e-ae6b-71b1f4dee7b9;
2026-08-06 11:39:43;BDC;Venta;5.0;130.64;653.2;;;;98f97d56-9267-4066-ab99-66c588c550c6;20260806113943891::9f468f52-690d-4fe9-bbd6-8558c648bb0a;
2026-08-06 11:40:52;AGMB;Compra;19.0;13.99;265.81;;;;9067a585-ae26-4e60-9377-20b38cbedfb1;20260806114052758::41f834f0-67c5-48df-848d-404de542cd93;
2026-08-06 11:41:22;AGMB;Venta;4.0;14.04;56.16;;;;f2ba5622-6853-4e7f-b14a-6aca14e22d76;20260806114122836::bb0a46b1-b783-4e95-941b-42c0d7b7d580;
2026-08-06 11:41:33;AGMB;Venta;4.0;14.0375;56.15;;;;741baa21-26cd-48de-af4a-5068f4b277b3;20260806114133039::fe4cb595-92a5-4777-9af8-2673d270b97d;
2026-08-06 11:41:41;AGMB;Venta;5.0;14.0373;70.19;;;;d536c34b-d889-4b4d-ac58-d5d6a29775c0;20260806114141546::4e58fd36-b12c-4e26-9735-c9dc10689dc7;
2026-08-06 11:41:45;AGMB;Venta;6.0;14.0373;84.22;;;;94cc0d39-9d24-444e-ad0a-53d4417f0172;20260806114145005::0b67e601-e511-4a09-93fb-211013392830;
2026-08-06 11:41:54;AERT;Compra;19.0;6.45;122.55;;;;4bfca145-62f3-4757-aac5-a7934de0efba;20260806114154544::61b13468-3b86-4e47-bfaa-688ff06fabb6;
2026-08-06 11:42:43;AERT;Venta;4.0;6.4781;25.91;;;;348f6f0b-3dfa-4fc8-b560-93ff209cec7d;20260806114243728::a5344015-ecfa-42bb-898b-518c388fcffe;
2026-08-06 11:42:51;AERT;Venta;3.0;6.41;19.23;;;;dd135ed0-e11f-4993-99d2-6c475ff7350e;20260806114251413::6e4f8346-cac2-4dd4-9924-3d3c19312831;
2026-08-06 11:42:54;AERT;Venta;2.0;6.41;12.82;;;;de5930d0-02fb-40ce-92e7-7a933780917f;20260806114254530::bf669aee-1acf-4597-9906-ac2e98622b36;
2026-08-06 11:43:08;AERT;Venta;5.0;6.4781;32.39;;;;658708dd-a72a-409c-a3d5-7b7ff6569d1a;20260806114308666::3b2e46bc-a6e1-44b3-967d-935ed61ad9a1;
2026-08-06 11:43:10;AERT;Venta;5.0;6.4781;32.39;;;;923e025d-db6f-4f4a-8c57-30532cf3961a;20260806114310914::8567eff1-a77a-4c36-9c51-ed3aaed005d8;
2026-08-06 11:43:20;ACNB;Compra;19.0;65.2;1238.8;;;;cc20a52a-590d-4989-86cc-e8075ff75291;20260806114320821::2909e830-4b4d-4d3b-98d1-9189671a3663;
2026-08-06 11:43:29;ACNB;Venta;5.0;65.45;327.25;;;;24d361f9-5db2-4159-b4cd-8a14c60cdd18;20260806114329844::fe28666d-e4f2-4898-8a16-05714b1c5dd9;
2026-08-06 11:43:31;ACNB;Venta;5.0;65.36;326.8;;;;8de540c6-36b5-445c-be63-3112b5bb1702;20260806114331983::54af1372-2f44-4cc5-b259-90d54b90bf87;
2026-08-06 11:43:31;ACNB;Venta;5.0;65.45;327.25;;;;16f6294a-d2ef-44f0-a1ad-3103ee406ce1;20260806114331176::d4a11d75-7b84-4aca-bf9b-8fb488120f2c;
2026-08-06 11:43:36;ACNB;Venta;4.0;65.45;261.8;;;;7adbb670-0d7e-4b72-814e-e33f185a98ee;20260806114336677::b6fab883-4d1e-4ece-8a74-93271a6688f8;
2026-08-06 12:58:58;TMP;Compra;30.0;99.88;2996.4;;;;264cfcf8-b3a6-4da3-a29c-6df375a18cbd;20260806125858937::f33b22a8-efc9-46da-a672-5a2a2b1e46b6;
2026-08-06 12:59:09;TMP;Venta;6.0;100.0;600.0;;;;d6e3a4e3-e842-4018-a0d6-c3f0b3b25465;20260806125909002::d4f422e6-df6a-418f-a604-0a947804665f;
2026-08-06 12:59:10;TMP;Venta;6.0;100.0;600.0;;;;665c8490-5167-4c4c-9f58-967d208ff551;20260806125910374::8b62d024-cb2f-45db-88da-db73e5a925ea;
2026-08-06 12:59:11;TMP;Venta;6.0;100.0;600.0;;;;1aec0a2d-6845-4c04-85d5-8b729e6cc2f4;20260806125911545::10376f18-263e-4983-9ae1-9ca2e5126795;
2026-08-06 12:59:12;TMP;Venta;6.0;100.0;600.0;;;;4297b8aa-8450-4ca1-87b5-306c47bfefe9;20260806125912308::9a8938d3-02a8-445d-91a1-74d0fe13e51a;
2026-08-06 12:59:13;TMP;Venta;6.0;100.06;600.36;;;;71699077-c1ad-46a3-ac8f-8fb29fb19d06;20260806125913880::df544159-2af0-4c7c-9b05-f8d4cc7d1632;
2026-08-06 13:00:37;RUSHB;Compra;30.0;78.81;2364.3;;;;2bf646a3-f0d2-4d66-a076-7ec8dc59fada;20260806130037585::98f83dd6-976f-4013-8be1-1e6564442566;
2026-08-06 13:00:47;RUSHB;Venta;6.0;78.94;473.64;;;;d275c820-70ba-4d5d-9f3b-e51597034993;20260806130047382::ce55e869-a162-4a8c-934f-c9370de00639;
2026-08-06 13:00:51;RUSHB;Venta;6.0;78.92;473.52;;;;d36c0361-b75b-4d6b-88cb-68fab3795359;20260806130051456::d58e5403-3d09-4ade-8bee-8382a9448ea9;
2026-08-06 13:00:57;RUSHB;Venta;6.0;78.88;473.28;;;;80d49296-d59f-4e95-bd67-08cad13e8213;20260806130057163::e98d0527-2255-43f9-8536-4f04cef5c5db;
2026-08-06 13:01:05;RUSHB;Venta;6.0;78.86;473.16;;;;b0483b77-c826-4a96-bd44-0d94b0b7c9e3;20260806130105450::f77a6821-51bc-4136-8629-32e665a638b9;
2026-08-06 13:01:08;RUSHB;Venta;6.0;78.88;473.28;;;;b746a447-418a-4133-98c1-960c17ed8c8e;20260806130108835::602e1d8b-759e-4182-81b3-715b8b3934fb;
2026-08-06 13:10:00;ARKW;Compra;30.0;143.97;4319.1;;;;cf9e0d24-9b04-4973-a410-5352d598eda7;20260806131000505::e485768d-b626-48e4-938f-8fa299786be9;
2026-08-06 13:10:19;ARKW;Venta;6.0;144.06;864.36;;;;b06b205f-a611-492d-8f05-2db25efc3fd3;20260806131019124::14d3641e-8b60-47b4-884e-de3582f6aad3;
2026-08-06 13:10:27;ARKW;Venta;3.0;144.08;432.24;;;;3961f23b-e1b4-41b9-a87a-64c21b917fb0;20260806131027173::8bfbe0b3-74e9-4d9d-b622-bed2518a0c6c;
2026-08-06 13:10:38;ARKW;Venta;6.0;144.07;864.42;;;;12b81746-8c6e-4457-9a33-b79c68b0991f;20260806131038980::9ad7caa9-75a4-4cb7-862e-294290c2681b;
2026-08-06 13:10:40;ARKW;Venta;6.0;144.06;864.36;;;;96021c4c-2bdc-4a89-be3b-5858abeee17b;20260806131040238::81da1f04-f8c8-4ef7-a7b5-40b8e1069a09;
2026-08-06 13:10:41;ARKW;Venta;6.0;144.06;864.36;;;;a365dcc1-82e3-4c20-b18c-30179f6924df;20260806131041538::7918206c-305b-4c85-968a-13e826849e5f;
2026-08-06 13:10:54;ARKW;Venta;3.0;144.05;432.15;;;;99d75626-bd73-4371-be58-d751a3edb526;20260806131054331::081b5cfc-b5d7-4bae-98fc-e8bfe5945470;
2026-08-06 14:08:31;STRO;Compra;29.0;24.22;702.38;;;;b1911e8b-87b0-4bad-9410-c2a84fd6a2e1;20260806140831016::37de2874-facc-4f79-9cfa-b95b85ebc326;
2026-08-06 14:09:16;STRO;Venta;5.0;24.2434;121.22;;;;e0f5e7c2-c323-4e1b-98fe-433c5675d102;20260806140916550::6a0c6518-f39b-4a54-8497-ca1b0607a739;
2026-08-06 14:09:27;STRO;Venta;1.0;24.3;24.3;;;;444f1fcd-be6a-4c54-9662-3a911ba14e26;20260806140927752::892f2c6f-1862-4f96-b3d0-7f9a5c3e53af;ejecucion parcial
2026-08-06 14:09:31;STRO;Venta;4.0;24.26;97.04;;;;82efa349-7311-4a11-bfa4-3f6d32f3a23b;20260806140931223::c3a16dbb-9d2c-4278-8401-9c5928ac3290;
2026-08-06 14:09:32;STRO;Venta;4.0;24.26;97.04;;;;fc85e58e-2792-4210-bd3f-8401139290d2;20260806140932991::a3664fce-a8b4-445c-931b-64da6eccdb70;
2026-08-06 14:09:35;STRO;Venta;4.0;24.28;97.12;;;;e23ac4db-c932-4a1d-b2c1-c90a5cd3930f;20260806140935171::389034ff-0956-4f03-9313-8f4485a44e4c;
2026-08-06 14:09:55;STRO;Venta;4.0;24.3069;97.23;;;;225411cb-095e-42c4-a74e-5733b447556a;20260806140955182::b23c3746-e8c8-49cb-8a45-f3e7249fdf16;
2026-08-06 14:10:01;STRO;Venta;4.0;24.2295;96.92;;;;d358c786-47e3-4767-9fa1-6d7ae73320aa;20260806141001408::04e527da-974c-4d6c-a08e-10bebfb150f9;
2026-08-06 14:10:06;STRO;Venta;3.0;24.19;72.57;;;;52c17447-c138-403d-86ec-74a7b85415c5;20260806141006338::92115f44-38f6-4f01-ac77-c1864a5f7517;
2026-08-06 14:11:57;PVLA;Compra;29.0;152.17;4412.93;;;;b3129968-15e2-4934-974e-6502df84b22e;20260806141157475::d0a09824-bf7b-425d-9380-9dad4c024637;
2026-08-06 14:12:54;PVLA;Venta;20.0;152.3;3046.0;;;;adcf2cc4-36b7-4f91-87c3-e824e643aea2;20260806141254830::ef443c26-48ed-4448-81c6-f87e71f85744;
2026-08-06 14:13:03;PVLA;Venta;9.0;152.35;1371.15;;;;cbdba625-de17-4127-84b3-3721a8ecbb87;20260806141303691::53f0816e-8ec0-48bf-8554-69d19a4babc0;
2026-08-06 14:13:49;PLRZ;Compra;5.0;11.37;56.85;;;;7d6368d4-5f19-43f9-9d20-493cc648fc8d;20260806141349669::3cf6d59f-4be4-4491-88b9-72cb21427da9;ejecucion parcial
2026-08-06 14:14:23;PLRZ;Venta;5.0;11.5;57.5;;;;51bcfd6e-e964-45a6-a4de-163a96958154;20260806141423359::70e0d8b8-1be3-42f2-8052-2fd013d7778f;
2026-08-06 14:22:06;BST;Compra;29.0;48.35;1402.15;;;;c1f8d792-f961-4763-a8ce-c9afe98009ce;20260806142206984::7e6021d5-4120-485f-b7f6-2eecfef9b674;
2026-08-06 14:22:26;BST;Venta;9.0;48.4514;436.06;;;;62740a8a-1385-4b02-a027-8e72f78f840c;20260806142226370::783b39a6-c662-436e-92e2-771f3a0ad06e;
2026-08-06 14:22:39;BST;Venta;5.0;48.4514;242.26;;;;e1ffea4d-fb9c-435a-868b-60698a59e49b;20260806142239680::251e1a57-26e1-4ce4-8461-6463f1abf311;
2026-08-06 14:22:40;BST;Venta;5.0;48.4514;242.26;;;;3ec76992-fa08-4a8f-b55f-921dcce9f6b0;20260806142240594::a916ae9f-c252-4e98-a062-aaf98dac6c98;
2026-08-06 14:22:41;BST;Venta;5.0;48.4273;242.14;;;;d32bd354-7186-41e5-a2c9-b1a787b1193f;20260806142241438::89363f82-63a7-421e-8afe-3dabc6fb98d9;
2026-08-06 14:22:43;BST;Venta;5.0;48.4514;242.26;;;;6a00e853-46b0-4aa5-935c-8131d9576329;20260806142243755::3f975054-46fd-4a9c-886d-ade89391112d;
2026-08-06 14:23:23;BFC;Compra;4.0;154.08;616.32;;;;a6822161-a1d6-4d3b-b779-745ff9f703fd;20260806142323412::eb97ac25-7ee4-4289-a817-9e622e48265c;ejecucion parcial
2026-08-06 14:23:40;BFC;Venta;4.0;154.01;616.04;;;;ca86daef-25ce-49f8-94b4-898f1e0cda2c;20260806142340764::f6013470-2960-48e1-8f3a-5852b659b8b4;
2026-08-06 14:24:08;ARKW;Compra;29.0;144.13;4179.77;;;;56f5c746-a89c-4da5-a96d-a3394ec423e0;20260806142408342::eab5dbc7-64e3-482c-95c0-1096e37f7b8e;
2026-08-06 14:24:29;ARKW;Venta;9.0;144.11;1296.99;;;;a07ba119-2550-41fc-9023-90f61727040c;20260806142429893::bf830822-5bd5-4e01-a685-55c30d5e5970;
2026-08-06 14:24:35;ARKW;Venta;4.0;144.13;576.52;;;;db7b5f65-93bf-4945-a754-5086c1c8abc4;20260806142435685::52063536-3718-4745-90cd-54bd5ea2c09f;
2026-08-06 14:24:38;ARKW;Venta;5.0;144.112;720.56;;;;b53d2986-dbad-4ca0-9293-baa1f672a5d2;20260806142438940::2f787b5f-b923-4c7f-9660-8a2bd83237a6;
2026-08-06 14:24:49;ARKW;Venta;5.0;144.06;720.3;;;;98eb1be2-f0b8-4064-bc8f-7225f9a07b66;20260806142449651::99b32653-890b-4047-9d79-3234961c0c07;
2026-08-06 14:25:00;ARKW;Venta;3.0;144.0;432.0;;;;ad089fe7-4a96-4e0f-9293-fa414efffcab;20260806142500443::99363adc-de51-46e3-a620-682e57b0f3fe;
2026-08-06 14:25:01;ARKW;Venta;3.0;144.0;432.0;;;;2e069bea-15ff-4a2f-808a-0189e4a6ead9;20260806142501697::c879cd07-bec3-4ede-9d1a-3549e2535abf;
2026-08-06 14:33:13;SDHC;Compra;29.0;14.42;418.18;;;;36f83fc5-d83d-47da-bda5-ebc3604ad984;20260806143313083::53a732d4-141c-4106-b056-b3f7e7ae0999;
2026-08-06 14:33:31;SDHC;Venta;9.0;14.4102;129.69;;;;d1c7dd52-21e2-4f34-bd8a-c4dc88cc665f;20260806143331113::e82cd2bf-a78b-48a9-8756-a5bbf08fd4b2;
2026-08-06 14:33:34;SDHC;Venta;9.0;14.55;130.95;;;;484d2f74-984e-4d5b-9f05-9406c0f1a278;20260806143334442::b1c21f4c-1e99-4a7d-a375-e1a7db3cd7d0;
2026-08-06 14:33:45;SDHC;Venta;6.0;14.7;88.2;;;;95efe72b-a19b-48c8-b03f-dbb7ae1c306b;20260806143345023::a014d239-8b9e-4215-8744-984026e4e49a;
2026-08-06 14:33:51;SDHC;Venta;5.0;14.72;73.6;;;;5b04c2f6-3b8a-4971-9eb3-f1e2b4bacc54;20260806143351060::27e2c08e-f135-4077-8be2-0c432a65fa27;
2026-08-06 14:36:59;MCB;Compra;29.0;92.9;2694.1;;;;9b2c90ef-df97-407a-a616-d6ccf0709749;20260806143659260::eeac7672-4e3a-421d-97e6-44ee4759f5ce;
2026-08-06 14:37:27;MCB;Venta;5.0;92.98;464.9;;;;4b8fe0a2-e421-4a7a-90c0-302fea5bc098;20260806143727460::253ca4a2-3063-42f0-b537-b3a122725f3b;
2026-08-06 14:37:57;MCB;Venta;7.0;92.93;650.51;;;;ae8693e3-45d9-4cae-98ac-da9ec91e43de;20260806143757550::42f79a06-ba75-4bd3-b245-a606d3b9a284;
2026-08-06 14:38:05;MCB;Venta;10.0;92.93;929.3;;;;7ed64ad4-ba85-4ee0-9159-f885a659eb5b;20260806143805714::05aecd95-d02d-4244-ad75-830e7a28a612;
2026-08-06 14:38:11;MCB;Venta;7.0;92.98;650.86;;;;2c99a9b3-377a-4342-a98e-bc8450c78dfc;20260806143811751::39a190d6-0401-45ee-83a3-7789490060cb;
2026-08-06 14:40:51;FSTR;Compra;29.0;41.61;1206.69;;;;182ce323-528e-4e79-95c4-682ed90a1725;20260806144051398::c1f42c88-2528-474e-9f03-0c702232940f;
2026-08-06 14:41:42;FSTR;Venta;9.0;41.74;375.66;;;;21eabd53-c4ef-45b8-ae6c-1c0a6a151d11;20260806144142388::89d5998a-4e9a-445f-bd5c-281880cfd9bf;
2026-08-06 14:41:58;FSTR;Venta;5.0;41.6;208.0;;;;178c68d0-dbe9-4a54-80fe-a79437755d72;20260806144158343::2e1fc770-b494-4233-892d-c8b9f522bc7e;
2026-08-06 14:41:59;FSTR;Venta;5.0;41.6;208.0;;;;743389a6-33ee-4f83-b1d8-4761a96fbff3;20260806144159377::b9ebda87-bcbc-4995-b9bd-159fa96baffe;
2026-08-06 14:42:00;FSTR;Venta;5.0;41.6;208.0;;;;90ca6461-6197-47c8-9ce2-53c1285d5d8d;20260806144200290::80461561-eeb5-4168-8300-d18232818611;
2026-08-06 14:42:01;FSTR;Venta;5.0;41.61;208.05;;;;75573d22-a2d1-4b96-a559-5b7970ac14ba;20260806144201373::3ccc69f5-4154-4637-87b9-6946a96d376b;
2026-08-06 14:46:37;ACU;Compra;12.0;55.22;662.64;;;;d42e8c12-377b-47db-86eb-da519c30ee90;20260806144637291::da465cca-b14f-469b-8e6a-e0440d2a5f1f;ejecucion parcial
2026-08-06 14:47:25;ACU;Venta;6.0;55.2563;331.54;;;;973fcca5-db38-43d2-b429-20d2bcefec35;20260806144725684::9271a518-8df5-493d-8a7c-0713275e0f76;
2026-08-06 14:47:30;ACU;Venta;6.0;55.5328;333.2;;;;420e421d-9f1d-4307-a4f3-f339ae9ef2f5;20260806144730903::f3d76557-4ab6-42ad-a228-9380391b30be;
2026-08-06 15:09:08;SEG;Compra;39.0;27.23;1061.97;;;;82593348-6dbf-482e-a239-1bb17fe275c8;20260806150908689::d055f2c4-6c07-4cf3-bad5-ea1d2237da1d;
2026-08-06 15:09:50;SEG;Compra;20.0;27.05;541.0;;;;834510a5-de99-4644-b99f-d58b82c79e6d;20260806150950505::ea174814-9c5e-405e-af06-d0a01f6ae753;
2026-08-06 15:10:40;SEG;Venta;9.0;27.05;243.45;;;;bf18374f-6794-4e5a-b89c-2355e999c4b9;20260806151040734::e191a106-0409-4468-b70c-2141b51bfd65;
2026-08-06 15:10:42;SEG;Venta;9.0;27.05;243.45;;;;ad202294-e900-401e-a31b-fcc65560f562;20260806151042336::7317c859-d97f-4023-b29a-028d54807b58;
2026-08-06 15:10:43;SEG;Venta;9.0;27.05;243.45;;;;8ef21bcc-f814-4645-b4ea-fca9fe9bf908;20260806151043716::40369f05-9975-4c80-afa5-9e47fa513398;
2026-08-06 15:10:43;SEG;Venta;9.0;27.05;243.45;;;;a008b1e6-3c37-4e35-b0f5-fa5cfd39536c;20260806151043091::92ab2669-8c28-4314-9bd4-45e322b6f584;
2026-08-06 15:10:45;SEG;Venta;9.0;27.1;243.9;;;;6222e41c-8c02-4c6b-adcc-eda518c38bd0;20260806151045692::2d4b80b3-ee4e-4896-84bb-6bbc795758a6;
2026-08-06 15:10:47;SEG;Venta;9.0;27.1;243.9;;;;f5aac06f-792d-4234-b405-2715549afba8;20260806151047269::4fd3c5f2-8aee-4bf1-b9df-da8daf7c6772;
2026-08-06 15:11:00;SEG;Venta;3.0;27.1;81.3;;;;34a50616-1ce6-441f-872c-d688a9e0611e;20260806151100779::d24462fe-04cd-4156-b420-48529bdadc7f;ejecucion parcial
2026-08-06 15:11:06;SEG;Venta;2.0;27.05;54.1;;;;f733d9a8-0b65-4381-8625-1fce9bacb7a3;20260806151106559::d07a4d88-1263-4514-b621-2a6fa0586734;
2026-08-06 15:12:20;PSMT;Compra;39.0;181.42;7075.38;;;;f276cbf0-14d4-4fa4-a74a-cc17a7863832;20260806151220027::e2ea9b0b-408d-42c2-a406-961ea934350d;
2026-08-06 15:13:38;PSMT;Compra;20.0;180.45;3609.0;;;;892155c6-1abb-46f9-93fa-d90053369e23;20260806151338305::4db3c91d-eee1-4097-8016-33296a9bca72;
2026-08-06 15:13:47;PSMT;Venta;20.0;180.55;3611.0;;;;d4a102ae-f1ec-475d-9518-2f9df04077e4;20260806151347973::79bb6fc9-8ed8-4a58-981e-693382d51308;
2026-08-06 15:14:10;PSMT;Venta;10.0;180.6;1806.0;;;;db345ee5-21a5-466b-8f90-ad91d639fa02;20260806151410629::3a38cd93-d955-4ce3-b574-f3976a1bea6e;
2026-08-06 15:14:13;PSMT;Venta;10.0;180.65;1806.5;;;;8cd95fd5-4b8f-49c9-869b-0007f5b5abed;20260806151413421::e6c60416-f21f-476c-8f6b-f2906bcca0d0;
2026-08-06 15:14:20;PSMT;Venta;10.0;180.65;1806.5;;;;2df70617-c9d2-4693-ae83-cdbbbcb288a9;20260806151420084::eec4611a-e8ea-4838-8c7b-41d56a66bc01;
2026-08-06 15:14:25;PSMT;Venta;9.0;180.65;1625.85;;;;c6f69159-3dce-4317-99fe-51aa18c17a47;20260806151425911::fabf9b2c-5131-44e2-a34f-6cf57d53cb06;
2026-08-06 15:18:05;NWPX;Compra;39.0;121.2;4726.8;;;;8c1d93ca-48b1-4c46-aad0-3e5e9c36e8a6;20260806151805650::fef64e70-23e6-4f8b-9d62-e2b6ddabef4a;
2026-08-06 15:18:23;NWPX;Compra;20.0;120.8;2416.0;;;;9db7d920-2473-4d92-b8a0-c98eb093a835;20260806151823154::00f777cd-29a1-45ac-b975-d241b951c210;
2026-08-06 15:18:55;NWPX;Venta;5.0;121.0;605.0;;;;144903a9-3320-46fe-94c3-e586e704f606;20260806151855139::ac2ab0ba-9fd8-4d15-a082-2d56344b4e97;
2026-08-06 15:19:01;NWPX;Venta;5.0;120.95;604.75;;;;3c131e6a-16ce-4629-8755-a01f198c325c;20260806151901764::af93b205-eca3-44f0-a79d-772ada682d28;
2026-08-06 15:19:02;NWPX;Venta;5.0;120.95;604.75;;;;e658b663-e957-45dc-b71a-e4fa83a22f20;20260806151902755::13980f88-b67e-4b63-a9ea-743442b02466;
2026-08-06 15:19:03;NWPX;Venta;5.0;120.95;604.75;;;;5542833e-001f-41d0-9171-66d9db9f49ca;20260806151903438::ed4dbb0b-315a-48ba-851e-d5723dd705fe;
2026-08-06 15:19:04;NWPX;Venta;5.0;120.95;604.75;;;;f5ef706c-f052-4eb3-8f81-4e257be5e064;20260806151904106::61e97b0c-82ee-4e64-9a65-6cd6fc04d64e;
2026-08-06 15:19:09;NWPX;Venta;10.0;121.05;1210.5;;;;83ed0ab5-f425-43c0-89b7-f63891592156;20260806151909002::3130123a-e230-448a-8e4d-b7f5607381f7;
2026-08-06 15:19:10;NWPX;Venta;10.0;121.1;1211.0;;;;1e54272f-44b6-405b-aec9-e5215abba29a;20260806151910446::60b42622-7a09-4b18-ba41-de5bb9d6b905;
2026-08-06 15:19:48;NWPX;Venta;4.0;120.9;483.6;;;;e50eeeee-2166-4e50-8f10-b6f7dbfc57df;20260806151948298::e8efd37d-8d28-4546-b83b-746f0125fb64;
2026-08-06 15:20:09;NWPX;Venta;2.0;120.8;241.6;;;;24d17cb8-6e5d-4514-a7d0-67295f225625;20260806152009598::15261147-a8df-4d97-ab08-f496d8b9c208;
2026-08-06 15:20:42;NWPX;Venta;2.0;120.75;241.5;;;;4fcd1e57-144f-40ed-bc21-c96dfe3bf189;20260806152042490::f3101154-25b5-4d65-bf17-ba7b0fe8c0df;
2026-08-06 15:20:54;NWPX;Venta;2.0;120.643;241.29;;;;87a5a333-09a6-44f0-ab07-9a987a7c78ad;20260806152054730::b04a375b-8294-4f92-9fd3-1c32adef1574;
2026-08-06 15:20:58;NWPX;Venta;2.0;120.52;241.04;;;;6bf8e93e-7a83-43df-9c7c-18c5290badfe;20260806152058330::e1990a31-188b-4afa-90bf-7bc9091d6ef1;
2026-08-06 15:20:59;NWPX;Venta;2.0;120.79;241.58;;;;b75cfaf7-5199-49bb-992e-cf08a6713342;20260806152059829::fa852699-5430-4319-836a-12a187cac338;
2026-08-06 15:28:30;AERT;Compra;39.0;6.47;252.33;;;;771871b2-8edc-44d9-9024-e74b5de0f75d;20260806152830073::5c7a3df3-83f5-4a14-aa4f-3002b049f478;
2026-08-06 15:28:40;AERT;Venta;20.0;6.4751;129.5;;;;ec0dbe8b-a48a-4b2b-896c-4c8d82bf4d0e;20260806152840898::93e1ffca-991d-4008-9ca4-1457a7efd699;
2026-08-06 15:28:47;AERT;Venta;10.0;6.41;64.1;;;;8547a524-a432-4d59-ac53-ffdaca77adbb;20260806152847410::5dc05933-5c43-49c8-b8b2-761ca1a4bb44;
2026-08-06 15:29:01;AERT;Venta;5.0;6.4754;32.38;;;;f09ce87b-4b7f-4baa-8bff-c5ab90e55f99;20260806152901331::e7069f7e-e76a-415e-8e3f-bae03b36d86d;
2026-08-06 15:29:05;AERT;Venta;1.0;6.4761;6.48;;;;98da7f83-643d-4e0e-aab8-608762610bd2;20260806152905643::9463af4e-bc0e-46a9-a76e-080decea5cd2;
2026-08-06 15:29:08;AERT;Venta;2.0;6.5931;13.19;;;;b9016a34-051b-4dc1-83aa-75d6e4986d40;20260806152908979::bca599f6-d0ab-4099-b313-5bbfa4d79c32;
2026-08-06 15:29:12;AERT;Venta;1.0;6.4761;6.48;;;;df0c4e92-5125-4ecb-b086-61b5acae1c37;20260806152912526::69d169db-13f8-44c3-9e2b-5be0bbbf8c48;
2026-08-06 15:38:50;SIND;Compra;5.0;15.5;77.5;;;;dc0abba5-1761-4a88-adaf-ff53ddd8ec5a;20260806153850295::96da310e-3819-4d0d-b81b-f9fc1d433c68;ejecucion parcial
2026-08-06 15:39:05;SIND;Venta;5.0;15.45;77.25;;;;cbbca489-d800-4849-a963-050fac755a26;20260806153905792::5152fdcf-8e6d-42f2-ad55-a6413683893f;
2026-08-06 15:39:32;RUSHB;Compra;20.0;77.66;1553.2;;;;9531a960-086d-4000-bdea-996c601508c4;20260806153932380::6091156f-34f7-4d9c-960b-5893b92bd8cd;
2026-08-06 15:40:28;RUSHB;Venta;5.0;77.75;388.75;;;;1a903649-6389-4aef-b776-4d1b5bf96297;20260806154028224::c03064ef-be65-4ec0-911f-182897bd4336;
2026-08-06 15:40:29;RUSHB;Venta;5.0;77.8;389.0;;;;3d642213-1a6d-49e6-b815-3c6f9c3271a3;20260806154029229::be3364f8-ad23-46cd-a61c-47943ee14834;
2026-08-06 15:40:30;RUSHB;Venta;5.0;77.8;389.0;;;;87e9e4a2-68ad-4225-a765-dc5419e83696;20260806154030242::40604919-1f5c-4c8e-89b4-a5b375819ddb;
2026-08-06 15:40:32;RUSHB;Venta;5.0;77.85;389.25;;;;da1e902b-bf06-4a1c-8b6e-576f853a9815;20260806154032297::0a967ca7-0f58-4e11-b1e1-9559e2f37f51;
2026-08-06 15:41:26;PTLE;Compra;2.0;10.04;20.08;;;;435a670f-d59e-4725-94bd-6aceb0667139;20260806154126984::5af5e213-b864-45f2-aab9-6442c5fcabb0;ejecucion parcial
2026-08-06 15:41:34;PTLE;Venta;2.0;10.0;20.0;;;;d0248391-e613-451c-bb4b-585ac3dc9a79;20260806154134091::0a90c83a-460d-410f-8677-b9a38fd09fa2;
2026-08-06 15:45:40;PRK;Compra;20.0;206.01;4120.2;;;;d8bf7887-387f-4005-98ee-c6c44fdf967d;20260806154540281::22574ea7-c14f-43a9-9c91-951965e1269f;
2026-08-06 15:46:04;PRK;Venta;10.0;206.2;2062.0;;;;43386e71-ac94-4fbf-936c-5635496ceddd;20260806154604696::d5de8716-6037-493c-8287-b5d7e3e3938f;
2026-08-06 15:46:05;PRK;Venta;10.0;206.2;2062.0;;;;787f307f-7cee-4fed-9adb-6a31cfa1f1e9;20260806154605687::0d9b2d43-44fb-4308-a13e-0cbba7887b43;
2026-08-06 15:50:49;HWKN;Compra;20.0;129.58;2591.6;;;;a19600fa-ef21-4a93-8456-779fe67ee4a0;20260806155049764::cb55d3c0-5cb1-44a3-a2da-02339bee3585;
2026-08-06 15:51:35;HWKN;Venta;7.0;129.9117;909.38;;;;13fbbd04-7270-4318-aafc-b6fea7d4dc0a;20260806155135432::fe1211f5-bd03-4fc4-8bab-c8a455036089;
2026-08-06 15:51:41;HWKN;Venta;3.0;129.6823;389.05;;;;f373b2a3-3aa3-4985-b7c9-962b340abe62;20260806155141586::1d9d7ab8-aa8e-4266-8cc1-b843c70c86c2;
2026-08-06 15:51:48;HWKN;Venta;5.0;129.9117;649.56;;;;7d0d2197-1f87-49fb-bedc-a2d74fe74028;20260806155148218::2c5512e6-c7b0-40a1-84df-4938d4549ec3;
2026-08-06 15:51:58;HWKN;Venta;2.0;129.52;259.04;;;;44d3c518-1b6b-4071-a4bd-664bf1646549;20260806155158435::416db12b-9f15-479b-b78e-78df0a72954a;
2026-08-06 15:52:00;HWKN;Venta;3.0;129.6825;389.05;;;;e32389f7-1371-43c0-a2b9-0e2b97d3e1d5;20260806155200907::faf8f98f-9a54-445f-95f1-25f297d59933;
2026-08-07 10:01:35;TKO;Compra;40.0;186.14;7445.6;;;;b03a6f8b-cbf5-47ed-a62e-5da17dd1acca;20260807100135140::36825d3e-4b8a-423c-a44e-c75167bfd994;
2026-08-07 10:01:38;TKO;Venta;40.0;186.27;7450.8;;;;c20c0492-1500-4e92-aee3-04e19630c67e;20260807100138308::0c0b437f-9e3f-4aa2-bc3e-582b4b82c6b9;
2026-08-07 10:03:28;SGP;Compra;40.0;25.35;1014.0;;;;940a2b2c-4572-41c1-bd80-d368ffc5c4b2;20260807100328784::fc8d438d-38dd-4223-9f34-10b36eb313f3;
2026-08-07 10:03:46;SGP;Compra;30.0;25.2;756.0;;;;113f1379-b7d8-492a-a358-1c2abb275474;20260807100346393::f9a89d8e-67a2-45b9-b0fe-819e31f2d9e8;
2026-08-07 10:05:05;SGP;Compra;100.0;25.08;2508.0;;;;d2b488e2-438e-4d00-bc29-52296f8d5a6d;20260807100505419::bc78252c-a095-439f-9536-17a7b7679c12;
2026-08-07 10:05:08;SGP;Venta;12.0;25.2;302.4;;;;134e7ad5-3854-43eb-bf20-1bbc3f93bba1;20260807100508654::4e2abb0d-044b-49be-8932-86082d137407;
2026-08-07 10:05:10;SGP;Venta;12.0;25.25;303.0;;;;7ecc04c3-7e91-43ef-9e9b-5161be2b125f;20260807100510318::b38c9b49-d8fa-4338-974e-c212d0330c37;
2026-08-07 10:05:11;SGP;Venta;12.0;25.25;303.0;;;;f81e1f22-3873-4ad8-817b-cacf58790c39;20260807100511336::b94a2b14-82d2-4a8c-afff-af14e08e7b19;
2026-08-07 10:05:20;SGP;Venta;30.0;25.2;756.0;;;;7bfd787b-ccc8-474e-954e-fcbcd6ed9d71;20260807100520131::a389970f-03bd-4fb3-b9c4-6d21bc1af68d;
2026-08-07 10:05:41;SGP;Venta;20.0;25.0743;501.49;;;;75b6e6db-510f-481f-8606-ba520dd37fc9;20260807100541330::65679e3a-e2b9-47f1-969d-4f0097ba2a69;
2026-08-07 10:05:46;SGP;Venta;20.0;25.0743;501.49;;;;a8be6490-6dd5-4b90-904b-75d31f763bbc;20260807100546425::f61298c8-ff97-4e7f-b924-1d8305728a24;
2026-08-07 10:06:54;SGP;Venta;3.0;24.5141;73.54;;;;1f99ee51-cca7-45ba-970e-cbbc2101690d;20260807100654072::38657173-84d2-4082-921e-d2a62b98286e;
2026-08-07 10:06:58;SGP;Venta;1.0;24.37;24.37;;;;d94d4f9c-c81d-4097-8ff4-0a984c4fb75f;20260807100658288::da0e8551-5d51-4da1-9c2b-1d289f2c236a;
2026-08-07 10:07:05;SGP;Venta;3.0;24.5141;73.54;;;;c96873be-8c21-4e71-8231-74804631c5a9;20260807100705748::fc20503d-7722-4f70-9fe7-5a2cb6ffbe7e;
2026-08-07 10:07:09;SGP;Venta;3.0;24.5141;73.54;;;;17527d20-c5d2-44fb-a41b-64b159ab4dd8;20260807100709012::bd87a6ea-1cc1-40e9-9f5d-81bc9525086e;
2026-08-07 10:07:14;SGP;Venta;20.0;24.8;496.0;;;;7355e5f8-4bbb-464f-ad78-a2be9c61dd8f;20260807100714477::85f7b08d-d971-441b-a10a-abcaa3dbf15f;
2026-08-07 10:07:54;SGP;Venta;10.0;24.7;247.0;;;;d00477ed-645f-4f91-bfe9-864be0afc3df;20260807100754393::e05022b5-54f7-4a53-bb6b-6e228d16d361;
2026-08-07 10:07:56;SGP;Venta;10.0;24.7;247.0;;;;f3bdf27b-333b-4ac7-ac39-351666bde092;20260807100756501::9d81cfef-5b04-41b5-9338-695df0f96dbb;
2026-08-07 10:08:11;SGP;Venta;7.0;24.66;172.62;;;;1c13aad9-0a68-468f-b581-3ee5632972ba;20260807100811088::ddcc163d-5b5b-4c41-8815-e8dde4182436;
2026-08-07 10:08:13;SGP;Venta;7.0;24.66;172.62;;;;38a1d1ae-7ec5-45aa-99a0-03b8f324a97c;20260807100813136::27cb66a9-e139-4293-98e6-7c81b9574dbf;
2026-08-07 10:08:26;SFBS;Compra;40.0;88.7;3548.0;;;;795c72b5-4d96-4005-b7c4-3586696a3e2b;20260807100826591::15f18c80-4937-444d-b46e-54902f160469;
2026-08-07 10:08:31;SFBS;Venta;40.0;88.65;3546.0;;;;d6f4d81d-92e4-4e81-9d95-e9c890aa6ec8;20260807100831761::9ec287c8-5e91-42a2-9cc4-cdc1319d18e2;
2026-08-07 10:10:53;PBAM;Compra;40.0;86.01;3440.4;;;;dd0507b9-48cd-406f-8e0f-93642bce5a14;20260807101053707::cddd9eee-21ae-4496-b566-910b16c609b3;
2026-08-07 10:10:54;PBAM;Venta;40.0;86.45;3458.0;;;;1179eaf6-0a2d-487e-ba22-1d0a04fb64ee;20260807101054387::00709860-bd1f-44e6-b227-fc8f79501991;
2026-08-07 10:12:25;NGNE;Compra;40.0;34.91;1396.4;;;;a39c3230-95ee-43f3-8681-f627408c4989;20260807101225165::4b0a5ce6-b2a8-4753-8d64-3c05b30ad055;
2026-08-07 10:13:45;NGNE;Venta;10.0;34.6;346.0;;;;5cc34eef-9639-44aa-a1dd-3cb012348872;20260807101345509::5972a15f-2050-4584-ac38-d110b9ff019c;
2026-08-07 10:13:49;NGNE;Venta;10.0;34.65;346.5;;;;a5087b40-1549-4138-9933-d5643e19aef6;20260807101349836::30797062-fb64-4987-9297-2f0fdc3c1e8c;
2026-08-07 10:13:50;NGNE;Venta;10.0;34.65;346.5;;;;9edd9a6a-9666-4e96-9ad7-d8aece9790a1;20260807101350729::a0abcf3c-eaf1-401c-a768-395760c1bad0;
2026-08-07 10:13:51;NGNE;Venta;10.0;34.65;346.5;;;;f6d7a992-0e20-4d65-812d-ce7ecc4b8587;20260807101351855::863c4f9d-5c55-4821-a747-d986179428f7;
2026-08-07 10:15:17;LLYVK;Compra;40.0;104.01;4160.4;;;;d920f64c-896b-40d8-9d20-461e7a115bec;20260807101517278::1d7855f9-0faf-4fe1-a882-1df92e449be5;
2026-08-07 10:15:22;LLYVK;Venta;40.0;104.1067;4164.27;;;;8101ff9b-e805-49f0-a0ff-5337b9bc1f75;20260807101522634::58139f8f-8531-4c8e-a43b-11e5c2af8043;
2026-08-07 10:16:22;IMOS;Compra;40.0;51.93;2077.2;;;;9c496db8-9e57-4250-aacd-b02a08cb9b5e;20260807101622428::ea0ecf7b-e4ff-46b9-98cb-cd9633cbd211;
2026-08-07 10:16:25;IMOS;Venta;40.0;52.13;2085.2;;;;624ffe60-7a05-4824-939d-b2727148c710;20260807101625573::5fd6f1d0-896b-459c-a6f8-95f804ac017e;
2026-08-07 10:20:13;CVEO;Compra;40.0;31.14;1245.6;;;;65f2af18-7d1d-45f3-97f7-c7afc18f14ff;20260807102013175::6ef431d9-b0c9-4eb7-b9a8-1c78395a0ced;
2026-08-07 10:20:31;CVEO;Compra;20.0;30.95;619.0;;;;57a29994-0069-4d22-89c0-cc1dc4851a97;20260807102031130::4b4b22f5-5ff8-4669-8aef-20a044f4c676;
2026-08-07 10:21:16;CVEO;Venta;10.0;30.99;309.9;;;;af467857-44f9-4855-866c-d6ab374a6865;20260807102116250::0008659d-9ba1-411a-8b9c-27d13bc59652;
2026-08-07 10:21:17;CVEO;Venta;10.0;30.99;309.9;;;;4d8b6b6d-c697-466a-aabf-2a19f6f29b8f;20260807102117615::80f34b48-75f6-49c1-9c88-bec23e675908;
2026-08-07 10:21:17;CVEO;Venta;10.0;30.99;309.9;;;;dfeea6aa-b1af-4732-9ef6-8040efc349e8;20260807102117027::2925700a-67f8-447c-967f-6bc436466d6f;
2026-08-07 10:21:18;CVEO;Venta;10.0;30.99;309.9;;;;bee32ef6-b2aa-4e3b-acad-b83b791d2fda;20260807102118796::0b4df8c4-57af-426b-ae68-0c1b1bc874cb;
2026-08-07 10:21:20;CVEO;Venta;10.0;30.99;309.9;;;;71903375-b8ee-4db6-b297-fa23b9eccd8a;20260807102120419::716a4667-1ee1-4894-91af-f00a061ae4c2;
2026-08-07 10:21:25;CVEO;Venta;10.0;30.99;309.9;;;;184fb2e9-7bae-456e-9089-d550d56a28a3;20260807102125028::99a722e1-c593-49a0-89cc-c2175cd5a349;
2026-08-07 10:22:20;CHRN;Compra;40.0;21.03;841.2;;;;7e8071a1-9634-419f-99af-ddbe34f04dff;20260807102220442::f59971f1-bdc0-450e-9546-74b9308b0e13;
2026-08-07 10:22:21;CHRN;Venta;40.0;21.23;849.2;;;;fe2d575c-ceb3-490e-b8e4-9d5f35c49706;20260807102221621::c5435a23-1e26-40c2-a6a2-58f71e02cf36;
2026-08-07 10:41:03;VEON;Compra;40.0;56.04;2241.6;;;;bdb02a80-4734-484c-a381-eb3d7ad70b4d;20260807104103044::31bed964-406e-4ad8-ad01-690bb1864563;
2026-08-07 10:41:08;VEON;Venta;40.0;56.01;2240.4;;;;83a0fb15-f113-4ca1-a66c-501a9a338c34;20260807104108288::38af4ec2-60e5-47b6-a05f-564614e1bb59;
2026-08-07 10:41:09;VC;Compra;28.0;106.14;2971.92;;;;eca290da-9d71-4d0c-99af-013680d7c134;20260807104109884::f1219674-db0c-4226-bd21-ea8c50b407d1;ejecucion parcial
2026-08-07 10:41:10;VC;Venta;28.0;106.39;2978.92;;;;59af1cda-0145-49c7-afdd-10b4618326ec;20260807104110741::f9fb64ce-1fdf-4645-bd35-38637119b8b9;
2026-08-07 10:53:47;CHRN;Compra;40.0;21.03;841.2;;;;4181eae8-e58e-4c06-bf4a-5e95e3519cd9;20260807105347011::2f86bb25-7dc8-45d4-8ffb-0762982f92d9;
2026-08-07 10:53:49;CHRN;Venta;40.0;21.14;845.6;;;;8e2b0b47-35aa-41f4-bd12-802c78aca9cc;20260807105349912::173f3408-27e8-4ce5-ba6e-4d2dc39c57b4;
2026-08-07 10:56:07;ADSE;Compra;1.0;11.21;11.21;;;;74df8f55-2da0-45aa-964c-e1cd39b71566;20260807105607387::c3efac65-2e9f-4f78-b82d-4f273f2daa81;ejecucion parcial
2026-08-07 10:56:12;ADSE;Venta;1.0;11.3844;11.38;;;;ca8ce10e-ce9a-4477-b27b-02613e173064;20260807105612676::5727e1c1-156a-4b70-8bc5-3e33d4ac5bb5;
2026-08-07 11:04:22;UTL;Compra;40.0;53.26;2130.4;;;;a0cd42e6-cb96-4aef-9bb9-c6d14ccfa2ab;20260807110422495::3cb1f8e8-e955-44dd-8848-efc77cae9a38;
2026-08-07 11:04:23;UTL;Venta;40.0;53.41;2136.4;;;;bc518236-a583-461b-ada0-a7b4e5938051;20260807110423198::35aa9aea-9863-4431-abad-e292c7d52883;
2026-08-07 11:04:45;TRST;Compra;40.0;56.08;2243.2;;;;a10e8e0b-25fa-4b61-a793-2ec4e3db9098;20260807110445236::9148a6b5-ccfd-4f45-8dc4-d6085689ee11;
2026-08-07 11:04:48;TRST;Venta;40.0;56.04;2241.6;;;;5449e456-8ef9-4d20-8222-c8905615eadb;20260807110448516::41ddba02-1d7f-430b-a740-b3003eaf872c;
2026-08-07 11:06:09;REX;Compra;40.0;43.0;1720.0;;;;cf2eff18-2dcc-4c2f-bcd5-027b23f408b4;20260807110609877::e5c759fe-a9f8-482e-9479-50c3b1256031;
2026-08-07 11:06:10;REX;Venta;40.0;43.16;1726.4;;;;c9da520c-2cba-4f83-bd5f-275509da0c7b;20260807110610565::77ebde6a-2d18-4f6a-88ca-52991eb72b47;
2026-08-07 11:06:51;PBAM;Compra;40.0;85.84;3433.6;;;;683ea1de-12f9-4119-a986-60500aebfdff;20260807110651516::522abac7-917c-46de-b341-9244aa10fc11;
2026-08-07 11:06:52;PARK;Compra;40.0;21.07;842.8;;;;87b90cef-d92d-4e7b-99d1-1bbfdf2ca492;20260807110652909::3630bdcb-17a5-4945-9e02-c01dda3b2c47;
2026-08-07 11:06:52;PBAM;Venta;40.0;86.25;3450.0;;;;ed7fdc10-7f96-4483-ae65-ad7f83442ffb;20260807110652210::7bc13551-1b56-4aa1-bf6b-7c539f8d73e5;
2026-08-07 11:07:41;PARK;Venta;10.0;21.1;211.0;;;;65654eec-5b11-4c94-807d-aae80053ed81;20260807110741326::0114ed06-d598-4624-9bfa-b7f87223d716;
2026-08-07 11:07:42;PARK;Venta;10.0;21.1;211.0;;;;6d46eba5-1a3f-4c7a-8716-33cc0b8c978a;20260807110742805::3c5f56ab-9b16-4a49-a615-caa0fbb9f1a1;
2026-08-07 11:08:03;PARK;Venta;5.0;21.04;105.2;;;;736afebb-bdff-4e7c-b30c-786ad60631fd;20260807110803749::b1d87c41-fbb9-4a71-b395-ea0ae794c700;
2026-08-07 11:08:06;PARK;Venta;5.0;21.06;105.3;;;;adfdad07-1392-4a00-8c5e-46e26bfce5f1;20260807110806427::41c99375-0d1b-4b7d-a378-549ebb5fd85c;
2026-08-07 11:08:14;PARK;Venta;5.0;21.0;105.0;;;;19179f38-3936-4ba2-8efa-10f59a442d7e;20260807110814927::6866b77c-ce82-422b-840c-56cb6441f9e3;
2026-08-07 11:08:23;PARK;Venta;5.0;21.0271;105.14;;;;4fd5b65c-a9cc-46eb-a49e-989a59f4a260;20260807110823951::91099b74-ecc5-4ac6-acac-1cb5c17e710d;
2026-08-07 11:09:01;NINE;Compra;20.0;10.41;208.2;;;;caa7cbd5-d370-4373-9ae4-7dac4bb9fc6e;20260807110901646::7b3d2647-2c8f-4e91-9cff-d99b6a6f1e90;ejecucion parcial
2026-08-07 11:09:02;NINE;Venta;20.0;10.53;210.6;;;;d28ae94d-3118-4a2a-8d21-3b1228826ecc;20260807110902522::659d2ca3-c2ed-4a3a-abf5-5cf6f251779b;
2026-08-07 11:09:42;MLAB;Compra;40.0;102.04;4081.6;;;;9e71a14b-8efe-4f1a-a562-185b704a9fa7;20260807110942742::d2c25679-f885-4bd6-bc1e-a5ab0eb5f146;
2026-08-07 11:09:43;MLAB;Venta;30.0;102.235;3067.05;;;;6520f6ad-9868-41cc-b994-106a6a594ba1;20260807110943429::bf379812-3191-4699-a16e-d0352ff97b12;ejecucion parcial
2026-08-07 11:09:45;MLAB;Venta;10.0;102.02;1020.2;;;;cb4ba890-3e72-4ead-8ebe-880e5e57e1dd;20260807110945612::67702168-980d-47ad-8cde-b8c429e6de1c;
2026-08-07 11:09:53;MCY;Compra;40.0;106.78;4271.2;;;;144b29da-4300-4b24-b5c4-6d03ba58e332;20260807110953620::a2109ead-b23b-4224-b5c2-dd616c973464;
2026-08-07 11:09:56;MCY;Venta;40.0;106.75;4270.0;;;;4f4ca5f3-85c6-4836-9b8e-3b878027527b;20260807110956616::41637afe-afe9-40cf-89b7-a72374d25b8e;
2026-08-07 11:12:24;ELVR;Compra;40.0;59.86;2394.4;;;;18c84f68-30da-446f-8e99-ff586d5f1f7a;20260807111224675::f07efa6b-59a4-415b-bd8b-d340ba368401;
2026-08-07 11:12:27;ELVR;Venta;40.0;59.86;2394.4;;;;3da7855b-72cf-4287-9c13-3f301e31293e;20260807111227546::0fcd2e15-c016-4da2-abf9-81a14420deee;
2026-08-07 11:12:43;DORM;Compra;20.0;138.28;2765.6;;;;a320f937-72bb-45dd-81d4-b4c1fe367b33;20260807111243725::887a2b44-76e6-4311-9c25-e04cbe1a3242;ejecucion parcial
2026-08-07 11:12:46;DORM;Venta;20.0;138.24;2764.8;;;;a763f519-ae70-4f70-ba45-d987e3f499f1;20260807111246841::3c1f40d7-1d3e-4490-b912-dbb573aff56b;
2026-08-07 11:12:47;DMRA;Compra;40.0;29.71;1188.4;;;;3f2bf0fb-7dfe-4f2c-ab8f-1c1ec7ba97c8;20260807111247547::29fd9a81-fe63-42fd-969f-f3cff20b9ab9;
2026-08-07 11:12:50;DMRA;Venta;40.0;29.9473;1197.89;;;;879a13fe-6fc0-462d-bbae-dea6577ca602;20260807111250407::a3ebaf72-c05c-4598-9f7a-fe096558cf97;
2026-08-07 11:30:59;UTL;Compra;50.0;53.3;2665.0;;;;bd164c50-7ee8-48de-bd02-0bb68bee27bf;20260807113059637::0a1823a5-63e0-4982-a37d-eb4336230024;
2026-08-07 11:31:00;UTL;Venta;50.0;53.43;2671.5;;;;a53daf04-926d-4e8f-9fc0-010044f6d178;20260807113100349::c4cffd09-5104-407a-b537-57b2492995c0;
2026-08-07 11:32:17;SPTX;Compra;50.0;23.6;1180.0;;;;9a024cbf-41c9-4efc-bf1c-35ab19961e00;20260807113217796::7ed484d1-8df3-47bc-b0f9-bc7a668bba9d;
2026-08-07 11:32:20;SPTX;Venta;50.0;23.6268;1181.34;;;;e8cb811d-6443-4a90-a77b-1b9790d04b3f;20260807113220666::72c8b1f8-941c-484a-a4e2-f9e919270f79;
2026-08-07 11:33:50;RLYB;Compra;50.0;16.2;810.0;;;;7e94633c-7edc-48a2-af4e-6563e9d04d46;20260807113350676::d68b23e1-b43c-486e-ad76-4fc8427773db;
2026-08-07 11:33:53;RLYB;Venta;50.0;16.15;807.5;;;;95509652-e30c-4c4f-be02-4dd4686f174b;20260807113353619::ccca9485-7d5d-4eae-bee9-2dc895d79b67;
2026-08-07 11:35:21;PBAM;Compra;50.0;85.75;4287.5;;;;13ccaa5c-5300-47d1-a451-709eafa1122d;20260807113521974::2760e4aa-ab72-4bfd-a240-43664fa11655;
2026-08-07 11:35:24;PBAM;Venta;33.0;85.7;2828.1;;;;6a1b5ecb-c841-467c-8e6d-25e26d25c9f3;20260807113524922::64983234-6345-4df5-b5c1-1039e28b7d62;
2026-08-07 11:35:24;PBAM;Venta;17.0;85.73;1457.41;;;;6a1b5ecb-c841-467c-8e6d-25e26d25c9f3;20260807113524915::9f666436-5b24-4c70-908e-e629acde2b9b;ejecucion parcial
2026-08-07 11:36:10;NWPX;Compra;50.0;120.37;6018.5;;;;60726aa5-2ac7-466b-89fb-7c8ea61a4c37;20260807113610388::cba9479b-2d05-4531-8c0b-d09f14067f51;
2026-08-07 11:36:11;NWPX;Venta;49.0;120.61;5909.89;;;;818bcbb6-3225-4322-8cd2-a7d81e974d2d;20260807113611122::c707e235-6803-4ca6-8450-49e3e5602502;
2026-08-07 11:36:11;NWPX;Venta;1.0;120.71;120.71;;;;818bcbb6-3225-4322-8cd2-a7d81e974d2d;20260807113611121::0ba7e990-528b-4677-b4c9-02158e31b184;ejecucion parcial
2026-08-07 11:37:28;MGRC;Compra;50.0;122.43;6121.5;;;;dc981db5-77f4-4915-9e8d-919ad19b8d16;20260807113728734::d1b29068-1755-4e88-a485-f9b84f541e20;
2026-08-07 11:37:31;MGRC;Venta;50.0;122.4595;6122.98;;;;3a519e2a-ba47-4906-92ab-5b6010016253;20260807113731702::733a37d5-e5f8-404a-a98f-130b090fefcd;
2026-08-07 11:41:19;ELVR;Compra;50.0;59.68;2984.0;;;;1218cc5a-a31b-453e-9bd2-6979a343e367;20260807114119702::06d27d46-8667-43da-965e-8bf63e664fb1;
2026-08-07 11:41:20;ELVR;Venta;50.0;59.86;2993.0;;;;86e7da00-21d5-4251-94f3-d224726c6254;20260807114120374::d6441fea-da9b-44b4-acf4-2e0857db14ec;
2026-08-07 11:42:05;CZNC;Compra;50.0;25.13;1256.5;;;;6dbd2b31-2436-4b96-b935-39071982773a;20260807114205632::a424bfad-6393-4894-b5ca-3c9359f2829f;
2026-08-07 11:42:08;CZNC;Venta;50.0;25.1195;1255.97;;;;db4fb058-41a7-4722-9c58-f4ccd1b4a81d;20260807114208623::4b2c1598-8450-4335-aa96-2abab48ec461;
2026-08-07 11:42:21;CSR;Compra;50.0;56.14;2807.0;;;;52fdd3f9-7010-4659-a7e9-b0db119087d4;20260807114221749::7d7c2a3b-4136-4af7-9e52-7a044633e49e;
2026-08-07 11:42:22;CSR;Venta;50.0;56.27;2813.5;;;;8342b61e-200d-41f3-8140-0cfa6823d474;20260807114222436::5935335b-f783-475c-ad77-3796fcac73ed;
2026-08-07 11:43:01;CHRN;Compra;50.0;21.45;1072.5;;;;de8b616a-0e97-41c3-a4d7-1d16b4c2e8bf;20260807114301457::1be32a61-9c64-45b4-a2a5-6d3d45adc2d1;
2026-08-07 11:43:04;CHRN;Venta;50.0;21.42;1071.0;;;;3dbcf88f-e61b-47ee-b8d9-23f10f846205;20260807114304354::69f26397-8b27-4b27-8bf3-31c813a68cd0;
2026-08-07 11:59:35;RLYB;Compra;40.0;16.2;648.0;;;;3cfec548-6948-4192-95a9-3b4af304b8f9;20260807115935617::8e989a53-4984-4a7a-b71a-923c3b8ca243;
2026-08-07 11:59:38;RLYB;Venta;40.0;16.15;646.0;;;;690d12a0-20b5-469e-937e-167e9a775c3a;20260807115938513::e2020dc0-2752-4983-8699-da6b3e9f6c33;
2026-08-07 12:00:11;PRSU;Compra;40.0;47.5;1900.0;;;;a72406be-6a21-434f-9c06-683f100a72a3;20260807120011067::35f4e3ee-3655-44bf-9c79-34ec584f4532;
2026-08-07 12:00:21;PRSU;Venta;20.0;47.5;950.0;;;;40f8cd3b-b648-4007-8457-1dde9c64b516;20260807120021898::01bd3c14-53b6-4763-a26e-5fbffb41554f;
2026-08-07 12:00:36;PRSU;Venta;10.0;47.48;474.8;;;;ea88614a-bc27-4608-9f7b-6fb506725474;20260807120036564::156eecad-4e51-4975-a66f-461603fda836;
2026-08-07 12:00:37;PRSU;Venta;10.0;47.48;474.8;;;;cd3bd962-7ce1-45fc-950e-01e5aa3077ab;20260807120037822::9957ac89-1977-48a8-ab16-cfc3a9255174;
2026-08-07 12:01:59;NWPX;Compra;40.0;119.96;4798.4;;;;9b5bf016-270e-414a-a053-08b1949ce315;20260807120159487::70b0883d-9eb4-4ad6-a923-6db05ae15eeb;
2026-08-07 12:02:02;NWPX;Venta;40.0;120.0188;4800.75;;;;d1ebbc2b-7a11-4942-8b25-8751260bd74d;20260807120202400::be45c6a7-e2fd-469f-bccc-471cd2a2b2a9;
2026-08-07 12:03:17;MCY;Compra;40.0;107.22;4288.8;;;;6db9d9f5-23d6-4fb6-980a-44f44084cc16;20260807120317408::65d34461-8e0c-4b38-a9e7-7cf9aec7b22b;
2026-08-07 12:03:20;MCY;Venta;38.0;107.24;4075.12;;;;8ff1499c-cf4c-416e-801d-5c662cd2509f;20260807120320350::247804ad-5006-467b-946e-87a6a9496012;
2026-08-07 12:03:20;MCY;Venta;1.0;107.2;107.2;;;;8ff1499c-cf4c-416e-801d-5c662cd2509f;20260807120320347::4a5d0398-dbe1-4bd2-9dc0-58841fcb2383;ejecucion parcial
2026-08-07 12:03:20;MCY;Venta;1.0;107.21;107.21;;;;8ff1499c-cf4c-416e-801d-5c662cd2509f;20260807120320346::16a655b8-46c5-4c79-82ad-1b33e0d96aa1;ejecucion parcial
2026-08-07 12:05:37;FSTR;Compra;40.0;41.11;1644.4;;;;674097f1-53b7-4241-a3d7-a535f50a0894;20260807120537868::7e303173-4f8b-47da-974b-e46ce9e7a9c2;
2026-08-07 12:05:40;FSTR;Venta;23.0;41.1;945.3;;;;bfc573d1-15d6-46cf-b325-6c3e205023f5;20260807120540774::32bd3593-ac4c-4561-b30e-194efcfb42d4;ejecucion parcial
2026-08-07 12:05:40;FSTR;Venta;17.0;41.1166;698.98;;;;bfc573d1-15d6-46cf-b325-6c3e205023f5;20260807120540773::885e8fe7-7986-48f3-8cca-4705901eecb9;
2026-08-07 12:07:14;DORM;Compra;40.0;137.44;5497.6;;;;35c201e3-9d09-44e1-80d1-892aef91426c;20260807120714994::dee5170e-dd95-42fc-b91f-25edda3fa3d1;
2026-08-07 12:07:15;DORM;Venta;40.0;137.63;5505.2;;;;b67f0cef-daa4-40c9-80aa-f3d394db4f63;20260807120715802::e4e06215-6728-46fa-9247-b00247ef467d;
2026-08-07 12:08:23;CCS;Compra;40.0;70.58;2823.2;;;;1ae84772-394c-4711-8bab-31914d6221e5;20260807120823783::72c38831-bf7c-449a-b28d-e836110129f6;
2026-08-07 12:08:24;CCS;Venta;40.0;70.73;2829.2;;;;7bc9d91e-ac22-463d-bb5c-5a4d0aa3baa2;20260807120824466::d04273b1-38b0-4aff-a684-45610193e3b5;
2026-08-07 12:10:27;ACNB;Venta;20.0;64.46;1289.2;;;;5682c57c-6f1f-41e6-8e50-720645ab1b7b;20260807121027899::7d48a7b1-eff8-42d2-9ebe-a26181b75b79;ejecucion parcial
2026-08-07 12:10:27;ACNB;Compra;40.0;64.31;2572.4;;;;5a2160e3-5eeb-4eba-b944-d5d52fc3b0ab;20260807121027140::cc3f7d18-3715-418b-8889-38f890485b6a;
2026-08-07 12:10:30;ACNB;Venta;20.0;64.29;1285.8;;;;d82276fa-9a23-4a40-a5f9-f7f7c78fcba0;20260807121030071::8b53bd5c-8519-44c6-8207-c6e9c65e7978;
2026-08-07 12:16:26;SSD;Venta;40.0;195.58;7823.2;;;;264af69e-b73b-47d8-8657-bb3605883652;20260807121626897::ba05eba9-66aa-4fbb-8ff1-522b15a49dc2;
2026-08-07 12:16:26;SSD;Compra;40.0;195.28;7811.2;;;;f66d1ad5-313d-448a-aa43-a3c1175bcd4a;20260807121626203::96f0404a-e16c-4b71-bca7-2f730a285b0e;
2026-08-07 12:22:04;IDT;Compra;40.0;65.0;2600.0;;;;8f734f9a-0677-4cdc-bd39-7d0b9481d3bb;20260807122204873::3fe792e5-753e-4d15-aa5e-e5d06f5c6bf3;
2026-08-07 12:22:05;IDT;Venta;40.0;65.15;2606.0;;;;73796682-3084-4482-b2b9-91e4a16af204;20260807122205549::dbffa901-4cef-4af8-b30e-8a8013f0cc73;
2026-08-07 12:24:00;ELVR;Compra;40.0;59.85;2394.0;;;;65e3fca5-0cf9-4c6b-ae80-c33c6b46e0ae;20260807122400187::865badd7-4fa6-4aec-b33f-7b5ace39c07d;
2026-08-07 12:24:03;ELVR;Venta;40.0;59.84;2393.6;;;;aeebd4c8-2e32-4b7f-bcb9-a07f6d35217e;20260807122403140::0c9528ca-515d-47ab-809d-c3f66f98a99a;
2026-08-07 12:24:50;CSR;Compra;40.0;56.25;2250.0;;;;7ca1c653-a5ce-4342-9d8c-722446c616af;20260807122450465::f6589dbe-c8c4-46ea-9ba2-4d04d3f45ba1;
2026-08-07 12:24:51;CSR;Venta;10.0;56.4;564.0;;;;5ce1630d-617e-4386-a6b0-a274c0839f61;20260807122451209::8797ebac-fc1e-49ed-84a5-f34609f5507d;
2026-08-07 12:24:51;CSR;Venta;1.0;56.4;56.4;;;;5ce1630d-617e-4386-a6b0-a274c0839f61;20260807122451208::57c4dc13-48d8-4fbd-8c80-e603d73c4904;ejecucion parcial
2026-08-07 12:24:51;CSR;Venta;29.0;56.4;1635.6;;;;5ce1630d-617e-4386-a6b0-a274c0839f61;20260807122451208::2b6666c5-fc3d-4295-b049-e571e2053cc3;ejecucion parcial
2026-08-07 12:25:24;CHRN;Venta;40.0;21.53;861.2;;;;cc8f61eb-85a7-4e63-9ecd-d65bbc2d94e8;20260807122524897::236a287a-2c99-47d3-8dbb-e4d24c70810b;
2026-08-07 12:25:24;CHRN;Compra;40.0;21.28;851.2;;;;2bf47b2f-912a-47cf-844f-8a95335b68da;20260807122524155::46dbe5e7-236d-49f4-bee0-27b0f519ef72;
2026-08-07 12:25:36;CCSI;Compra;40.0;35.72;1428.8;;;;e7740263-1dfd-4d7d-802b-5ae487af365c;20260807122536825::7ad501c0-8be5-407e-933b-4c5cad0aa286;
2026-08-07 12:25:39;CCSI;Venta;40.0;35.69;1427.6;;;;de5ab4b5-0b14-4a79-99c5-9cd1d7d7e4a0;20260807122539793::c61b0c46-ffa6-445d-8704-c1e279c0de0a;
2026-08-07 12:26:23;BLTE;Compra;40.0;163.82;6552.8;;;;f8f64215-a290-4e5e-8bd5-01ccb03d83b9;20260807122623852::b60cb437-2739-490d-a43e-949a4b4a8f3c;
2026-08-07 12:26:26;BLTE;Venta;40.0;163.9438;6557.75;;;;3f6c5b31-d37a-49bd-9463-60cfb4499341;20260807122626780::ae935046-09d2-46b0-898e-4a59523382ed;
2026-08-07 12:27:10;ARKW;Compra;40.0;147.0;5880.0;;;;c8387aa1-e2f6-4389-895d-de221676c499;20260807122710159::843c1d4e-bb26-4969-870c-ae1576107297;
2026-08-07 12:27:13;ARKW;Venta;40.0;146.97;5878.8;;;;65af361b-b346-4b16-b391-9af265c7e9e8;20260807122713378::358cc4d4-eff8-4cb7-9d0d-921233674c35;
2026-08-07 12:27:42;AERT;Compra;3.0;6.46;19.38;;;;58a5dd78-b45f-4a15-abc1-079e60f0bf5d;20260807122742252::18389dcc-d6f2-4add-823b-176294bcdf93;ejecucion parcial
2026-08-07 12:27:45;AERT;Venta;3.0;6.43;19.29;;;;52ee4608-d5f8-44e1-94be-52c86ff9ec76;20260807122745241::d8181efb-1141-467a-9196-3da69ca4fe5f;
2026-08-07 13:14:21;FSTR;Compra;60.0;41.02;2461.2;;;;81d071b0-99b5-4b3b-80da-3c68d092e297;20260807131421168::c7c4a780-0d2e-4676-a67b-fd1276f6e67c;
2026-08-07 13:14:24;FSTR;Venta;60.0;41.0563;2463.38;;;;78ea0eca-0e6a-4f91-99e2-6d39947f8a16;20260807131424038::b7ef98e2-4279-4546-9bab-865426547c19;
2026-08-07 13:17:55;AWI;Compra;60.0;186.49;11189.4;;;;f12790b9-0711-42b8-b94f-6a9491d65169;20260807131755741::ff7181d2-66dc-4ca4-893c-3023f277a597;
2026-08-07 13:17:58;AWI;Venta;60.0;186.6679;11200.07;;;;46515f5e-e9e2-4c9d-9253-a97da4864098;20260807131758635::2868bca2-a06d-4dbd-84d4-f2c911611880;
2026-08-07 13:34:56;QNCX;Compra;40.0;29.94;1197.6;;;;39b316ca-442a-473e-acd7-3cab07746609;20260807133456892::dcfb85a1-554a-4e0f-b340-876c2af4a538;
2026-08-07 13:34:59;QNCX;Venta;35.0;30.1;1053.5;;;;90295872-8858-4778-815b-f099a95d031c;20260807133459782::369d54c1-a576-4e51-9c2f-f338c0ec6716;ejecucion parcial
2026-08-07 13:34:59;QNCX;Venta;5.0;29.92;149.6;;;;90295872-8858-4778-815b-f099a95d031c;20260807133459782::1fdff94a-116d-4e7d-8cad-3d996e224357;
2026-08-07 13:37:26;MCY;Venta;40.0;108.2;4328.0;;;;78481503-6388-4871-b72f-c651362cfef7;20260807133726859::266cd284-e9d5-4d27-871f-ed155dbe7522;
2026-08-07 13:37:26;MCY;Compra;40.0;108.05;4322.0;;;;b1b6ac2c-e225-4d44-b586-c4dc834f43c8;20260807133726126::ea77a658-9513-4a9b-8bec-71d4a5413ced;
2026-08-07 13:37:34;MAAS;Compra;27.0;19.07;514.89;;;;c982aac4-225f-4de2-b554-1105e485881f;20260807133734869::157f8ba1-4e73-4f2e-aa65-50b1d35d512a;
2026-08-07 13:37:34;MAAS;Compra;13.0;19.07;247.91;;;;c982aac4-225f-4de2-b554-1105e485881f;20260807133734868::4eb23ddb-e1d0-4b26-94fe-c847f3327f1a;ejecucion parcial
2026-08-07 13:37:48;MAAS;Venta;10.0;19.05;190.5;;;;1193992d-4b59-46e3-ade2-14fec7618af4;20260807133748177::906d4a02-c774-4146-b7d7-29e5ce6bf05b;
2026-08-07 13:37:49;MAAS;Venta;10.0;19.05;190.5;;;;3fad9d60-a146-48ed-b4d8-7cc5539b6ca5;20260807133749436::612fa581-c749-46e3-85f1-3a01f084acca;
2026-08-07 13:37:54;MAAS;Venta;10.0;19.05;190.5;;;;c622b5e9-2742-41a4-91aa-e753f4c0f6a4;20260807133754750::c88d98a5-0edd-4fef-92b6-4e8c09e05eed;
2026-08-07 13:38:08;MAAS;Venta;10.0;19.02;190.2;;;;835cf655-eff8-464c-a8bb-3624f2326249;20260807133808080::892a0bec-adbd-47e9-8879-c83a0247d741;
2026-08-07 13:43:00;BUDA;Compra;40.0;8.15;326.0;;;;b8a355ba-bdc3-4a40-afcf-ff3df9eb27d0;20260807134300448::37449138-8414-402d-a22f-e306d27b770b;
2026-08-07 13:43:03;BUDA;Venta;40.0;8.12;324.8;;;;d52ebdbc-b0be-4270-9a41-f520aef259d1;20260807134303371::c159fadb-8e58-45fd-9420-265632c08bad;
2026-08-07 13:44:07;ALMR;Compra;10.0;28.54;285.4;;;;3d2eefc1-8bb9-48c5-81d1-bfeb74fdd3ef;20260807134407612::6f3d5cda-9bde-4115-8b47-ce7a49d2cdc8;ejecucion parcial
2026-08-07 13:44:10;ALMR;Venta;10.0;28.519;285.19;;;;1a992dab-28e9-4006-bf50-4c037f25e75a;20260807134410786::f96ef905-ea85-4b2b-91c7-0190d1f4bffc;
2026-08-07 14:22:18;SVRN;Compra;35.0;6.2;217.0;;;;9ef79f21-13c6-4af6-891d-7f6da0ea5e8c;20260807142218491::2a05ff06-e32c-47b6-be62-4bcc2cbb6fa5;ejecucion parcial
2026-08-07 14:22:19;SVRN;Venta;35.0;6.33;221.55;;;;443cb0ef-71d2-4579-b2ce-1732cf809adf;20260807142219352::3a61e899-442f-4fa3-b99e-de818270eb62;
2026-08-07 14:26:27;MQQQ;Compra;40.0;231.04;9241.6;;;;1319a4c6-290f-4977-9b43-397ea24c2200;20260807142627047::a26c2b01-2edd-4f93-ae47-2a13f2233c33;
2026-08-07 14:27:02;MQQQ;Venta;30.0;230.9;6927.0;;;;b799b0d5-1628-4699-90df-099f1c26bc23;20260807142702479::aa2d18d8-dba6-4d4a-8642-66be9c8f1f21;
2026-08-07 14:27:17;MQQQ;Venta;10.0;230.9;2309.0;;;;255338ee-e6a5-426d-8ebd-2ed0ed787c4c;20260807142717036::c29bea9a-4e50-4cdd-890b-b30b907526ef;
2026-08-07 14:30:18;FGDL;Compra;40.0;57.62;2304.8;;;;fec12329-afda-46da-a8eb-8ba20f7f80fc;20260807143018361::b467d567-0af6-437a-8523-8f6d7a642e56;
2026-08-07 14:30:21;FGDL;Venta;40.0;57.57;2302.8;;;;7b14fa6e-aeb1-4a52-a65f-83ab34275c0d;20260807143021274::b7748bb9-2ec6-4ac4-abad-be9e3b40185b;
2026-08-07 14:31:27;DORM;Compra;40.0;138.73;5549.2;;;;633c86af-83d2-46db-a7a3-e8c879a51b87;20260807143127684::6ed8285b-4bff-4c01-ba5c-ced43add95ea;
2026-08-07 14:31:30;DORM;Venta;40.0;138.7463;5549.85;;;;164492fb-d425-44ea-b3a6-93b3a0db02f9;20260807143130607::029b3247-0e0e-45ed-ba94-d0417764c624;
2026-08-07 14:31:45;CYD;Compra;40.0;47.72;1908.8;;;;6b55501b-6300-4ddb-8f91-d9ed63b3c859;20260807143145303::e555c57c-f14f-479d-8f30-ed5f587843ae;
2026-08-07 14:31:48;CYD;Venta;40.0;47.7;1908.0;;;;f7f2d9b7-1898-42aa-8e3a-a7d75d4e5e61;20260807143148256::83b531cf-17ed-46e4-bfbe-63a517a947f5;
2026-08-07 14:33:07;BVFL;Compra;40.0;21.47;858.8;;;;1342857d-a853-4aa6-82db-ecc97ffc7087;20260807143307306::b355b5fc-7937-488f-8736-b92f405669e6;
2026-08-07 14:33:26;BVFL;Venta;2.0;21.48;42.96;;;;c6317faf-8e94-4e69-8ad1-96b5b61d1dc4;20260807143326181::c4cacdf1-d076-402e-9127-6c312e8793bf;ejecucion parcial
2026-08-07 14:33:40;BVFL;Venta;10.0;21.46;214.6;;;;e9ae7745-9eea-4a08-9c3c-9c5eadea6c82;20260807143340630::66267cbe-5fb4-4308-93af-4bedc1585abd;
2026-08-07 14:34:34;BVFL;Venta;10.0;21.5;215.0;;;;9a0830b6-2137-45d5-b4d8-950fadd97429;20260807143434023::6a9a04af-9025-4148-9e42-3843e28bca88;
2026-08-07 14:34:45;BVFL;Venta;10.0;21.46;214.6;;;;c383c0b4-c0f6-42f5-b045-063d51d0ab99;20260807143445416::1d1f49d2-a616-4347-91d9-d7a64720309f;
2026-08-07 14:34:50;BVFL;Venta;8.0;21.48;171.84;;;;31d1eb95-270c-4d79-bd53-89fe635030af;20260807143450105::5f562657-373d-45f5-aca0-c08431717887;
2026-08-07 14:42:52;PBAM;Compra;40.0;85.81;3432.4;;;;1ed983a1-b085-4ba3-9099-20efdc23f03a;20260807144252994::f22b22a5-0bf4-4e35-af65-7a0acdd8a7eb;
2026-08-07 14:42:55;PBAM;Venta;40.0;85.8734;3434.94;;;;7b2560c7-e494-4b32-a795-98103f685cd5;20260807144255874::2679fbe1-a3e0-4e21-9449-cdcaae96dafd;
2026-08-07 14:43:28;NWPX;Compra;40.0;118.81;4752.4;;;;72dc4653-c9ab-486c-9242-aa3f574fa243;20260807144328405::679952e3-de32-42ff-895d-ef301f4506a3;
2026-08-07 14:43:29;NWPX;Venta;40.0;119.02;4760.8;;;;674be167-9c1e-41fa-b5aa-6e6bdeb3af8d;20260807144329105::85e1fd9d-e769-4b69-abc6-00cd8266b39c;
2026-08-07 14:45:29;INKT;Compra;6.0;11.04;66.24;;;;29ded9a5-91a6-4037-aeb9-cd9394286003;20260807144529792::6852e96c-eaff-4e36-9025-a9040afe0f3a;
2026-08-07 14:45:29;INKT;Compra;34.0;11.04;375.36;;;;29ded9a5-91a6-4037-aeb9-cd9394286003;20260807144529791::7cb08cc9-ac38-4ff3-aeae-f88871e46356;ejecucion parcial
2026-08-07 14:45:32;INKT;Venta;40.0;11.01;440.4;;;;ab88e2a9-2c6c-4c17-b484-30b487383c6e;20260807144532669::1d15388c-278d-4f4a-84d2-266d206576e3;
2026-08-07 14:45:34;IMKTA;Compra;1.0;87.12;87.12;;;;71305853-3297-454d-8a21-e0d722ef5586;20260807144534447::e05ee9e5-103c-4d6b-9e60-d2b4d1701882;ejecucion parcial
2026-08-07 14:45:35;IMKTA;Venta;1.0;87.31;87.31;;;;d0711c34-59c0-4dec-a79e-2738b93e46c9;20260807144535492::e32ceabb-2d93-4389-b7b3-8e41c2050bcb;
2026-08-07 14:47:15;FDRR;Compra;2.0;69.53;139.06;;;;3bcb579d-cfe3-45f0-a824-575da7a268b0;20260807144715509::7a7750ea-8abd-40f6-a9c3-4adb714ac993;ejecucion parcial
2026-08-07 14:47:16;FDRR;Venta;2.0;69.66;139.32;;;;8382a351-c167-4761-8aa8-a0c07e83b732;20260807144716408::2fb1e828-bec2-46db-a61a-734260661a00;
2026-08-07 14:47:35;ESEA;Compra;40.0;75.54;3021.6;;;;48e819ee-3e85-45a0-bf02-960d91e0646b;20260807144735389::00310234-02e4-471a-a83e-4276e5b88fe5;
2026-08-07 14:47:38;ESEA;Venta;4.0;75.51;302.04;;;;f6062f1c-1968-41c5-869e-13053cb5cbb4;20260807144738334::09ed7b22-1e5b-4f16-a6d1-4d03a5d97608;
2026-08-07 14:47:38;ESEA;Venta;13.0;75.51;981.63;;;;f6062f1c-1968-41c5-869e-13053cb5cbb4;20260807144738322::c564d5f9-2eca-4d65-8e44-348e5e16024b;ejecucion parcial
2026-08-07 14:47:38;ESEA;Venta;23.0;75.51;1736.73;;;;f6062f1c-1968-41c5-869e-13053cb5cbb4;20260807144738318::cba38b4f-cf75-45ef-9cdc-20d3de71a72b;ejecucion parcial
2026-08-07 14:50:06;BMI;Compra;40.0;138.45;5538.0;;;;3c045af5-790b-4ad5-beb7-edc2604b21fd;20260807145006778::755cae89-c7e2-409c-9aa5-5e4a3d85ce05;
2026-08-07 14:50:09;BMI;Venta;22.0;138.41;3045.02;;;;9f81aa8c-2524-4e69-8e58-8dd709f04b50;20260807145009804::713f8de0-f057-42d6-8897-5564c3e9eaa3;ejecucion parcial
2026-08-07 14:50:09;BMI;Venta;18.0;138.4409;2491.94;;;;9f81aa8c-2524-4e69-8e58-8dd709f04b50;20260807145009803::1a05d9e6-7f09-4fdd-9a41-2d12cc261861;
2026-08-07 14:50:20;BGSI;Compra;40.0;101.62;4064.8;;;;c932b443-ca2d-4eab-a5e1-0f0a38f31901;20260807145020786::faba4fea-41ad-437f-b73a-4465a6efe94a;
2026-08-07 14:50:53;BGSI;Venta;10.0;101.6;1016.0;;;;f1a0092c-3732-4dc4-95be-b773abdb8ab6;20260807145053629::e63607d4-c6f1-4eb7-8919-8024eb0e29bd;
2026-08-07 14:50:54;BGSI;Venta;10.0;101.6;1016.0;;;;4c066457-12b4-4041-bc26-3f8b0037e5dd;20260807145054641::a4f61b12-b6e2-4791-b6b2-829f1273f478;
2026-08-07 14:50:55;BGSI;Venta;10.0;101.6;1016.0;;;;fb12ebd2-49ce-4c57-aad7-b39916604fcc;20260807145055362::06eebe61-2b70-402b-a39f-8412c442c780;
2026-08-07 14:50:56;BGSI;Venta;10.0;101.6;1016.0;;;;e9e2651c-f6cf-43d8-b464-7eec94e12c3f;20260807145056136::95558a00-b763-4484-bb1c-e199947bbfb6;
2026-08-07 14:51:54;AERT;Compra;2.0;6.46;12.92;;;;e54a67a4-738f-4e61-bd94-b95a970891ae;20260807145154079::c8a95e16-fd54-4e27-8a3c-9c663a6e9931;ejecucion parcial
2026-08-07 14:51:57;AERT;Venta;2.0;6.485;12.97;;;;4043c18b-b53f-46b2-bd3d-04cfb860b853;20260807145157165::7a135ceb-8316-492d-8e43-6f7901ad90ed;
2026-08-07 15:29:48;SLX;Venta;40.0;110.18;4407.2;;;;fe9503cf-c26e-4158-898d-d4494cb296a7;20260807152948990::4c5eb308-072c-4311-8f65-801495335b26;
2026-08-07 15:29:48;SLX;Compra;40.0;110.07;4402.8;;;;8ee44635-760f-4d5d-a057-2ab74b017781;20260807152948283::11447029-cfba-4d04-8619-4eb3390bbda1;
2026-08-07 15:31:06;QCRH;Venta;3.0;103.67;311.01;;;;fe85bb20-da79-4f09-bb67-db83d8c73971;20260807153106874::b57afe4f-6a2a-43d1-90cf-5ab00571de8a;
2026-08-07 15:31:06;QCRH;Venta;12.0;103.67;1244.04;;;;fe85bb20-da79-4f09-bb67-db83d8c73971;20260807153106874::53cc2ceb-2ea2-4447-baad-55d4872b2249;ejecucion parcial
2026-08-07 15:31:06;QCRH;Venta;25.0;103.67;2591.75;;;;fe85bb20-da79-4f09-bb67-db83d8c73971;20260807153106874::1a796526-9017-4b32-9292-1fb8003fff06;ejecucion parcial
2026-08-07 15:31:06;QCRH;Compra;40.0;103.58;4143.2;;;;8383d438-7a71-4c8e-8ab9-a4f94682f4a2;20260807153106175::575859ad-8a45-41ef-85f2-861c7e97f1d1;
2026-08-07 15:31:48;PFBC;Compra;39.0;105.63;4119.57;;;;1088905f-0e1a-4e51-bfbe-31ade8be098d;20260807153148176::ffb62ec5-b8d6-4d3e-a0f9-dbf772dfbdbb;
2026-08-07 15:31:48;PFBC;Compra;1.0;105.63;105.63;;;;1088905f-0e1a-4e51-bfbe-31ade8be098d;20260807153148176::b6209f6b-67c8-43e6-958d-9d7039f40d85;ejecucion parcial
2026-08-07 15:32:44;PFBC;Compra;10.0;105.46;1054.6;;;;334687a5-e608-4206-b227-bcfd13954f6a;20260807153244867::7f68468c-0f28-48e6-9462-539ce5d598ee;
2026-08-07 15:32:49;PFBC;Venta;20.0;105.56;2111.2;;;;4ff7887b-a342-4565-83e2-3d255dbd06c4;20260807153249685::63d38694-a5d1-4558-bf18-65b84ddf2b2f;
2026-08-07 15:32:51;PFBC;Venta;20.0;105.58;2111.6;;;;3954ae98-1b71-4816-8e01-6be009a98f9c;20260807153251256::57ae198a-36f7-4ade-9860-4777432de5f7;
2026-08-07 15:33:05;PFBC;Venta;10.0;105.54;1055.4;;;;da39340b-c716-4799-abe4-912dae656b3b;20260807153305994::41692423-6d39-4350-b970-1b8aee1af1d4;
2026-08-07 15:34:09;NIPG;Compra;2.0;8.67;17.34;;;;5447b9dd-e164-4ef9-aebc-16c5f36db511;20260807153409828::3c18ad39-1b4c-4bf8-97b9-dcb1614afcac;ejecucion parcial
2026-08-07 15:34:12;NIPG;Venta;2.0;8.61;17.22;;;;3847faaf-af94-46ee-a304-19a9c5abd923;20260807153412852::119326a5-fcb3-4c70-8587-a57a85ff21e3;
2026-08-07 15:34:23;NC;Compra;40.0;42.84;1713.6;;;;387f6ed6-41af-4b79-8b8e-376962f14cfa;20260807153423075::10e752b7-eeca-4085-a20a-8eb9512ef57c;
2026-08-07 15:35:05;NC;Venta;17.0;42.75;726.75;;;;d309b200-9905-438e-bf9f-af452f905a70;20260807153505680::a9c030da-5e9f-47c9-9e74-bce1679aa143;
2026-08-07 15:35:05;NC;Venta;3.0;42.76;128.28;;;;d309b200-9905-438e-bf9f-af452f905a70;20260807153505680::1c9e9d5a-f754-41ae-8108-c710bc1d9a9e;ejecucion parcial
2026-08-07 15:35:11;NC;Venta;10.0;42.75;427.5;;;;c9966633-c51c-4fec-a5af-166760d37e9d;20260807153511723::5a042188-1f0c-4fa0-b2a6-8c959041bc7c;
2026-08-07 15:35:17;NC;Venta;10.0;42.75;427.5;;;;7df8b411-3e7f-4a79-9722-5f5c04d52ac9;20260807153517481::56ae0195-5f5d-4a7a-af6b-de2c774c5a44;
2026-08-07 15:35:53;MCB;Compra;40.0;92.76;3710.4;;;;32f7e5c5-caaa-47a7-978c-aaacb25082d5;20260807153553532::01dd9e94-37e3-4702-8d0a-58811a26792b;
2026-08-07 15:35:54;MCB;Venta;40.0;92.88;3715.2;;;;1740f6a9-cf50-4226-8848-aef8304e5beb;20260807153554227::064732f1-42da-4da4-a6c5-830f158fecbd;
2026-08-07 15:36:27;KEN;Compra;40.0;66.02;2640.8;;;;62d4c647-9089-421c-b9ae-234376afb272;20260807153627197::1f6a1767-41aa-4f96-b8dd-1c7b4cff49a1;
2026-08-07 15:36:30;KEN;Venta;36.0;66.08;2378.88;;;;b917c8a1-db3f-4646-987c-42120998f47a;20260807153630217::5466a5ff-47ce-44c0-a2c5-cc4739dc47ec;ejecucion parcial
2026-08-07 15:36:30;KEN;Venta;4.0;66.0572;264.23;;;;b917c8a1-db3f-4646-987c-42120998f47a;20260807153630217::22ea6651-bd60-4453-8025-f1612c9facfd;
2026-08-07 15:36:33;JSML;Compra;40.0;91.53;3661.2;;;;8a813f98-2211-4ac3-97c9-cd29b56a0076;20260807153633978::553e9c52-ab06-4abf-b114-76fa46985528;
2026-08-07 15:36:34;JSML;Venta;40.0;91.64;3665.6;;;;3608d102-15af-45cb-b2d8-c0d120e10954;20260807153634705::bcd608bd-f813-4a56-af25-b04c31d49323;
2026-08-07 15:36:55;INKT;Compra;8.0;11.04;88.32;;;;ecc22a71-65af-48e0-a4da-e92af267bfbd;20260807153655531::c9289305-ce64-4d87-be6c-a3bdf9b2f893;ejecucion parcial
2026-08-07 15:36:58;INKT;Venta;8.0;11.01;88.08;;;;191f5980-ca85-4011-bfa4-41f8edc04235;20260807153658622::e24811df-69f6-4255-96e6-04cc99bec65d;
2026-08-07 15:40:34;CHRN;Compra;40.0;21.06;842.4;;;;8e8f8909-8ed8-4179-aa5f-0f853e809291;20260807154034633::d9758efc-6572-4f9f-bda7-3e3585f0aa74;
2026-08-07 15:40:37;CHRN;Venta;40.0;21.02;840.8;;;;b080c040-47eb-4903-b2bd-c0c1b1fa41e2;20260807154037587::6a82f0d0-9eb0-4f1a-b431-4d6587ab20ac;
2026-08-07 15:41:18;BMI;Compra;40.0;138.79;5551.6;;;;338c4eb3-7bcf-4d5b-b82c-1205049c355a;20260807154118808::f761aa35-f175-4db7-981f-39f4cfa01fc7;
2026-08-07 15:42:05;BMI;Venta;8.0;138.8;1110.4;;;;9e4ae5cb-a241-409b-be32-2dcd32b0980d;20260807154205869::6beba733-8c3a-4597-a4cb-547cb11ee309;
2026-08-07 15:42:20;BMI;Venta;8.0;138.76;1110.08;;;;3a196ff4-f717-4033-b4a8-232d3cb9318c;20260807154220589::14549381-3a00-442b-94ce-91a03f5f6351;
2026-08-07 15:42:21;BMI;Venta;8.0;138.76;1110.08;;;;423ea48d-9be3-4c5f-93e8-bcd434ce2239;20260807154221922::f1e441c9-217d-4d49-90fb-897950fba2f0;
2026-08-07 15:42:23;BMI;Venta;8.0;138.76;1110.08;;;;c4ad9a7f-bc7f-4193-a70a-4cfc81ef896e;20260807154223090::adaee997-a6b3-4c46-9d64-02f94669dc32;
2026-08-07 15:42:28;BMI;Venta;8.0;138.76;1110.08;;;;6de7dc4e-3b37-4faf-b0b2-9f81a950a7dd;20260807154228003::d05d7f3c-b468-482a-9df4-a6bbe990f5e4;
2026-08-07 15:46:30;PTHS;Compra;20.0;28.17;563.4;;;;98bb28ce-e743-408c-b7ef-7bf16d82d702;20260807154630045::e2d9341c-87b8-46a9-8ca8-e2965cb33148;
2026-08-07 15:46:32;PTHS;Venta;20.0;28.18;563.6;;;;a0965b9b-e59d-4b0b-8f40-998163ecce7e;20260807154632945::28c4783e-3242-4755-8443-02248ed77a6d;
2026-08-07 15:48:01;NKSH;Compra;20.0;42.06;841.2;;;;1abbf7b5-d846-42ce-98a9-1f5837ebcc57;20260807154801988::1906c43c-8ffe-4c40-be57-f81bd8bba709;
2026-08-07 15:48:41;NKSH;Venta;10.0;42.065;420.65;;;;7ca5320b-4180-4be1-b64c-77306d6b5436;20260807154841351::c57859cb-78e3-4369-8329-0803c51785a3;
2026-08-07 15:48:42;NKSH;Venta;10.0;42.1;421.0;;;;c9e31bd1-5927-443d-a47a-90fd1704b769;20260807154842912::9b0173c7-dbe0-4ade-a651-a5f28984d682;
2026-08-07 15:49:29;MHO;Compra;20.0;151.72;3034.4;;;;56d2100b-b172-4371-a87b-4c95e318a479;20260807154929833::01fcde52-fbbd-460a-8472-e16276672900;
2026-08-07 15:49:30;MHO;Venta;20.0;151.81;3036.2;;;;35e8a682-c31c-4d96-b712-48977bb03aa2;20260807154930512::8b330068-0117-473b-a2aa-ca6bba586077;
2026-08-07 15:50:48;HWKN;Compra;20.0;129.47;2589.4;;;;8ad3edec-a4fe-4b7b-926d-84e1e39db5ec;20260807155048050::1cba968b-f721-4f01-9ae2-ebd2e8779b6c;
2026-08-07 15:50:50;HWKN;Venta;20.0;129.44;2588.8;;;;9018a1c4-5be9-4e1d-8c09-31595cc919a6;20260807155050988::73c014cc-0a76-421b-9106-9f21e09f0404;
2026-08-07 15:52:00;FLXS;Compra;1.0;76.27;76.27;;;;2aa6d903-d848-4115-a681-ca952a9f3c75;20260807155200536::fb22f0af-7d46-4a9e-94e8-bec2e755b33b;ejecucion parcial
2026-08-07 15:52:03;FLXS;Venta;1.0;76.27;76.27;;;;ff56cd60-0be9-465e-b84a-5ac093472bf5;20260807155203645::c941671e-f484-4c97-9d0f-5d5ededdd9b4;
2026-08-07 15:53:45;CHRN;Compra;20.0;21.06;421.2;;;;5a1188cc-b95a-4630-9bbb-7166141d0aeb;20260807155345607::3238e10e-6a95-44c3-9940-aa20d5c5919e;
2026-08-07 15:53:46;CHRN;Venta;20.0;21.27;425.4;;;;493251ab-946a-48db-81d5-0617941864bb;20260807155346323::da636075-dbf6-4da1-a4f2-a849088ef11e;
2026-08-07 15:53:56;CCG;Compra;3.0;14.11;42.33;;;;6965f4e1-f5da-49bd-a607-92e89e74531c;20260807155356001::64f06db7-517b-4365-b137-fd9d79cbc818;ejecucion parcial
2026-08-07 15:53:59;CCG;Venta;3.0;14.0913;42.27;;;;abf6b69b-4c58-4b90-a9ed-7eb12c0c6f55;20260807155359093::d3477c25-d677-4e77-bce4-9212fc9e6045;
2026-08-07 15:54:14;BUDA;Compra;13.0;8.13;105.69;;;;80d4bd22-50d9-4f5f-823c-8d5e67dbc583;20260807155414962::8d822efb-35c4-416d-bb61-d8a482f47058;ejecucion parcial
2026-08-07 15:54:17;BUDA;Venta;4.0;8.1;32.4;;;;a4ce1431-1b94-475e-a5fc-79867dc322e1;20260807155417953::ddf8b095-e928-4f1f-bcff-798a3341744c;
2026-08-07 15:54:17;BUDA;Venta;9.0;8.11;72.99;;;;a4ce1431-1b94-475e-a5fc-79867dc322e1;20260807155417948::c86046ef-0d08-40b8-bb23-19f6f840c5c9;ejecucion parcial
2026-08-07 15:55:18;APMD;Compra;20.0;27.1;542.0;;;;4432cab3-9dba-497c-a47a-0ebe5466015d;20260807155518164::a166414d-bb42-49be-865a-59806b817a71;
2026-08-07 15:55:19;APMD;Venta;20.0;27.22;544.4;;;;fe4a3822-437a-4982-8f33-c5cb1ccd4262;20260807155519046::a6c59a97-8f81-4741-92f0-07cf3900d39f;
2026-08-10 10:09:02;PBAM;Compra;40.0;85.97;3438.8;;;;97e36b34-4331-43f6-b203-96dfe07bb7e9;20260810100902570::88888d73-9d75-4f85-962e-1b0f64292fb7;
2026-08-10 10:09:04;PBAM;Venta;40.0;85.9;3436.0;;;;38359963-5936-453c-84bf-691b973e3e17;20260810100904837::92658880-57c6-4511-aeca-9819d6f513ba;
2026-08-10 10:09:31;NNNN;Compra;40.0;10.63;425.2;;;;2e95a6a3-c88e-4b70-80f1-9b2d5ccf6b5c;20260810100931979::7c75973e-3366-4871-b958-cf3e4e6b4a97;
2026-08-10 10:09:34;NNNN;Venta;40.0;10.6;424.0;;;;d213299c-6983-493b-9469-f4278f4d5eef;20260810100934245::e8b9b7f0-77af-45f1-a6e7-3e2b1fd21dab;
2026-08-10 10:29:57;PBAM;Compra;50.0;85.92;4296.0;;;;e245342f-d7dc-4811-89dc-6ba19fadb997;20260810102957764::8f469555-05d6-460f-b794-5acfb2d66a26;
2026-08-10 10:30:00;PBAM;Venta;4.0;85.85;343.4;;;;5c32ab02-d4b9-4c59-bc7e-9d3b0e9f39ba;20260810103000023::f49e00ea-c450-4efc-ab27-4b8b80042753;ejecucion parcial
2026-08-10 10:30:00;PBAM;Venta;46.0;85.85;3949.1;;;;5c32ab02-d4b9-4c59-bc7e-9d3b0e9f39ba;20260810103000023::ea3f0f5f-41e9-4563-bdba-d0063370fe56;
2026-08-10 10:35:18;CCG;Compra;50.0;13.61;680.5;;;;fded80da-bb76-41dd-ac69-fd8ca7d91c96;20260810103518338::d91f5ea5-e9d4-419d-8dad-82accd708791;
2026-08-10 10:35:20;CCG;Venta;13.0;13.55;176.15;;;;921a3475-4a00-4252-a52a-490df4cba392;20260810103520679::9a261214-5102-4318-9302-1b4fe4694ad2;
2026-08-10 10:35:20;CCG;Venta;37.0;13.59;502.83;;;;921a3475-4a00-4252-a52a-490df4cba392;20260810103520674::532be6dc-d508-445f-b511-9b76afb8f3b4;ejecucion parcial
2026-08-10 10:54:17;TWFG;sell_short;40.0;29.18;1167.2;;;;5036357d-3932-42c3-8ecf-ea2999cdd66c;20260810105417984::f2b3be69-9062-4a6a-a044-0ebf7bbe66dd;
2026-08-10 10:54:18;TWFG;Compra;40.0;29.03;1161.2;;;;e5a05025-20b3-4733-995e-08ae24940131;20260810105418685::ac1b40b4-699b-40d8-87a1-9c34bbefaeb3;
2026-08-10 10:54:25;TCI;sell_short;40.0;36.37;1454.8;;;;3785c50e-2abc-461c-8b12-85a678164ce5;20260810105425657::f7289b8c-8e0e-424a-a9c8-69448c1b8398;
2026-08-10 10:54:28;TCI;Compra;40.0;35.98;1439.2;;;;b88a2a0f-f67f-48a2-a3dc-2971cc1b2dc5;20260810105428027::06e109cc-4d41-4801-8019-4dccb86d3665;
2026-08-10 10:56:42;IOSP;sell_short;4.0;93.58;374.32;;;;5ab6ec5a-55c1-4ca0-8eb8-610f119c9038;20260810105642467::65a59bc7-87ae-400a-986c-b6cc7afced9c;ejecucion parcial
2026-08-10 10:56:43;IOSP;Compra;4.0;93.44;373.76;;;;29f1a8fc-e92c-4af1-92c0-3f70ecf83976;20260810105643239::a16fda6a-3bf5-4e95-bad5-c0486e8c014c;
2026-08-10 10:56:44;IMKTA;sell_short;40.0;86.94;3477.6;;;;fe445061-0911-4d08-96ed-4523552e3f96;20260810105644255::318cd95d-4081-4c3c-9695-a8b9956489f5;
2026-08-10 10:56:46;IMKTA;Compra;4.0;86.97;347.88;;;;5222a779-d52c-4c4f-b0dd-6dbdfc8d8b31;20260810105646519::9a2e4ef7-692d-4193-a935-f0fd42351358;ejecucion parcial
2026-08-10 10:56:46;IMKTA;Compra;20.0;86.94;1738.8;;;;5222a779-d52c-4c4f-b0dd-6dbdfc8d8b31;20260810105646519::4e7120f7-f068-4a43-b833-240411591939;ejecucion parcial
2026-08-10 10:56:46;IMKTA;Compra;16.0;86.98;1391.68;;;;5222a779-d52c-4c4f-b0dd-6dbdfc8d8b31;20260810105646519::275e7fe7-9ac0-4b34-9f29-ad1d7c7b8e3d;
2026-08-10 11:17:14;USLM;sell_short;40.0;121.31;4852.4;;;;1b160eca-e48d-4b84-b540-0c6c474886fe;20260810111714120::7a292152-a49d-4c78-a301-acdd6a306e10;
2026-08-10 11:17:15;USLM;Compra;40.0;121.18;4847.2;;;;9ab6008d-22be-4a28-9cdf-92ca9fab5c01;20260810111715160::733dabca-9b41-475e-8a2b-91aa49c5e340;
2026-08-10 13:17:02;UTMD;Compra;20.0;71.66;1433.2;;;;75c4b98c-6194-4a7e-b000-efc479042840;20260810131702036::fdeb971c-41c7-4879-b92d-7f0408650833;
2026-08-10 13:17:04;UTMD;Venta;20.0;71.65;1433.0;;;;d56f11b6-f7c4-462a-81f8-28e167cf448d;20260810131704395::5c12e1bc-6d48-4726-bc86-ff0c58e68fc8;
2026-08-10 13:19:01;PLUS;Compra;20.0;90.86;1817.2;;;;68a06762-a400-4511-b406-3d76e7d142f9;20260810131901333::bddedcec-6d9e-4da4-97fa-4841ecb410da;
2026-08-10 13:19:02;PLUS;Venta;20.0;91.09;1821.8;;;;9bfe4dd2-3ebc-4551-bc48-395b78854b5d;20260810131902106::e731cdbb-f67a-4394-8211-3522407bba70;
2026-08-10 13:19:44;NICM;Compra;2.0;6.19;12.38;;;;ee79f33e-86fb-436b-ad40-48ed9b080e3f;20260810131944803::27f10596-bfe1-41e0-9f40-775953180021;ejecucion parcial
2026-08-10 13:19:47;NICM;Venta;2.0;6.2;12.4;;;;5fc67b10-cea1-4dbb-b1a0-330e1da65610;20260810131947255::e3be4e66-0ecd-4cc0-95de-52404c73c20c;
2026-08-10 13:21:45;FRHC;Compra;20.0;152.25;3045.0;;;;a51dff0d-7434-4f93-8395-b63ec80c82ef;20260810132145720::940f5051-9fb9-4c68-a0a2-9c149d66284a;
2026-08-10 13:21:48;FRHC;Venta;20.0;152.33;3046.6;;;;612ba893-1462-4fe5-be46-420db723f171;20260810132148479::c4ddedf4-fe8c-4b5c-b272-833a1dc05e92;
2026-08-10 13:23:10;CDEI;Compra;1.0;94.25;94.25;;;;8b9d7921-563c-4e3a-8ccc-6641eac8778d;20260810132310331::7fad523b-b6a0-4d9d-bceb-3ffed141e927;ejecucion parcial
2026-08-10 13:23:11;CDEI;Venta;1.0;94.38;94.38;;;;f709a2ab-7bc9-4b2d-b3f4-b18395a65304;20260810132311210::406364b8-175a-4f11-ac2e-cbb8940d9857;
2026-08-10 13:23:14;CCEC;Compra;20.0;22.47;449.4;;;;e2b6998a-0546-4fdb-815f-04df59c38cc1;20260810132314247::44489341-5aea-44dd-808a-c762bb3bbbe5;
2026-08-10 13:23:16;CCEC;Venta;20.0;22.71;454.2;;;;df8d8ea1-6a6b-44c9-986e-6338fc45b51e;20260810132316787::80fd160f-9066-4f1e-9e60-7bd9e73fd81e;
2026-08-10 13:23:57;BCPC;Compra;20.0;177.88;3557.6;;;;8073195c-2a48-4f1f-8f82-514db52eb568;20260810132357389::d98a2a14-da89-403a-86f9-4011d5afb18e;
2026-08-10 13:23:58;BCPC;Venta;20.0;178.0;3560.0;;;;f5016712-3049-43ba-aaac-b915d4fe216a;20260810132358327::fee5cd17-5c81-468c-86cf-fa1bad4a2425;
2026-08-10 13:24:25;AIVC;Compra;20.0;111.09;2221.8;;;;d6d069b8-f622-4cc9-9b39-5f580a90ab80;20260810132425676::d2f03ed4-baea-41fd-83fc-b008e7f2b696;
2026-08-10 13:24:26;AIVC;Venta;20.0;111.27;2225.4;;;;b72956e0-5995-4035-8d59-7541c4b65439;20260810132426791::87450552-730e-45fe-b8d4-8234ad12da26;
2026-08-10 13:45:48;PLUS;Compra;20.0;90.98;1819.6;;;;5c69f961-ada8-4a2e-b505-00f6a6ad10d6;20260810134548701::22dc4725-b5b0-462b-a6c9-2812e2a6d04f;
2026-08-10 13:45:49;PLUS;Venta;20.0;91.09;1821.8;;;;c6796944-faf3-48a0-98d4-e83fd6cd4ea0;20260810134549448::c1d65a5e-cdf9-4ab2-aed8-86896f921f9e;
2026-08-10 14:00:30;CCEC;Compra;20.0;22.48;449.6;;;;12235a92-b601-46bd-9292-c4d70abea378;20260810140030116::20b5dee0-6185-482e-8f22-636e419aef84;
2026-08-10 14:00:32;CCEC;Venta;20.0;22.45;449.0;;;;3c14e7f4-f241-4d8d-b8b7-a1865cc6036b;20260810140032615::7eff3a65-9510-4e18-926b-607e0eddb129;
2026-08-10 14:01:44;AIVC;Compra;20.0;111.11;2222.2;;;;769edff4-327c-4287-9e0d-e8b3d338382c;20260810140144060::1a1a4463-bcbd-4b91-8a9f-69ba51ab4846;
2026-08-10 14:01:45;AIVC;Venta;20.0;111.26;2225.2;;;;94432982-15cd-4a5f-80a5-266caed545c8;20260810140145077::7038b7a0-a0cc-4f4f-bc1c-91f579b5be7a;
2026-08-10 14:20:27;TRIB;Compra;20.0;12.96;259.2;;;;87c4ee8b-7a14-4281-b0a8-58c59ce48d34;20260810142027811::e8bcfbf2-8361-4da1-a105-26f1c35c910d;
2026-08-10 14:20:28;TRIB;Venta;20.0;13.11;262.2;;;;d3a1fc9c-e278-40f7-b331-f5f166170967;20260810142028584::a5cf8f32-3705-403b-95de-5f8a942bda64;
2026-08-10 14:21:26;SAM;Compra;20.0;181.51;3630.2;;;;8c811a07-b60f-475a-8789-8229d44317ba;20260810142126785::982ca1fb-6c6f-4a41-8647-5e52e0de77ac;
2026-08-10 14:21:27;SAM;Venta;1.0;181.77;181.77;;;;cc7c602a-3a59-470d-a748-f6a351db2d3c;20260810142127537::df257175-9d4c-4455-a4be-345097f28b5c;ejecucion parcial
2026-08-10 14:21:27;SAM;Venta;5.0;181.71;908.55;;;;cc7c602a-3a59-470d-a748-f6a351db2d3c;20260810142127537::d544829c-8533-42f0-8f00-5728714ad682;ejecucion parcial
2026-08-10 14:21:27;SAM;Venta;13.0;181.77;2363.01;;;;cc7c602a-3a59-470d-a748-f6a351db2d3c;20260810142127530::b94da7dd-a1de-4267-8f0c-67cf567e0312;ejecucion parcial
2026-08-10 14:21:29;SAM;Venta;1.0;181.46;181.46;;;;f46517d2-3ff6-4d86-a13a-437e74626b7b;20260810142129146::6e93b5f6-48e5-467b-93fc-65a5f315d27d;
2026-08-10 14:23:44;LLYVA;Compra;20.0;100.01;2000.2;;;;2db1a4e8-0852-41f4-9ae8-8fd27c83fe03;20260810142344221::be8583a4-8bb4-4bd4-b47e-32d8929c7f7e;
2026-08-10 14:23:46;LLYVA;Venta;20.0;100.001;2000.02;;;;e78101d7-4d77-48c0-837f-29c126fcc18c;20260810142346527::78019326-4717-4e49-856b-258c7dfeb229;
2026-08-10 14:24:00;KNSL;Compra;20.0;367.01;7340.2;;;;b8e1a8d7-e9ef-4980-b2f1-464c415fe7b9;20260810142400965::23adac82-3a1b-4776-a395-9f19a2f12e8c;
2026-08-10 14:24:01;KNSL;Venta;20.0;367.3;7346.0;;;;3d8a4883-7fd6-4b90-ad77-58a57715e7cb;20260810142401677::57e6bdaf-736f-4f89-a46a-2e4218a6fa0e;
2026-08-10 14:29:10;ACU;Compra;3.0;57.01;171.03;;;;4621b44a-55c9-4c24-af4b-2904cd65f183;20260810142910876::57be5b78-73a1-4dad-b7a9-25fa1f0592b6;ejecucion parcial
2026-08-10 14:29:13;ACU;Venta;3.0;57.16;171.48;;;;3cb681cf-cb09-4c60-acb2-e289d8b10d46;20260810142913287::d1fde4f1-9164-4bae-aaf9-3ca911d6dadf;
2026-08-10 14:43:41;VRTS;Compra;20.0;166.35;3327.0;;;;d39621b1-b3f1-47b0-a777-949bb9a44a31;20260810144341999::873c79ef-1077-405d-9a63-bd54f6387819;
2026-08-10 14:43:42;VRTS;Venta;20.0;166.5;3330.0;;;;aafe28bb-1dc2-4fcb-b372-986a5e739abf;20260810144342729::2a3b0f32-8814-415b-ae7f-467c3a43e31b;
2026-08-10 14:51:01;CCG;Compra;20.0;13.63;272.6;;;;6ffc1333-c22c-4a62-b5a5-d5cc04fa5c58;20260810145101358::edacc240-466e-439b-b59c-a3e20c6997fa;
2026-08-10 14:51:37;CCG;Venta;10.0;13.6;136.0;;;;a1d27f70-1dab-49e8-93c3-fe91cc3e154e;20260810145137551::63fb66bc-61a4-4710-82d2-ac9afd084153;
2026-08-10 14:51:40;CCG;Venta;10.0;13.6;136.0;;;;e97fe288-b376-4573-813a-e628d7d11b2b;20260810145140375::b548efee-b800-43a1-861d-5650bd372fcc;
2026-08-10 15:05:22;VLGEA;Compra;20.0;41.84;836.8;;;;6647a0a8-e180-4491-9fc7-8b9daf83fe3c;20260810150522736::382c56ea-ec30-467a-9c3b-1b5e6b31431b;
2026-08-10 15:05:25;VLGEA;Venta;20.0;41.8501;837.0;;;;2d68f0fe-72bc-42e2-9adf-3078b1aa8c61;20260810150525168::8c62a6a5-b19b-44c4-878e-6199604d8592;
2026-08-10 15:06:59;SCL;Compra;20.0;64.38;1287.6;;;;47179215-11e4-413e-9207-52c446a6de1a;20260810150659340::3b5a6e5b-5580-4e49-b103-ca3becf6b00e;
2026-08-10 15:07:01;SCL;Venta;20.0;64.35;1287.0;;;;e933fa12-aa78-4b0e-8267-d67c81bb4bee;20260810150701730::8de68355-ccb3-4927-9dd3-adff32483b40;
2026-08-10 15:07:02;SAM;Compra;20.0;180.82;3616.4;;;;23549a29-705c-4bb7-8eb8-ff39852e3d2e;20260810150702778::ebc18465-0e67-44d5-b4e1-3c20f3c9de30;
2026-08-10 15:07:03;SAM;Venta;20.0;181.01;3620.2;;;;fda8eb84-abb0-4dd0-b020-ad01c76c671d;20260810150703483::8eaade3a-04fc-4383-a368-f967e95ab6e0;
2026-08-10 15:09:08;LNN;Compra;20.0;114.64;2292.8;;;;299cb504-7ca7-480a-8cb4-a856b399bcdb;20260810150908538::734a0035-0bf7-4dae-94a8-a669113499be;
2026-08-10 15:09:09;LNN;Venta;20.0;114.75;2295.0;;;;8f311a43-3fa5-4cc9-9fc6-ef5a88d61cd4;20260810150909230::26b30956-99cf-45cc-94d3-c42edf92056f;
2026-08-10 15:10:21;GOODN;Compra;2.0;23.0;46.0;;;;3b12e9e4-2565-4fd8-b672-cc2bba3c8519;20260810151021609::fecf8e81-b89d-458b-8bc0-c92baa975fff;ejecucion parcial
2026-08-10 15:10:24;GOODN;Venta;2.0;23.395;46.79;;;;dab1a273-1637-4aab-9e89-0e91e2210d24;20260810151024214::dbd99db3-0bd5-42cf-80c1-b6e01ceaeaf1;
2026-08-10 15:11:57;CSW;Venta;20.0;346.24;6924.8;;;;8be5b206-3153-4ccd-bc21-75b33fbff073;20260810151157821::0634b8bd-f981-4e9d-bdcf-9905d0680af5;
2026-08-10 15:11:57;CSW;Compra;20.0;345.96;6919.2;;;;354bc6a1-14d9-4d4d-84ef-75e4590b2d40;20260810151157119::2977ddcb-5ef9-4a65-a9f4-aa39f0db3f8b;
2026-08-10 15:13:01;BRLN;Compra;1.0;50.58;50.58;;;;f63bb4cc-7e0e-4751-9ca9-7531f683c161;20260810151301350::9b083a2f-d02d-43a0-9dbb-9abe82fe69c7;ejecucion parcial
2026-08-10 15:13:02;BRLN;Venta;1.0;50.69;50.69;;;;6bacb5e4-0749-436a-9abb-8e0aa21e54db;20260810151302235::bc4d3394-71c7-45ef-8a5d-6537ad10efe5;
2026-08-10 15:26:39;WILC;Compra;20.0;28.1;562.0;;;;ce0ac3cf-d5b3-44db-a5d9-d6ee246d4639;20260810152639819::2f51e4f6-f57a-4e3b-9170-2a194c2169c2;
2026-08-10 15:27:56;WILC;Venta;10.0;28.0;280.0;;;;435d93f2-52cd-45ba-b469-8d8e62f85796;20260810152756076::689cb39e-b785-48e2-8c93-9f26ad460fc5;
2026-08-10 15:28:04;WILC;Venta;10.0;28.02;280.2;;;;d8357a87-c333-4dba-807f-138f262388b8;20260810152804280::08729baa-8eab-4373-9b32-cf84db22d7ab;
2026-08-10 15:28:20;VRTS;Compra;20.0;166.92;3338.4;;;;ec2158bb-c58f-4c4f-860e-3cefaed991be;20260810152820121::41025bc7-6ca2-4b38-9410-3716856afc80;
2026-08-10 15:28:22;VRTS;Venta;20.0;167.0345;3340.69;;;;d0f905b6-5fde-4116-b307-40fc7e15cf05;20260810152822399::f4c3ff7e-435b-4891-8396-14b7b4ef3dbb;
2026-08-10 15:28:32;VEON;Compra;2.0;56.73;113.46;;;;31f8a279-60a4-451d-a5a2-f35ff226002f;20260810152832794::d4adf033-8eb4-4e8b-bc3e-a033a65fd44b;ejecucion parcial
2026-08-10 15:28:35;VEON;Venta;2.0;56.75;113.5;;;;838c7d0a-1e0f-4244-8ef9-5db1729ba2cd;20260810152835159::9f8b3415-9467-4481-8a17-8d2323c7fe96;
2026-08-10 15:28:50;ULH;Compra;20.0;19.25;385.0;;;;99f4c4e4-82aa-4741-a2f4-5ac3fa56e2c3;20260810152850933::2fafb598-9fda-428a-93fe-dea331b1f5a3;
2026-08-10 15:28:53;ULH;Venta;20.0;19.2109;384.22;;;;20503b35-0a77-4ae1-b8d4-a82d3b3e0fac;20260810152853277::e03c0997-437d-4b5e-9e80-834b9136043e;
2026-08-10 15:31:40;MTEX;Compra;3.0;4.87;14.61;;;;f3e7f646-5be7-4228-9e9e-6f6d7d1c600c;20260810153140835::118654e9-adeb-4956-83d7-56b7e70b1792;ejecucion parcial
2026-08-10 15:31:43;MTEX;Venta;3.0;4.8932;14.68;;;;ff71d61c-d031-437d-a45a-082b18934516;20260810153143157::11eadc12-7997-4fa5-882b-7b0103593cbd;
2026-08-10 15:31:47;MLAB;Compra;4.0;102.56;410.24;;;;183376d5-8628-484c-81f0-76ba8455b8e7;20260810153147757::24256adb-255c-43a3-ab0e-43dfce970495;ejecucion parcial
2026-08-10 15:31:50;MLAB;Venta;4.0;102.54;410.16;;;;d7815fa0-8b77-4c29-859b-3766c69429ac;20260810153150187::479633a8-8cb0-473e-b2dd-6d49627c0b2e;
2026-08-10 15:32:52;HWKN;Compra;20.0;130.93;2618.6;;;;25735dbd-99b1-4aab-acec-d21ad41c9fa0;20260810153252442::89af801f-7862-4a52-885e-0c7bf0c596cb;
2026-08-10 15:32:54;HWKN;Venta;20.0;130.89;2617.8;;;;5f7c1424-84a0-45ca-a6b7-275d206e4ab2;20260810153254746::1ed092e6-56ce-471e-820a-64834c9883f4;
2026-08-10 15:33:24;FNWD;Compra;20.0;44.19;883.8;;;;cc2f29a5-ae2c-4107-b23c-10485f30d782;20260810153324275::28f3f992-f9da-4823-b72d-d4908cc9da5b;
2026-08-10 15:33:26;FNWD;Venta;2.0;44.15;88.3;;;;dcdae7a3-7fac-48bb-ac83-f3887c1a7edd;20260810153326537::f910fd7c-e973-4369-b663-fa151cc66fde;ejecucion parcial
2026-08-10 15:33:26;FNWD;Venta;6.0;44.15;264.9;;;;dcdae7a3-7fac-48bb-ac83-f3887c1a7edd;20260810153326537::e0006134-5ec4-4a95-a29a-b48dd54ec082;ejecucion parcial
2026-08-10 15:33:26;FNWD;Venta;7.0;44.15;309.05;;;;dcdae7a3-7fac-48bb-ac83-f3887c1a7edd;20260810153326537::2be1b078-0b9d-413e-b327-de1c01915a49;ejecucion parcial
2026-08-10 15:33:53;FNWD;Venta;5.0;44.1;220.5;;;;8e430205-208e-4991-acf4-e9b7b8ca1d6c;20260810153353397::6da20e20-c03d-4598-a95f-3e9ce83c5a5b;
2026-08-10 15:45:34;UTMD;Venta;20.0;71.52;1430.4;;;;21fc9f89-7e86-4c6e-97fd-6b7c8a2c1b4e;20260810154534958::0b1d8284-8112-46ec-a38f-3d7b77c76e75;
2026-08-10 15:45:34;UTMD;Compra;20.0;71.34;1426.8;;;;2e8c49cc-13f4-40ad-bd31-139a37fc1527;20260810154534232::bb86f692-9fb3-4811-8fca-e3c674b9881a;
2026-08-10 15:45:35;USPH;Compra;20.0;80.92;1618.4;;;;bc1842fd-dfc2-4e2f-8267-f876ca6468eb;20260810154535688::8ea60fb5-9f7e-4b43-a88d-ff8dde687742;
2026-08-10 15:45:36;USPH;Venta;20.0;81.05;1621.0;;;;a13f74a3-f108-4d06-aa95-af1c6b60fc92;20260810154536400::0617a3d7-593e-45bc-a3c0-b88c5a3cae9e;
2026-08-10 15:45:42;UG;Compra;20.0;7.16;143.2;;;;9f438939-5149-46d5-9593-b8e2c2db8ab7;20260810154542628::0b355b6d-68df-415e-abaf-39a6f592074a;
2026-08-10 15:45:44;UG;Venta;17.0;7.13;121.21;;;;dc00d137-b987-49e5-b4ea-4980bcb5036b;20260810154544998::2b20a1f3-21aa-49b1-9c42-d2db18327397;
2026-08-10 15:45:44;UG;Venta;3.0;7.19;21.57;;;;dc00d137-b987-49e5-b4ea-4980bcb5036b;20260810154544994::84afaf5a-13da-4bb8-8d8e-94d57577e745;ejecucion parcial
2026-08-10 15:48:20;MLEC;Compra;20.0;7.06;141.2;;;;7cdb58f0-cceb-4711-9439-14ee0c2b6624;20260810154820034::be7e758c-e261-4e1d-86ed-077f18d51b26;
2026-08-10 15:48:22;MLEC;Venta;20.0;7.03;140.6;;;;9017859f-0d41-495d-b38c-9cd4cad4cc04;20260810154822410::455c0303-9758-418d-9a18-1c9f78b01880;
2026-08-10 15:48:27;MKDW;Compra;3.0;11.03;33.09;;;;8aae2ca3-25cd-42f6-8aa3-4bf7750efda8;20260810154827520::db43bc08-e824-4976-afeb-6365771c1d92;ejecucion parcial
2026-08-10 15:48:27;MKDW;Compra;1.0;11.03;11.03;;;;8aae2ca3-25cd-42f6-8aa3-4bf7750efda8;20260810154827520::36eb28fd-6e31-4317-aef9-4ad2d3e3468a;ejecucion parcial
2026-08-10 15:48:28;MKDW;Venta;4.0;11.23;44.92;;;;d2950dc5-34c6-43cd-8377-de6416cab14b;20260810154828433::afafaa9f-267e-4bdd-9913-4cfca1d54876;
2026-08-10 15:49:05;JOUT;Compra;20.0;47.96;959.2;;;;dda0474a-4201-40c2-b7a1-cf6863b77d23;20260810154905330::e05c5e84-13d3-47aa-ab36-4d1c8afd225d;
2026-08-10 15:49:07;JOUT;Venta;20.0;47.93;958.6;;;;cf972c72-a522-4410-9029-4052fa6d0c14;20260810154907779::0c25f608-4f28-48ba-bf6a-c139c007d982;
2026-08-10 15:52:37;ABG;Compra;20.0;211.48;4229.6;;;;8954fc63-5f38-4737-97fd-33ac3ebe4659;20260810155237744::ee1c36bd-8054-41d0-bbac-1947d16e5ae3;
2026-08-10 15:52:38;ABG;Venta;18.0;211.62;3809.16;;;;5f4f39ff-f4df-4e3c-973c-9eb5c6dad709;20260810155238487::b67bbc94-a7b0-4feb-bf33-e24bea83a96a;
2026-08-10 15:52:38;ABG;Venta;2.0;211.62;423.24;;;;5f4f39ff-f4df-4e3c-973c-9eb5c6dad709;20260810155238486::471e3844-42dd-4002-834e-d91d835e42ea;ejecucion parcial
2026-08-11 10:00:33;WSBF;Compra;40.0;20.76;830.4;;;;7e9468ec-00c6-48ce-b4b1-d8b4b20f81b8;20260811100033577::241b1eb7-a383-4da5-bc93-06099f47ece2;
2026-08-11 10:01:09;WSBF;Venta;20.0;20.8;416.0;;;;fcbed311-6ce4-43ae-8e5c-adaef256eabe;20260811100109692::d4ffe325-d06d-4a40-b3f9-5c89b8305aaa;
2026-08-11 10:01:11;WSBF;Venta;20.0;20.85;417.0;;;;e76f9fbd-c906-4105-95b1-1b4a8dc2f56d;20260811100111541::df0b0107-90d4-477d-9015-1e92b65b6204;
2026-08-11 10:02:17;TMP;Compra;40.0;98.32;3932.8;;;;cf61b44d-ab1f-4beb-a915-9f6ff96a8296;20260811100217852::0b725f7e-fe19-4147-8d9e-33a6ca71e466;
2026-08-11 10:02:20;TMP;Venta;40.0;98.23;3929.2;;;;8925a3cd-600d-4dab-9e61-f30174c2910b;20260811100220742::b4618b7c-5b6a-42b8-a8a6-f949a9663da7;
2026-08-11 10:04:17;QH;Compra;40.0;4.9;196.0;;;;8049c36c-d080-4525-b65a-e404023925c9;20260811100417624::1b91e81f-4fd7-4035-9887-98d4b0edda48;
2026-08-11 10:04:20;QH;Venta;40.0;4.86;194.4;;;;d55751ac-96ab-4362-8417-11c324fd96b2;20260811100420590::ad77db08-5ffb-4c86-a10f-e13f63b59271;
2026-08-11 10:04:56;PHOE;Compra;40.0;19.41;776.4;;;;ef961472-3708-49e9-bcbf-769f3def488c;20260811100456211::1cc6e762-e7f4-4e70-ae01-d9ebfe48b6ac;
2026-08-11 10:04:59;PHOE;Venta;24.0;19.3;463.2;;;;51b0bdcc-08e7-496a-a8c0-9c963873ddaa;20260811100459126::ae453a27-320a-42c4-ae2e-e7560a5f7392;ejecucion parcial
2026-08-11 10:04:59;PHOE;Venta;9.0;19.3;173.7;;;;51b0bdcc-08e7-496a-a8c0-9c963873ddaa;20260811100459126::6fdec625-f505-4efb-bdcc-9a74af99ce6b;
2026-08-11 10:04:59;PHOE;Venta;7.0;19.3;135.1;;;;51b0bdcc-08e7-496a-a8c0-9c963873ddaa;20260811100459126::1f80d5f3-50c6-4079-8e7f-f16b7734ce89;ejecucion parcial
2026-08-11 10:07:31;JAKK;Compra;33.0;25.35;836.55;;;;3eec7fd7-e53e-431f-bc1c-1020e91b5be8;20260811100731028::0008518b-9300-4232-88df-d64cb4267707;ejecucion parcial
2026-08-11 10:07:34;JAKK;Venta;33.0;25.32;835.56;;;;d12b2f90-3a1f-4b23-bf19-ab03e036c438;20260811100734098::813cf9a5-b2c6-43c6-913c-260c5eb1b805;
2026-08-11 10:08:23;GSHD;Compra;40.0;64.12;2564.8;;;;398047e0-939f-407d-a609-480adb6b65be;20260811100823097::e7ec123e-08a2-45a1-bb53-21d1bce3afbf;
2026-08-11 10:08:36;GSHD;Compra;20.0;63.85;1277.0;;;;347f247f-ad14-438d-b151-4b6b01cf7451;20260811100836317::44bda98b-008a-4292-9004-1cdbdb3bf6bd;
2026-08-11 10:08:59;GSHD;Venta;20.0;64.0;1280.0;;;;fa64b522-9755-4749-89b3-9bf99d1491a7;20260811100859983::5976530b-523a-428d-8bca-add0478dbddf;
2026-08-11 10:09:09;GSHD;Venta;10.0;64.1;641.0;;;;c91c1157-7dda-4ff2-89f0-9a0d7fbca48d;20260811100909691::276d3d14-58bc-4fdb-b516-22e73d4d94a5;
2026-08-11 10:09:10;GSHD;Venta;10.0;64.12;641.2;;;;c9039698-a725-44f5-8946-45d37f7df3b1;20260811100910885::66fada49-a717-47cd-a7ca-9ec57c60d5af;
2026-08-11 10:09:11;GSHD;Venta;10.0;64.12;641.2;;;;76c1fa29-4ce2-445a-8645-e785951dc6f3;20260811100911808::eb4b963f-062d-4527-8f20-5dec10ffb6f6;
2026-08-11 10:09:12;GSHD;Venta;10.0;64.14;641.4;;;;1c0d049e-18fc-43d3-9ab0-4c027d246854;20260811100912712::8db07b79-39d2-4836-8c21-4f61dbc01782;
2026-08-11 10:09:50;FRHC;Compra;40.0;152.27;6090.8;;;;69ca5921-0e9e-44d6-9946-4251b74f7e18;20260811100950084::3e7d8722-fe75-4de2-a0b5-f5ae6bed0632;
2026-08-11 10:09:52;FRHC;Venta;40.0;152.16;6086.4;;;;b12655ff-6649-4db4-83e6-903cd1a308a1;20260811100952915::cf4473f5-18bb-4abc-bdd9-14ebd5d42548;
2026-08-11 10:11:50;CFBK;Compra;30.0;35.57;1067.1;;;;9d0e15b2-4fd3-43a2-9cbc-c298de9a6a46;20260811101150749::e93bd9c9-b517-4e06-ac52-dc9acac5b6b7;ejecucion parcial
2026-08-11 10:11:53;CFBK;Venta;30.0;35.51;1065.3;;;;69427f76-66d8-4fbc-890b-71746a586153;20260811101153819::b974dd68-01fc-4a3c-90ee-02bbcd756b4e;
2026-08-11 10:12:15;CABO;Compra;40.0;35.16;1406.4;;;;ef4d71e0-a2dc-4dab-b78c-a5f5ad12fe4d;20260811101215261::40369214-ceda-4e15-86dc-dbbff7eadc26;
2026-08-11 10:12:18;CABO;Venta;3.0;35.1784;105.54;;;;e031899d-0c3e-4c37-9ae1-ce71d26f2b79;20260811101218274::5cc96c14-47c3-452d-b4d0-6f6278319010;
2026-08-11 10:12:18;CABO;Venta;37.0;35.12;1299.44;;;;e031899d-0c3e-4c37-9ae1-ce71d26f2b79;20260811101218274::306d5148-743e-4848-960b-80057dcafc7b;ejecucion parcial
2026-08-11 10:13:50;ACR;Compra;12.0;14.6;175.2;;;;7e36053f-c81c-4c76-a56e-df70e6444c1a;20260811101350711::8a7d1d00-280f-4392-91fa-f154b2711ef9;
2026-08-11 10:13:50;ACR;Compra;28.0;14.6;408.8;;;;7e36053f-c81c-4c76-a56e-df70e6444c1a;20260811101350711::35fd4019-b9f9-4d69-917d-ea63fea87b7f;ejecucion parcial
2026-08-11 10:14:22;ACR;Compra;100.0;14.4;1440.0;;;;ee93bbcc-7cfa-4c77-8684-0c6cec7b92b8;20260811101422696::d818d1a2-e0f7-4f93-80ab-4c5cfa29e14e;
2026-08-11 10:14:27;ACR;Venta;30.0;14.55;436.5;;;;82d23b1c-a82a-44ce-9866-93e886a898ce;20260811101427968::dcde00bd-eeff-454c-af91-9010236be78c;
2026-08-11 10:14:29;ACR;Venta;30.0;14.55;436.5;;;;b2cc0869-03fb-4ec5-acd1-b6f17433ad08;20260811101429030::12ab1e25-bb8e-4116-9236-5edc3f840c0b;
2026-08-11 10:14:56;ACR;Venta;30.0;14.42;432.6;;;;29c420b3-2f25-42b9-9cb4-113be8717d20;20260811101456112::07ebaf2e-fe42-499a-ab6b-191233ac5be3;
2026-08-11 10:14:57;ACR;Venta;30.0;14.44;433.2;;;;6900f31c-650b-46c2-880a-dd4195312f92;20260811101457761::09dca534-a87c-4175-bf80-e79004a14ecf;
2026-08-11 10:15:01;ACR;Venta;10.0;14.46;144.6;;;;5a993a72-385c-4081-ab5c-538eb6e38c37;20260811101501983::a7a65e95-bbb4-43b9-8c1e-a2b285f7b16c;
2026-08-11 10:15:03;ACR;Venta;10.0;14.48;144.8;;;;3a2e148b-15f8-47eb-8efd-6195917833e7;20260811101503257::4848a31f-f930-44f8-a693-8f3bf531c974;
2026-08-11 11:18:10;WRLD;Compra;20.0;187.94;3758.8;;;;ecd2f745-b5db-41cf-abdf-552148c88fc5;20260811111810627::75c690ae-46c8-47ae-a068-14c277c8e930;
2026-08-11 11:18:13;WRLD;Venta;20.0;188.32;3766.4;;;;a0d2a85f-0467-42d8-ba56-87ac361a52b6;20260811111813520::8da82674-56d9-4b8e-bf21-2f5753ab55a4;
2026-08-11 11:18:36;VMI;Compra;20.0;496.74;9934.8;;;;f2658f5b-5a03-4f9d-9094-ffa1bd395784;20260811111836914::adf5aff1-f57f-46ce-84d3-8cb925ebe28d;
2026-08-11 11:18:39;VMI;Venta;20.0;496.65;9933.0;;;;e05f355e-2ca9-42ba-8309-89ba0fbb4688;20260811111839813::9569aa86-7483-4ef9-88ff-df970793a31b;
2026-08-11 11:19:23;SXT;Compra;20.0;129.34;2586.8;;;;9924d399-6383-4d2f-b140-31a8b1a96379;20260811111923645::a464e73e-ebe0-4fef-9a1f-d08d4eac7fdb;
2026-08-11 11:19:24;SXT;Venta;20.0;129.47;2589.4;;;;2b05fc4c-4f83-4367-a081-b1fff5872ae1;20260811111924316::e2681528-faf2-4634-bad0-b643c7536ae9;
2026-08-11 11:22:05;NOVT;Compra;20.0;165.43;3308.6;;;;a869eed8-730e-4972-9dfa-010a85caf33a;20260811112205751::17a3437e-5db2-43ea-a360-dd1440697f00;
2026-08-11 11:22:06;NOVT;Venta;20.0;165.64;3312.8;;;;1cab8807-a376-4f3f-9170-27e252263d3a;20260811112206480::68810d72-d711-46ad-9258-cf6b612da156;
2026-08-11 11:22:47;MSB;Compra;20.0;23.49;469.8;;;;cd4b26f7-cc6c-4fcb-aa9b-d16211faf12f;20260811112247668::e9df28ea-82ae-4a9d-b861-fee2405be091;
2026-08-11 11:22:48;MSB;Venta;20.0;23.61;472.2;;;;13352b0b-6565-433a-b956-967785dcd177;20260811112248388::3388d4c2-8550-480a-a7e4-872e9ed59564;
2026-08-11 11:23:29;LEGH;Compra;20.0;28.73;574.6;;;;2814fd5a-4fcb-4848-9c8b-9b3f2839cacd;20260811112329778::fdd45098-c1b0-4422-aa27-2656b2861278;
2026-08-11 11:23:30;LEGH;Venta;20.0;28.9;578.0;;;;c2b45850-5c16-491d-a108-ff0c0dee60b0;20260811112330476::0b1d0b2e-b677-4c17-bac2-cd05e37ae443;
2026-08-11 11:24:29;IFS;Compra;20.0;58.02;1160.4;;;;83a14b90-a7e3-43d1-aca6-20242f2c26b4;20260811112429498::c6807cc7-cd4e-4733-a7e1-ad963f14037f;
2026-08-11 11:24:30;IFS;Venta;20.0;58.21;1164.2;;;;2a000610-3659-42cf-a52e-d4d7a405c955;20260811112430166::72b153e5-79d7-4c32-b9ba-2341f24a03d7;
2026-08-11 11:27:40;CBK;Compra;20.0;34.68;693.6;;;;e5ed7811-c5e0-484c-ade2-9b79bdb2070e;20260811112740897::dac57660-c188-4551-8240-c8ec5c670b05;
2026-08-11 11:27:43;CBK;Venta;20.0;34.7317;694.63;;;;8523f09d-522f-4895-9554-1d9346f46053;20260811112743815::eab54a17-29b7-4e90-af83-79c2d6b9bec5;
2026-08-11 11:41:34;VRTS;Compra;20.0;167.93;3358.6;;;;4c0118c9-f26d-42e0-b1cc-bb4d04d04bae;20260811114134934::d3516a93-28b5-4ce7-9a2e-2ed4cd903f93;
2026-08-11 11:41:35;VRTS;Venta;20.0;168.41;3368.2;;;;7debf08e-9473-403d-8c22-14cbe9895b12;20260811114135667::17de400c-a1d3-489b-94c3-ce4cb69f8924;
2026-08-11 11:42:52;SENEA;Compra;20.0;187.06;3741.2;;;;bd00c1b7-d304-4574-9b22-6b9118a6c74a;20260811114252293::3fd97db2-76e5-4e5f-ae6a-bc57cbae590f;
2026-08-11 11:42:53;SENEA;Venta;20.0;187.31;3746.2;;;;a8ba2fc6-2fe1-4c18-aba1-7be31bdc5529;20260811114253002::6d3ebd73-2745-4138-8745-1056f2e16c16;
2026-08-11 11:43:10;RS;Compra;20.0;426.5;8530.0;;;;d5ff341e-19e6-4e31-bece-f2c3a4c8fa56;20260811114310469::5c423e2c-0e9d-42d9-a23a-0c57ab4bfaa2;
2026-08-11 11:43:11;RS;Venta;20.0;426.7;8534.0;;;;37ee4bbc-3430-4c2d-a86f-84b387221e98;20260811114311149::ac3bb57e-dc95-4d26-979d-72b30378bfaa;
2026-08-11 11:44:36;NWPX;Venta;20.0;112.35;2247.0;;;;f19db577-e015-4f33-a4b4-0071d38faa73;20260811114436919::99649b08-061f-4fb7-8902-7bb2641f5080;
2026-08-11 11:44:36;NWPX;Compra;20.0;112.1;2242.0;;;;e07df49a-2b1c-4cfd-a131-e4ca5a2315b5;20260811114436197::82f263a7-ecb9-42d3-a816-f78a7b7a3b0f;
2026-08-11 11:49:07;DORM;Compra;20.0;134.17;2683.4;;;;583f4164-527f-428b-b45d-9a98770fd837;20260811114907964::e76e0f2c-71d9-47ae-ba9b-0a54ab8cea45;
2026-08-11 11:49:08;DORM;Venta;20.0;134.38;2687.6;;;;ab5a1e84-2578-4921-a3b6-07b8fe6fe50b;20260811114908663::175ca1c4-a922-4a02-ac3b-b6919820315b;
2026-08-11 12:00:01;WTS;Compra;20.0;386.37;7727.4;;;;2995bcb7-b225-4e23-a808-651a1d47d31e;20260811120001236::b861cb0c-9edb-4391-b8d3-0e9de2be621c;
2026-08-11 12:00:04;WTS;Venta;20.0;386.4119;7728.24;;;;2a399311-b3aa-4266-96f1-45aa06507446;20260811120004318::05940680-b45f-4d81-985c-6162e66e465d;
2026-08-11 12:01:01;TECX;Compra;20.0;32.2;644.0;;;;c6b5032a-85c6-4c7f-b288-af90b6011770;20260811120101613::35682f6c-ddfe-4e23-a7b2-3204faba14a3;
2026-08-11 12:01:04;TECX;Venta;20.0;32.255;645.1;;;;c7e2c604-af09-4cbb-a97c-f7ec8189db11;20260811120104351::3e7bf751-e999-4b29-81cf-529cd00ac196;
2026-08-11 12:01:45;SENEA;Compra;20.0;187.76;3755.2;;;;91a949e0-761e-4e74-b91c-615b2e837eb4;20260811120145973::ec3b8018-422d-4bb3-a447-10aab3d91ae2;
2026-08-11 12:01:46;SENEA;Venta;20.0;188.17;3763.4;;;;edf3eee5-70a9-41a5-b5f7-ed87d1865cc9;20260811120146703::94badfc0-7c1f-48a0-8444-23e6eb1234b6;
2026-08-11 12:01:49;SCL;Compra;20.0;65.55;1311.0;;;;be39ef06-8bb9-4ded-adcf-6d31bc1b92bf;20260811120149990::122e1702-b231-4cfd-971b-5dad4abf633e;
2026-08-11 12:01:50;SCL;Venta;20.0;65.67;1313.4;;;;fa5890ae-39f3-4d39-a5e0-86d4e58d9270;20260811120150706::dd0499ff-7d02-419c-a5b7-450d5ef6a98c;
2026-08-11 12:03:42;NVNO;Compra;20.0;10.74;214.8;;;;7e1fed3a-44bf-4119-82ba-823cee9af3a4;20260811120342913::92a02a27-60f5-415d-b6dd-9224f56ae7d3;
2026-08-11 12:03:45;NVNO;Venta;20.0;10.871;217.42;;;;95a8cc3e-e87f-4d41-99d9-185273a66631;20260811120345964::85c6dcd7-7869-4389-b914-32682d47c240;
2026-08-11 12:04:48;MCB;Compra;20.0;93.25;1865.0;;;;63c38d92-f7dc-4ed0-86ba-87a390d6eae6;20260811120448763::12f1d5a6-fc78-4e79-9cc0-81c4abd0c4d5;
2026-08-11 12:04:51;MCB;Venta;20.0;93.23;1864.6;;;;183d9390-dbcc-458a-a1ef-d3fb5023084e;20260811120451678::937c3dfb-82ae-4f53-9f4a-360b3dbbd192;
2026-08-11 12:07:07;FN;Compra;20.0;528.84;10576.8;;;;944a0b68-1522-44f6-98f0-9fdf3d6cfe41;20260811120707886::578bd652-4eea-4de4-9922-06d228417063;
2026-08-11 12:07:08;FN;Venta;20.0;529.15;10583.0;;;;454450da-2aea-4c22-8ada-82bd5980037b;20260811120708591::bd045ac0-41fc-4af9-a3d9-38ca0477d374;
2026-08-11 12:24:48;SLVR;Compra;40.0;59.45;2378.0;;;;cd6a46f7-77e6-47b1-b7da-e3345a5e0d99;20260811122448775::ed25ac5c-7e14-4fbf-a8a2-1245630085fc;
2026-08-11 12:24:49;SLVR;Venta;40.0;59.6;2384.0;;;;84d0a1e6-d82a-4487-8f24-437d407360a3;20260811122449453::f52a5b4f-3cc1-4962-b9a0-7bd08ba0bfe7;
2026-08-11 12:26:07;PHOE;Compra;11.0;19.26;211.86;;;;94e3926d-ed50-4d75-8979-3c3561784aac;20260811122607180::cdbc09d4-47ea-41e4-9c97-1f30e2cadad2;ejecucion parcial
2026-08-11 12:26:10;PHOE;Venta;11.0;19.3182;212.5;;;;11d7a07f-0817-4628-a945-d52afb92fd6c;20260811122610280::097a50d8-768e-4166-a8c5-d7b05f785106;
2026-08-11 12:30:56;FCFS;Compra;40.0;208.78;8351.2;;;;e3585f42-515f-4f95-8a22-ae3c1446b32a;20260811123056576::dc0960cd-9c15-43b4-8358-5c29ab9bff72;
2026-08-11 12:30:59;FCFS;Venta;40.0;208.95;8358.0;;;;248b78b4-d3c5-4342-bc9b-6dccfdf71d09;20260811123059464::d2ec5d9b-9aaa-4ad4-9cca-e4e8b6feb77c;
2026-08-11 12:32:20;COAG;Compra;40.0;51.24;2049.6;;;;98bd0685-2724-4d0b-8eab-df9a357a6113;20260811123220384::08ecac20-db22-4067-b7a9-99e3a23496a3;
2026-08-11 12:32:23;COAG;Venta;32.0;51.19;1638.08;;;;b95407b6-4b8b-48a9-afb6-3bc2b915f0ec;20260811123223861::5a939b8b-b527-4f31-93b7-bc666d1554f2;
2026-08-11 12:32:23;COAG;Venta;6.0;51.19;307.14;;;;b95407b6-4b8b-48a9-afb6-3bc2b915f0ec;20260811123223860::3298d03f-61bd-49cb-b486-92bef6c2f9d7;ejecucion parcial
2026-08-11 12:32:23;COAG;Venta;2.0;51.22;102.44;;;;b95407b6-4b8b-48a9-afb6-3bc2b915f0ec;20260811123223848::9bce555f-eb06-4d1f-ba05-1df5caa5af0f;ejecucion parcial
2026-08-11 12:33:24;BKTI;Compra;40.0;76.35;3054.0;;;;645eeb3b-7f36-435f-ab68-a886b5a5198c;20260811123324685::f3511494-e6f1-49c5-9357-0dd093fef49a;
2026-08-11 12:33:27;BKTI;Venta;5.0;76.34;381.7;;;;818ecded-ccac-48a8-a204-95a93d0a6a37;20260811123327642::51fdbc44-d01a-4ef5-a9b5-aa765f433c80;ejecucion parcial
2026-08-11 12:34:13;BKTI;Venta;10.0;76.2;762.0;;;;2937cb9c-ffab-48ec-bcbe-d2612fa966cf;20260811123413056::f4281cfb-04d6-423b-89e7-fadf1a300766;
2026-08-11 12:34:14;BKTI;Venta;10.0;76.2;762.0;;;;790fd447-e1e3-4598-a394-8abf9bf15e0e;20260811123414202::58efc509-53bb-4a7f-8f51-a469e3e3e3da;
2026-08-11 12:34:24;BKTI;Venta;5.0;76.2;381.0;;;;11213d07-b37d-4c61-ad62-1f1c9f522f30;20260811123424912::4eac3d29-c3ca-4049-93e9-4a317a46a017;
2026-08-11 12:34:26;BKTI;Venta;5.0;76.2;381.0;;;;6730e38c-e29e-4efe-9e08-b1e7b1565a15;20260811123426527::bd29ecbf-b6ab-4032-8638-a4433d7dabe6;
2026-08-11 12:34:31;BKTI;Venta;5.0;76.2;381.0;;;;1cf6ba18-db46-4d8e-b9fd-3bef6f9d4147;20260811123431130::cc9a940d-bdba-42e2-8357-292d43e54c76;
2026-08-11 13:02:41;VEON;Compra;20.0;55.82;1116.4;;;;ce0e2179-681a-41b5-b661-243cef313e1e;20260811130241127::d62ad1e5-e9a7-44bc-b658-c14c36175865;
2026-08-11 13:03:17;VEON;Compra;10.0;55.7;557.0;;;;581dfd8c-29fa-4bec-96ee-3187ca3002d5;20260811130317280::ae2523ac-d491-484c-a57c-10709a2153b4;
2026-08-11 13:05:06;VEON;Venta;10.0;55.74;557.4;;;;bffecdb4-d41c-46f9-be58-37d9db059769;20260811130506250::af2a96d7-ce21-4a26-a9e1-fa8373296906;
2026-08-11 13:05:08;VEON;Venta;10.0;55.74;557.4;;;;f7bd786a-4b31-4454-a8e5-9951e08d0df8;20260811130508002::35b58c0b-6124-42cf-9e10-847482d65b58;
2026-08-11 13:06:05;VEON;Venta;5.0;55.76;278.8;;;;862d4d0c-6c99-4041-a73c-509d4cae8202;20260811130605891::969bfe0e-d102-44dc-8cde-85ae18c5fa26;
2026-08-11 13:06:07;VEON;Venta;5.0;55.76;278.8;;;;d9b2a6c2-3a40-4fd2-81c9-197cf934c445;20260811130607971::e712b9f3-78e9-424a-9aa1-92ff56635df1;
2026-08-11 13:07:04;SXT;Compra;20.0;129.7;2594.0;;;;496e2a60-8535-49de-a513-21031112f0a1;20260811130704365::20bfe054-323b-44d6-90c9-895e74276dcd;
2026-08-11 13:07:07;SXT;Venta;20.0;129.68;2593.6;;;;9706a52c-f0b8-4e86-bb9e-66701919c70b;20260811130707246::52256ec9-56a1-4ec8-9a97-52ca247478b8;
2026-08-11 13:07:41;SLGL;Compra;20.0;81.84;1636.8;;;;24f750b2-23a0-4711-9fc3-6f9aa7bd6bac;20260811130741776::855654da-3c8a-4737-a51d-4c6a8ba4c8e3;
2026-08-11 13:07:44;SLGL;Venta;20.0;81.66;1633.2;;;;4745a886-cf62-4b54-a296-3ce7969674ea;20260811130744705::2de02cd8-45de-4737-b583-d39c027b934b;
2026-08-11 13:12:13;JOUT;Compra;20.0;46.56;931.2;;;;a65f9b40-c048-4aab-96de-a06b6f78d933;20260811131213924::02761c52-1e2c-4bf9-8437-22cfade671c2;
2026-08-11 13:12:14;JOUT;Venta;20.0;46.77;935.4;;;;47e03474-bef5-4202-b693-abc02c8fc745;20260811131214627::7414af4d-f9b9-4e1b-a624-13ab924bafaa;
2026-08-11 13:13:29;FXNC;Compra;1.0;31.49;31.49;;;;9e3fa63f-4f62-41b2-93d8-73763363adfe;20260811131329952::30d9d426-5940-4d2a-a076-2a3b82a86ce8;ejecucion parcial
2026-08-11 13:13:31;FXNC;Venta;1.0;31.6;31.6;;;;41623077-577a-465c-be22-032ff90a7822;20260811131331229::58c57090-8cd2-4803-a4b0-22d2ec7cebf7;
2026-08-11 13:13:39;FSV;Venta;20.0;143.95;2879.0;;;;f70c7bf4-cedf-44e8-906d-15ef7424ff88;20260811131339976::3eb33ad8-11ba-4d93-8206-d90bd0fd8d7b;
2026-08-11 13:13:39;FSV;Compra;20.0;143.83;2876.6;;;;fec44d7f-8798-46cc-b843-7d80477911d6;20260811131339261::dfd2bb37-68af-4eb5-9270-246c52123784;
2026-08-11 13:14:35;ERIE;Venta;20.0;255.76;5115.2;;;;59b04ce0-3ede-46fc-babb-710ecfaa6195;20260811131435806::6465aa88-2067-4133-abaa-fe68953fde82;
2026-08-11 13:14:35;ERIE;Compra;20.0;255.62;5112.4;;;;6691ce41-8b7b-4bd7-9f4b-be1b153b0e62;20260811131435093::1bc81c85-9bab-4af4-8221-c53fe5b60e8b;
2026-08-11 13:14:49;ELLO;Compra;20.0;19.79;395.8;;;;b21b9007-b5a1-4791-b50e-4fe262efef8e;20260811131449252::5929f00e-b1f3-4cdb-8d59-f31df20f51dd;
2026-08-11 13:14:52;ELLO;Venta;20.0;20.275;405.5;;;;10974da8-2976-4d5f-80b8-92f4663bd5dc;20260811131452295::f1bb1ab1-6019-402e-8a7a-0236340d3efb;
2026-08-11 13:15:23;CSW;Compra;20.0;353.92;7078.4;;;;2272a212-027c-45c5-b1e9-695b271b50e7;20260811131523483::27abf962-d8c0-41cf-907e-c24a5700cf2c;
2026-08-11 13:15:26;CSW;Venta;1.0;353.84;353.84;;;;a4d21553-f531-4604-8578-bcf6467a75d8;20260811131526452::fbe42dc3-7561-48ed-b9c2-e803e1dfee3f;ejecucion parcial
2026-08-11 13:15:26;CSW;Venta;7.0;353.86;2477.02;;;;a4d21553-f531-4604-8578-bcf6467a75d8;20260811131526438::aac3911d-58c6-4b9a-b409-69a701e5ac48;ejecucion parcial
2026-08-11 13:15:26;CSW;Venta;1.0;353.86;353.86;;;;a4d21553-f531-4604-8578-bcf6467a75d8;20260811131526438::927ab2f5-eac9-489e-b3d3-b5bf2b691321;ejecucion parcial
2026-08-11 13:15:26;CSW;Venta;1.0;353.86;353.86;;;;a4d21553-f531-4604-8578-bcf6467a75d8;20260811131526438::10f45d5e-606b-4651-8938-810ef6ddcd46;ejecucion parcial
2026-08-11 13:15:56;CSW;Compra;2.0;353.6;707.2;;;;9bb8af4f-704c-4293-a62e-951f41cf82db;20260811131556340::1dd680a5-80c6-4aab-9cf0-59a16e96ec6b;ejecucion parcial
2026-08-11 13:16:45;CSW;Venta;3.0;353.8;1061.4;;;;2123d160-c501-4038-a16b-e29db4baa906;20260811131645840::70cdc598-3f05-4a37-91b0-876b28ce588e;
2026-08-11 13:16:47;CSW;Venta;3.0;353.8;1061.4;;;;c1b6070e-1da9-4647-810a-c0caed2d8f1e;20260811131647380::0bfb0ce9-1525-46ed-b637-d363df23da58;
2026-08-11 13:16:48;CSW;Venta;3.0;353.8;1061.4;;;;2fb09da6-8bf5-4937-b022-d3f440416583;20260811131648678::601cc774-4fec-4ddd-8403-7538eca5b1fa;
2026-08-11 13:16:54;CSW;Venta;3.0;353.75;1061.25;;;;a2891868-4ca4-4659-8661-0dbc8ef9ea11;20260811131654656::19c39126-12d0-4e22-a70d-b9fb0acb73b0;
2026-08-11 13:17:06;CPA;Compra;20.0;136.04;2720.8;;;;5cc427ef-36b2-47e3-b082-dd6b03d518d1;20260811131706335::8137eb64-bf45-4a2d-aa5b-898a9111e406;
2026-08-11 13:17:36;CPA;Venta;10.0;136.04;1360.4;;;;740dc361-95b3-404a-9b8e-40e90d44c43b;20260811131736959::787a4b20-f3a6-441c-8979-67f323432014;
2026-08-11 13:17:38;CPA;Venta;10.0;136.04;1360.4;;;;cf16721b-b160-4d7e-9716-19a8a3697b52;20260811131738504::1150220c-319f-4f71-8b85-230789686de2;
2026-08-11 13:18:08;CHE;Compra;20.0;543.15;10863.0;;;;e05ff21f-c518-4300-b4c4-fe09e131b878;20260811131808813::920a5f2b-4792-47e4-a700-c0c656039657;
2026-08-11 13:19:22;CHE;Venta;5.0;543.0;2715.0;;;;3f508e62-9126-4161-9060-958e32306276;20260811131922979::ef397848-5a6e-42b8-a558-02c5f4616c57;
2026-08-11 13:19:22;CHE;Venta;5.0;543.0;2715.0;;;;eeaf3277-c102-4f40-b951-d0652ac2dc72;20260811131922064::b47d9285-d4f5-40a1-bd90-da597fdcf581;
2026-08-11 13:19:34;CHE;Venta;2.0;543.05;1086.1;;;;2c25b6a1-c232-4e53-b35c-04122937d225;20260811131934087::34a3114b-dbc2-4183-93a2-35e6206c3809;
2026-08-11 13:19:35;CHE;Venta;2.0;543.05;1086.1;;;;d2382c15-e199-4215-91d2-26430a2e5965;20260811131935003::66a01fbb-b515-4be3-8c7d-0bbff3568c2f;
2026-08-11 13:19:37;CHE;Venta;2.0;543.1;1086.2;;;;2c17b653-7ea9-45ba-8317-045093defc49;20260811131937324::adbff60f-e8be-42cd-97d8-eae77fca7638;
2026-08-11 13:19:45;CHE;Venta;2.0;542.9;1085.8;;;;ea7bfa5f-439f-43af-8651-45f43f220289;20260811131945264::ef7f0eb6-3428-4b09-8829-c7accf2daa24;
2026-08-11 13:19:47;CHE;Venta;2.0;542.9;1085.8;;;;b5ac2fb9-63de-4160-81ec-127fe80ccfc9;20260811131947072::f0f350be-beef-4162-9fd9-85f1ae0d41c7;
2026-08-11 13:21:22;ARCB;Venta;20.0;136.23;2724.6;;;;e5972645-3626-4786-a1be-ee74abb45deb;20260811132122748::3361f124-e5f9-487d-9db5-fcf5a22c1573;
2026-08-11 13:21:22;ARCB;Compra;20.0;136.08;2721.6;;;;806e1975-cd0a-41ee-9eee-92c49af2c785;20260811132122036::65ab0373-dff6-4846-ba4b-7fffec1218e3;
2026-08-11 13:39:02;VRTS;Compra;20.0;168.39;3367.8;;;;9c71ceb3-607b-408e-a70d-c351080320e7;20260811133902980::848ee8ea-4dd3-414a-be9e-e917e4502311;
2026-08-11 13:39:32;VRTS;Venta;5.0;168.45;842.25;;;;1a59c967-c1fc-4509-a026-94cc742a0112;20260811133932168::b172d7aa-e8d7-45d0-a833-5a5bf90d291f;
2026-08-11 13:39:33;VRTS;Venta;5.0;168.5;842.5;;;;4b5644db-fd0d-482b-93ff-881883395fdb;20260811133933924::cb26ec54-2bad-4434-8476-63d31dc2a982;
2026-08-11 13:39:49;VRTS;Venta;5.0;168.5;842.5;;;;8c983514-0fed-498a-a421-8034f1739853;20260811133949748::67b3f726-f3f2-4545-b1b4-31f753992e0e;
2026-08-11 13:39:55;VRTS;Venta;5.0;168.45;842.25;;;;9ce94de9-cd14-410c-b19f-4a11dd440c2e;20260811133955481::536c43d5-650b-4892-adc2-de5fd36b97a3;
2026-08-11 13:44:13;NCEW;Compra;1.0;16.4;16.4;;;;446dc168-6ba9-4958-8780-4618fa481c30;20260811134413791::b0c3a1fd-3d3a-4ad2-9cda-f9458a14d99d;ejecucion parcial
2026-08-11 13:44:16;NCEW;Venta;1.0;16.35;16.35;;;;36565513-d24f-4b49-866d-aeb225488aa8;20260811134416798::7b70d94d-7bc5-4cb6-b66a-105ea0bd3e0c;
2026-08-11 13:46:04;HURN;Compra;20.0;154.15;3083.0;;;;781708e6-84ca-4530-80eb-af57e96148ae;20260811134604021::d22598ec-468b-48d5-87ed-d74431a771f8;
2026-08-11 13:46:06;HURN;Venta;2.0;154.1571;308.31;;;;42a508d7-80f5-4bc4-bdbb-6a684249cfed;20260811134606918::a6035088-5147-435c-8681-9eac2f441bac;
2026-08-11 13:46:06;HURN;Venta;18.0;154.13;2774.34;;;;42a508d7-80f5-4bc4-bdbb-6a684249cfed;20260811134606918::3777f899-7b82-4a26-bb5b-aefb2364d77d;ejecucion parcial
2026-08-11 13:46:32;GPOR;Venta;20.0;170.57;3411.4;;;;47204664-aa1b-45b3-b0e7-b08345336ba3;20260811134632892::31d9e750-4656-4d60-a665-dc81d7e4f1c2;
2026-08-11 13:46:32;GPOR;Compra;20.0;170.46;3409.2;;;;9dbfed7f-65e0-4647-b6af-ff1622169b46;20260811134632159::ba4f4f16-f7db-40f8-8cab-6c64060dc1c1;
2026-08-11 13:46:56;FRHC;Compra;19.0;151.17;2872.23;;;;f25d3603-4a7f-468e-b026-49efcfc93113;20260811134656906::916a3960-3aa8-4bf9-b63a-68b47353b6f8;
2026-08-11 13:46:56;FRHC;Compra;1.0;151.17;151.17;;;;f25d3603-4a7f-468e-b026-49efcfc93113;20260811134656905::7795298e-3b4c-4386-add0-37dceb917aac;ejecucion parcial
2026-08-11 13:47:09;FRHC;Venta;5.0;151.3;756.5;;;;4406d0a7-bd19-4ccf-94b5-2d09f9cb969c;20260811134709952::aa658b51-59f0-4670-aa64-5926dffb640c;
2026-08-11 13:47:15;FRHC;Venta;5.0;151.3;756.5;;;;373051aa-5fcb-4dcf-945f-3b995078a71c;20260811134715264::91ac3051-14af-448e-9022-3fe3ea218c95;
2026-08-11 13:47:16;FRHC;Venta;5.0;151.3;756.5;;;;22ecb2d1-6077-4e92-bf73-803ff14f4f17;20260811134716511::db6d343b-6713-4faa-bb0f-04e7e9c7c2a0;
2026-08-11 13:47:25;FRHC;Venta;5.0;151.32;756.6;;;;3ca8bd22-af44-4e9f-b991-050456d45ad6;20260811134725950::c1c6435e-ac2b-4654-8916-c234c2219350;
2026-08-11 13:48:07;ESS;Compra;20.0;283.05;5661.0;;;;9520b7b6-4acb-4387-854e-da4f9fe88081;20260811134807926::f2300af3-ca17-48be-9cfd-6d156694f332;
2026-08-11 13:48:08;ESS;Venta;20.0;283.18;5663.6;;;;fe124ab6-ae51-4945-822e-7df3c7185219;20260811134808645::0c9cc200-e052-4454-99f3-006ac8c9f439;
2026-08-11 13:49:06;CTEV;Compra;20.0;33.59;671.8;;;;52723386-ae76-4d37-8b4a-6e740eb0e8cd;20260811134906639::682ac51a-ed18-484a-a7e1-5154ffe7cf00;
2026-08-11 13:49:09;CTEV;Venta;20.0;33.6202;672.4;;;;ed2978aa-458a-404a-b314-fa3818f51299;20260811134909500::c7ba84d8-5229-423b-a488-b677832fd00c;
2026-08-11 13:51:31;ALG;Compra;20.0;170.2;3404.0;;;;4a1549ad-2bce-4feb-ac39-8e105de5512d;20260811135131342::2711d28f-8271-47c2-a5c7-03b0bfb6fdba;
2026-08-11 13:51:44;ALG;Compra;5.0;170.1;850.5;;;;826d60e8-49c1-4444-bd84-f3536d356fa0;20260811135144166::b594c24f-54a9-4858-88f1-2b22461eb941;
2026-08-11 13:51:45;ALG;Compra;5.0;170.15;850.75;;;;ba638827-13e8-4ecf-9bd8-b5f3dfd7f05b;20260811135145806::9c1371c8-0b1e-4531-a6b0-5d01ec179cc1;
2026-08-11 13:51:50;ALG;Compra;5.0;170.1;850.5;;;;d67d0be8-31c1-445b-b5fe-46cf7d835ad1;20260811135150912::3c04b8ad-73d8-4bd2-8223-cbc1ea01639a;
2026-08-11 13:52:08;ALG;Venta;20.0;170.25;3405.0;;;;b876e239-bd2c-4088-bfb4-42527a5bf571;20260811135208337::4d501652-7602-49df-b4db-8dee859f2497;
2026-08-11 13:52:11;ALG;Venta;10.0;170.3;1703.0;;;;3508c194-397f-48b9-99a7-ffca3b2d3667;20260811135211747::41f38b33-1a86-4901-b77b-e4d4049038c5;
2026-08-11 13:52:16;ALG;Venta;5.0;170.4;852.0;;;;ebdf2ea7-cc8f-4b98-8635-eab43bd0f616;20260811135216841::971fdf16-9e20-4393-bddf-c86ffdda0f9d;
2026-08-11 14:28:18;WILC;Compra;3.0;27.31;81.93;;;;4207ba58-7917-4af9-b908-4a6b3e654294;20260811142818146::0e83da0a-8c51-48dc-8b6e-1150260fd883;ejecucion parcial
2026-08-11 14:28:21;WILC;Venta;3.0;27.35;82.05;;;;8f05d0ef-e11e-4d4f-8b27-1fd2fa764c9c;20260811142821616::3bed320f-b69a-4c89-9a2d-41a5b352a8bd;
2026-08-11 14:28:34;VRTS;Compra;20.0;168.8;3376.0;;;;2240033c-1838-4d9e-b9f7-8c70d2130577;20260811142834192::5d987197-ebe4-4ef6-8d3a-3fa708d0c78f;
2026-08-11 14:28:37;VRTS;Venta;20.0;168.7827;3375.65;;;;6722d4e5-1614-431d-968a-d026e084de9c;20260811142837151::33e0b43f-cd6e-4640-813c-479d0ba0394b;
2026-08-11 14:29:30;SXT;Venta;20.0;131.23;2624.6;;;;29fef5a2-176f-4fda-90bd-c2c6a129e322;20260811142930884::e6e4081d-cb56-4cd4-a741-d6886baa8d79;
2026-08-11 14:29:30;SXT;Compra;20.0;131.1;2622.0;;;;b4259946-692b-430d-87e4-303d623aece4;20260811142930144::99dc6b0e-78c6-448d-abc9-979f93d2a0f9;
2026-08-11 14:30:11;SENEA;Compra;20.0;188.4;3768.0;;;;2912a56e-002a-4104-bb2e-dd7bf3cb75b4;20260811143011035::b8ffe1ed-3e1c-43b5-9881-e3e1241981f9;
2026-08-11 14:30:14;SENEA;Venta;20.0;188.37;3767.4;;;;9b52db15-6d6a-4d70-b694-a1a514604900;20260811143014015::30d16dbc-0829-49eb-a4d8-d43ccde5b112;
2026-08-11 14:30:28;RS;Compra;20.0;425.78;8515.6;;;;cc7bbba9-3465-4348-9414-b767d281780a;20260811143028438::df22245a-2d78-4b41-9983-af02929a8da9;
2026-08-11 14:30:29;RS;Venta;20.0;426.01;8520.2;;;;438cd8c5-e640-482f-a8b4-de1a40ac155c;20260811143029157::36ef918c-b633-4f83-adcd-9e57d0558fcc;
2026-08-11 14:30:47;R;Compra;7.0;260.99;1826.93;;;;2cdcb607-b9de-430b-a96c-3696bef321b2;20260811143047917::81e46d6f-8396-4c03-b664-dbd5bf1734dc;
2026-08-11 14:30:47;R;Compra;13.0;260.99;3392.87;;;;2cdcb607-b9de-430b-a96c-3696bef321b2;20260811143047917::34ceb783-f0ee-45bf-9c6b-c3e45ac0e36c;ejecucion parcial
2026-08-11 14:30:50;R;Venta;20.0;260.94;5218.8;;;;1b610ede-2b4c-48c2-9900-ec550301931d;20260811143050829::88e88229-4487-4d89-94eb-5b2ec9a46123;
2026-08-11 14:31:14;PLBC;Venta;20.0;62.04;1240.8;;;;f98fb1cd-a012-47a0-b863-bcbc990ba523;20260811143114772::056e4f89-17f2-460d-b05f-107ac303220f;
2026-08-11 14:31:14;PLBC;Compra;20.0;61.87;1237.4;;;;d0ca3060-f4f1-4fe6-aeae-e3af38b70a3b;20260811143114022::f10b527f-53e3-4a81-b820-6e92b036afcf;
2026-08-11 14:32:22;NIC;Venta;20.0;176.12;3522.4;;;;e4c48099-839c-42a1-8671-f7b3467358a4;20260811143222957::d30e672a-30b8-4b12-ae81-97e53ed0e2af;
2026-08-11 14:32:22;NIC;Compra;20.0;175.98;3519.6;;;;3d1de196-76b8-4235-b888-ee7d858d015a;20260811143222189::04f041c5-6d02-41db-b223-f174b1cc41b0;
2026-08-11 14:36:31;CZFS;Compra;12.0;80.44;965.28;;;;a0ec09cc-ee0b-42e1-bbf8-c8e953a148ba;20260811143631987::f673517e-38c7-4d12-b73a-1fa73f50bfbe;ejecucion parcial
2026-08-11 14:36:35;CZFS;Venta;12.0;80.42;965.04;;;;6f6b9608-0f0f-42dc-86b5-8d40d2f807f5;20260811143635459::13b45212-ca88-41a4-840d-667568145a27;
2026-08-11 14:37:12;CHE;Compra;20.0;541.97;10839.4;;;;7abe5b92-70ae-4620-aeb8-7998c50fe2d2;20260811143712889::833b604d-9a8c-4d06-8baa-032336f323fd;
2026-08-11 14:37:15;CHE;Venta;20.0;542.35;10847.0;;;;2fc9e2ae-c671-40fe-b21e-4d98b3497314;20260811143715904::317ae115-5e11-4908-a73a-a8dc48f27046;
2026-08-11 14:38:59;AGMI;Compra;13.0;72.46;941.98;;;;baaea06a-3d06-42a5-8dff-beee34121fab;20260811143859482::62aaa2c8-ca00-4237-98db-d794dc018161;ejecucion parcial
2026-08-11 14:39:02;AGMI;Venta;13.0;72.655;944.51;;;;a748746d-9630-41f4-8c13-a1a873cf2cc0;20260811143902962::ab58e540-ad16-47e3-95c4-e57f425ba11f;
2026-08-11 14:49:47;UTMD;Compra;3.0;71.64;214.92;;;;e63615df-1ef1-4b6a-985c-95466f549678;20260811144947978::dde198a6-77a4-4ea6-9e02-33af73550d9e;
2026-08-11 14:49:47;UTMD;Compra;17.0;71.64;1217.88;;;;e63615df-1ef1-4b6a-985c-95466f549678;20260811144947978::0d2a261e-5de1-4261-ac00-03ad85e44bed;ejecucion parcial
2026-08-11 14:49:48;UTMD;Venta;20.0;71.92;1438.4;;;;909d7866-0e9b-4b92-aa91-61b859846b8d;20260811144948664::e56c4186-3023-47f9-9887-15fb5798db7b;
2026-08-11 14:52:12;PLBC;Compra;20.0;61.62;1232.4;;;;dfe2a0fd-35ef-472a-b6e7-cb2ff4a3a452;20260811145212766::8061183b-f6b3-4af3-acf4-f73e501bc9b4;
2026-08-11 14:52:13;PLBC;Venta;20.0;61.75;1235.0;;;;fad489de-b3e6-45a7-b525-49b089f865c5;20260811145213459::0568bd2f-3bb4-4ad5-9237-6658fc690299;
2026-08-11 14:52:40;OESX;Compra;20.0;19.66;393.2;;;;2454e023-1a5c-45b4-b003-a87a84e29ec2;20260811145240291::aedd0902-ffa5-4548-8fe3-72d40639e7ca;
2026-08-11 14:53:06;OESX;Venta;5.0;19.65;98.25;;;;9941d9c1-847b-4e78-a08e-b11f6ea5e384;20260811145306454::80d19b2e-3c7c-479e-985b-327beed7f0c0;
2026-08-11 14:53:08;OESX;Venta;5.0;19.7;98.5;;;;59dcb5f3-60b5-43d4-9445-08bce9fec1f3;20260811145308224::37543890-245a-4d0c-9feb-cd0308526d52;
2026-08-11 14:53:13;OESX;Venta;5.0;19.65;98.25;;;;7b0c9e6e-5512-47f5-8df5-3f7f9980b6f0;20260811145313086::bccb4861-cf34-4423-a348-37e0e77529f8;
2026-08-11 14:53:15;OESX;Venta;5.0;19.65;98.25;;;;9608930e-ce75-4d68-84ad-8767008f1448;20260811145315662::dbe2d92d-05d7-4d31-890d-ed38b8803fb4;
2026-08-11 14:54:34;MCB;Compra;20.0;93.41;1868.2;;;;2bd07ff2-af0d-4a01-9862-ff654c7d6f53;20260811145434280::e1c00e1a-f5a4-47d8-aab6-51eda49a6baa;
2026-08-11 14:54:35;MCB;Venta;20.0;93.52;1870.4;;;;5ff4217e-3c62-4a0c-81c3-e8a0dcb40b54;20260811145435000::00e09cd0-abd3-4f1d-80e9-c1c671b67e39;
2026-08-11 14:55:24;IRMD;Compra;20.0;89.72;1794.4;;;;94c0eef5-60ce-49c7-b41e-ee09313b3d78;20260811145524004::dd389d79-7dae-4be9-a38a-7938e4b0dae6;
2026-08-11 14:55:43;IRMD;Venta;5.0;89.7;448.5;;;;b1ee30c9-7c62-498c-93e5-1fa088e5e2cb;20260811145543456::3c9a5b2a-2c54-478b-a957-624437376be9;
2026-08-11 14:57:15;IRMD;Venta;3.0;89.06;267.18;;;;cb2a1f3f-ae20-4f09-afe3-a9d0f8a89556;20260811145715528::e0a49aa3-6b28-4c26-ae40-0a2e1cef61be;
2026-08-11 14:57:16;IRMD;Venta;3.0;89.06;267.18;;;;b0248c41-8dab-4ab3-802b-3a899b7a1010;20260811145716660::38f46a22-3deb-418b-bce6-1e006dbc6219;
2026-08-11 14:57:18;IRMD;Venta;3.0;89.08;267.24;;;;4335a62e-a217-4c35-8bb9-69e235642ce7;20260811145718432::5c492f5c-45db-4188-83c3-552b7c036ab5;
2026-08-11 14:57:20;IRMD;Venta;3.0;89.1;267.3;;;;d02db7f8-db60-49cc-96a6-c90e0b9e33a3;20260811145720129::3612fa2b-976a-47cb-a96f-b46038218945;
2026-08-11 14:57:22;IRMD;Venta;3.0;89.18;267.54;;;;d261980c-c938-4691-addb-b86409b88415;20260811145722266::169f36fa-4148-4852-ac5f-d22f1cbc81c6;
2026-08-11 14:58:02;GPOR;Compra;20.0;170.54;3410.8;;;;ddfd188d-bc87-4c87-b85f-88f30bd9e23b;20260811145802754::56051bcf-9158-4deb-9e1e-12a3709e469b;
2026-08-11 14:58:04;GPOR;Venta;20.0;170.65;3413.0;;;;ae04614d-f334-4634-be8d-9b834e963a2f;20260811145804501::6c1d2aa6-6eb9-4d9c-b5d1-308fd783ce25;
2026-08-11 14:59:45;CVSA;Compra;20.0;126.94;2538.8;;;;6711a7d1-4011-4ba1-96f4-67ba182b97d6;20260811145945521::321884af-4746-44ee-968a-3431e415083d;
2026-08-11 14:59:48;CVSA;Venta;20.0;126.88;2537.6;;;;dc9ee635-f365-4585-923f-41490becf155;20260811145948409::3812b780-e987-4588-adac-9463525f784d;
2026-08-11 15:01:52;ARCB;Compra;20.0;135.74;2714.8;;;;79d25d89-d249-41a3-a73f-9fbe7e3f4d9e;20260811150152555::d5c96260-0e5b-47ad-b19b-dea82639331c;
2026-08-11 15:01:53;ARCB;Venta;20.0;135.87;2717.4;;;;bd19b986-3f61-4522-ac9b-ef362fd51188;20260811150153242::f7f4e454-f3fc-47c7-a43a-969103355449;
2026-08-11 15:07:41;ROMA;Compra;20.0;8.56;171.2;;;;5b186520-b0be-45a1-8247-a096388e8e6c;20260811150741969::fc39a3e6-22bc-46c8-9341-981d35ae0359;
2026-08-11 15:07:42;ROMA;Venta;20.0;8.79;175.8;;;;1695d9bb-1700-4969-97f6-5f719cd912c0;20260811150742641::dfd93029-91c0-4a6d-b8f9-00c61e4218b2;
2026-08-11 15:07:54;RBC;Compra;20.0;551.38;11027.6;;;;718ef311-6ef8-4fcd-9352-672be959d271;20260811150754959::4c2bf03c-6c27-4fb5-ae8c-e9c25f4ccb1e;
2026-08-11 15:07:55;RBC;Venta;7.0;551.85;3862.95;;;;af3ba318-e855-42da-9f42-5a9f9d32963f;20260811150755679::3abfbe59-5884-4591-b801-eb6211ecafc3;
2026-08-11 15:07:55;RBC;Venta;1.0;551.85;551.85;;;;af3ba318-e855-42da-9f42-5a9f9d32963f;20260811150755679::2a6c5cb1-a843-4158-aa73-1a402dbf7c18;ejecucion parcial
2026-08-11 15:07:55;RBC;Venta;12.0;551.85;6622.2;;;;af3ba318-e855-42da-9f42-5a9f9d32963f;20260811150755679::174caa90-1687-4a1a-ae71-170fa8401b12;ejecucion parcial
2026-08-11 15:08:22;PRPO;Compra;20.0;21.91;438.2;;;;eaa1d657-805b-4a66-92e4-f09591be8aaf;20260811150822723::174e50a1-2f51-4dc7-b94f-814e0ba2f094;
2026-08-11 15:08:23;PRPO;Venta;20.0;22.13;442.6;;;;d2e34228-8a6f-49e9-ba84-ee3307c8a771;20260811150823498::777352f3-2702-47f7-aa82-c9c13b1abde3;
2026-08-11 15:09:40;NNNN;Compra;20.0;10.06;201.2;;;;5edd3968-e997-4666-bc69-1a3a0b69ddce;20260811150940345::b6afeea3-2a17-4310-897b-6ac51cf5cc95;
2026-08-11 15:10:33;NNNN;Venta;5.0;9.97;49.85;;;;8fe10f9e-43b1-44a4-a094-2e003d36362a;20260811151033673::c643c572-2cb1-49c5-8162-afa2d985bb64;
2026-08-11 15:10:46;NNNN;Venta;5.0;10.06;50.3;;;;a1aeacda-aca4-48ef-bf74-1b0cf12b81d6;20260811151046128::a9b27a80-fcde-43f5-a36f-b336f7ac8012;
2026-08-11 15:10:55;NNNN;Venta;5.0;10.06;50.3;;;;81c53df3-de3b-4174-a05b-7d76ef2d600e;20260811151055281::3212bb37-f65d-4540-87df-6d38fd572c2e;
2026-08-11 15:10:57;NNNN;Venta;5.0;10.06;50.3;;;;30298b0d-69e1-4fc9-873b-69e571f02265;20260811151057906::eb7bcded-d472-49cb-81fa-ead4bb2bc3c2;
2026-08-11 15:11:22;NBN;Compra;20.0;135.03;2700.6;;;;d2f1888e-a2cb-4fb3-9f2e-5663f9ab587d;20260811151122577::e0ea2a74-fa62-4305-bdd1-436a72113dc9;
2026-08-11 15:11:25;NBN;Venta;20.0;135.05;2701.0;;;;344833ee-7bdd-4e12-a514-687345272639;20260811151125661::16c99a99-671c-447f-b582-f715e28b76be;
2026-08-11 15:13:36;FSV;Compra;20.0;143.7;2874.0;;;;210c209a-6c84-4c95-82bb-59d853d9d052;20260811151336024::8b8e85a1-51b6-4660-a516-7b6cf6bb2427;
2026-08-11 15:13:38;FSV;Venta;20.0;143.8104;2876.21;;;;533813f9-0ba0-4264-8f57-6d198046baef;20260811151338926::db0a9579-0f31-4d82-9708-a965ba788ac0;
2026-08-11 15:14:04;FEIM;Compra;20.0;75.82;1516.4;;;;4ffaa6d9-9ffa-409f-8c9f-b1b20a8af095;20260811151404420::4b7d3fcb-51ed-4527-b805-a98c0f7d37ce;
2026-08-11 15:14:05;FEIM;Venta;20.0;75.99;1519.8;;;;3c53ebec-15e6-48aa-97d0-95abdc0018b4;20260811151405236::9047322d-4876-43a1-a8f5-5de003435ec5;
2026-08-11 15:14:38;EG;Compra;20.0;367.19;7343.8;;;;5c69cbb8-a432-4d87-a836-e1b1aac019d7;20260811151438703::ca86ec54-9fb5-4f34-b23e-34f956fa34e4;
2026-08-11 15:14:39;EG;Venta;20.0;367.33;7346.6;;;;352ac6ef-cd3f-43b4-bc7a-367a1d64cb6d;20260811151439392::7b1e8768-6617-4cc2-be85-aeb3cf64faff;
2026-08-11 15:18:12;BCPC;Compra;20.0;178.85;3577.0;;;;981397da-abe7-4f40-88bf-94c0dffa043a;20260811151812535::6236db63-a171-475e-a5a5-cab1e8ef4d22;
2026-08-11 15:18:13;BCPC;Venta;3.0;179.01;537.03;;;;3634d49c-87bd-4cee-be29-62d2672af85a;20260811151813600::45444f1f-b868-4e2a-9a53-e5914b46da95;ejecucion parcial
2026-08-11 15:18:15;BCPC;Venta;17.0;178.84;3040.28;;;;ee19ec92-7b97-4ce4-930c-0ebe1d4994b6;20260811151815866::3b10db0b-425c-48fd-bbc0-c77e93020495;
2026-08-11 15:28:46;WTS;Venta;20.0;385.86;7717.2;;;;66790a4b-d289-490a-84c8-c94e2e552a0c;20260811152846869::c80382fe-3cee-4669-a980-f9391c837563;
2026-08-11 15:28:46;WTS;Compra;7.0;385.69;2699.83;;;;d7534487-5a03-4a50-bcdd-c2433655da21;20260811152846251::f22d9ca0-282f-4973-b1f0-60cba4d80dd8;
2026-08-11 15:28:46;WTS;Compra;10.0;385.69;3856.9;;;;d7534487-5a03-4a50-bcdd-c2433655da21;20260811152846251::d370cf46-c3cd-408d-aa6e-cd33992d1c87;ejecucion parcial
2026-08-11 15:28:46;WTS;Compra;3.0;385.69;1157.07;;;;d7534487-5a03-4a50-bcdd-c2433655da21;20260811152846249::059cb8b5-65b5-4ffa-b472-2e07f6331f33;ejecucion parcial
2026-08-11 15:33:24;MATX;Compra;20.0;206.42;4128.4;;;;2e97d956-3e8f-412c-b166-4c24b2ffb83a;20260811153324800::4df53cc7-ab57-4b81-98c7-0918eedca5ca;
2026-08-11 15:33:27;MATX;Venta;20.0;206.4899;4129.8;;;;9d43863b-38e6-4ab3-abdc-19234e52bedc;20260811153327700::c6e4985b-8395-4352-9fc8-1447a0ccb4ae;
2026-08-11 15:35:24;FRD;Compra;6.0;42.94;257.64;;;;9fa66b9f-215e-4482-828e-4a917f55fcd5;20260811153524844::b23ff229-a7c1-4a5d-9269-b1645dda8cfd;ejecucion parcial
2026-08-11 15:35:27;FRD;Venta;6.0;43.105;258.63;;;;49e4d6a0-1baa-4bd2-a678-1ba53caf862a;20260811153527954::b588c312-97cb-4899-b2ee-9db2bd7c6b5e;
2026-08-11 15:36:07;ESEA;Compra;20.0;72.3;1446.0;;;;d9b308bb-2231-4950-82d4-caa4de21f002;20260811153607744::6467df8a-27ab-4848-b1a9-fdb62af8e630;
2026-08-11 15:36:08;ESEA;Venta;20.0;72.46;1449.2;;;;72359a86-3178-4504-9eae-2c5a1baf3521;20260811153608447::301a9cc6-c88a-4edf-b666-35f149e07948;
2026-08-11 15:36:27;EG;Compra;20.0;367.12;7342.4;;;;5cc68791-6b22-40d1-8235-1ec6762aa6be;20260811153627280::04ab39a7-c24f-4d24-8515-0cdfffe2a56a;
2026-08-11 15:36:28;EG;Venta;20.0;367.24;7344.8;;;;15855b23-6c04-4a3b-a2d1-66c32e5f58f2;20260811153628013::fd497a43-f6ca-411d-93f6-496d43ea12b9;
2026-08-11 15:36:38;DORM;Compra;20.0;133.88;2677.6;;;;42f0853b-431c-4508-98a7-3785eaeb1d56;20260811153638642::17f2815a-4efc-4f5e-9e85-9faa6005cf11;
2026-08-11 15:36:41;DORM;Venta;9.0;133.8868;1204.98;;;;955b95a2-dde6-47b6-a8c1-500778b84259;20260811153641585::8c722d63-3231-458b-86a8-54d582514dd3;
2026-08-11 15:36:41;DORM;Venta;11.0;133.94;1473.34;;;;955b95a2-dde6-47b6-a8c1-500778b84259;20260811153641585::5f26c613-8374-4321-a22a-6f76bc7506ba;ejecucion parcial
2026-08-11 15:38:16;AYI;Compra;20.0;356.88;7137.6;;;;b637553b-0352-48ff-8899-2f9cedb45014;20260811153816095::fbec9ed0-adef-46cc-a876-1896d87483a8;
2026-08-11 15:38:19;AYI;Venta;20.0;356.9312;7138.62;;;;c52637e8-c00a-4ada-b6c1-949f42ba1fa3;20260811153819017::fccdd588-4038-4e5a-8d81-fd179f60042f;
2026-08-11 15:39:38;WILC;Compra;7.0;27.36;191.52;;;;52c2b9ad-994b-47ff-90c2-90041b4df2c0;20260811153938125::f5a520a3-dd45-4757-81ec-54e0a9aa7097;ejecucion parcial
2026-08-11 15:39:41;WILC;Venta;2.0;27.31;54.62;;;;87cca5fc-3ee1-4a6d-9441-bc1ed81c7c6f;20260811153941301::868ca7f1-c8f1-4699-9a26-9c5a4e83e586;
2026-08-11 15:39:41;WILC;Venta;5.0;27.35;136.75;;;;87cca5fc-3ee1-4a6d-9441-bc1ed81c7c6f;20260811153941294::0c4885b4-27c1-4687-99b6-9bf16bcc9a55;ejecucion parcial
2026-08-11 15:40:26;TRIB;Compra;20.0;13.03;260.6;;;;be233584-ecdc-46f9-91dd-8607a713347c;20260811154026166::6afa627b-f2ba-4a2e-aa6b-09533fe4fbaa;
2026-08-11 15:40:29;TRIB;Venta;20.0;12.99;259.8;;;;58749720-a100-4c21-b96e-c9b4316a848a;20260811154029131::e4dff97d-2439-482a-bd30-c63ba9efe042;
2026-08-11 15:41:17;SGLY;Compra;19.0;6.0;114.0;;;;62e4dc30-d0ee-4b86-8ee8-ac0c88349e59;20260811154117064::97c187cf-b81a-40a1-856e-b275d576cb9c;
2026-08-11 15:41:17;SGLY;Compra;1.0;6.0;6.0;;;;62e4dc30-d0ee-4b86-8ee8-ac0c88349e59;20260811154117064::5b4dd8f5-60c3-4bf3-82ce-df0ca9c78172;ejecucion parcial
2026-08-11 15:41:54;SGLY;Venta;10.0;6.0;60.0;;;;65ad52d7-7258-4006-98a9-b0b8338dd828;20260811154154893::9c695610-e1e3-46fb-bdeb-23c4ab0f8f2c;
2026-08-11 15:42:06;SGLY;Venta;10.0;5.98;59.8;;;;fb943ef0-5324-4383-a566-e43244b6329b;20260811154206256::30446f43-a21e-43e8-bce5-4afda164e934;
2026-08-11 15:42:17;SAM;Compra;20.0;178.48;3569.6;;;;b45281d4-8db4-4de2-a12e-e418ecc70e29;20260811154217974::9cc91cd3-d6fc-4c1f-81b8-9f610a6f7c79;
2026-08-11 15:42:18;SAM;Venta;20.0;178.59;3571.8;;;;86de3081-4717-42e8-a26d-99b4dd7191f3;20260811154218666::5b910439-eef7-458d-991a-5ebdb52698ba;
2026-08-11 15:42:26;RUSHB;Compra;20.0;78.36;1567.2;;;;501d692c-6339-43b9-9cd9-8964dd77021f;20260811154226362::42d75a14-7eb1-4bf1-a251-f40f0a75b0df;
2026-08-11 15:42:29;RUSHB;Venta;20.0;78.4665;1569.33;;;;58cecf72-2edc-40cf-873d-7b8985c3017a;20260811154229328::a663ac28-c3d9-4b91-bc17-45b790b69ca7;
2026-08-11 15:43:15;PLMR;Compra;20.0;132.95;2659.0;;;;de8c1873-5c2e-4d66-aefe-ad204df80759;20260811154315731::e26eeb8f-7f08-4a35-b597-79a42c41845e;
2026-08-11 15:43:16;PLMR;Venta;20.0;133.08;2661.6;;;;353253b2-8bae-425c-880f-a4708ed7ec94;20260811154316528::30d66417-f880-4cc9-a695-9dae50b5feca;
2026-08-11 15:43:53;NWPX;Compra;20.0;112.07;2241.4;;;;1ec7dc67-a02b-4daf-8afa-15cfb1f04aff;20260811154353263::888c1418-2e40-433f-88b7-96e78e8536ff;
2026-08-11 15:44:04;NWPX;Compra;10.0;111.94;1119.4;;;;9e906e21-982c-4444-974c-aebbbbdd945e;20260811154404737::5a5938b1-93ca-4ecd-b0b9-a8f64bdedab6;
2026-08-11 15:44:17;NWPX;Compra;5.0;111.94;559.7;;;;60c876d3-821f-439f-b4d1-3a388f265011;20260811154417378::8272e7ee-e1f7-4acd-97aa-781d4aeccd13;
2026-08-11 15:44:40;NWPX;Venta;1.0;111.89;111.89;;;;76658bd2-2b08-4077-a9c4-803bde6c6c67;20260811154440567::c505cb5d-20a0-4489-8db5-37ec2abdd428;ejecucion parcial
2026-08-11 15:44:40;NWPX;Venta;2.0;111.89;223.78;;;;76658bd2-2b08-4077-a9c4-803bde6c6c67;20260811154440567::7b21983e-4f01-4eb6-b09d-4c8fa7c2adf4;
2026-08-11 15:44:40;NWPX;Venta;1.0;111.89;111.89;;;;76658bd2-2b08-4077-a9c4-803bde6c6c67;20260811154440567::0621e8cf-ad13-47c5-982f-f46d7329390e;ejecucion parcial
2026-08-11 15:44:40;NWPX;Venta;1.0;111.94;111.94;;;;76658bd2-2b08-4077-a9c4-803bde6c6c67;20260811154440557::23bbf4c2-8fe2-472f-8d8d-c4940dd985c0;ejecucion parcial
2026-08-11 15:44:45;NWPX;Venta;5.0;111.89;559.45;;;;6a629fc0-3e74-40d4-a18d-93556d62becc;20260811154445433::8c7ba6de-0ee6-4b46-be69-824c5f6661fa;
2026-08-11 15:44:56;NWPX;Venta;5.0;111.96;559.8;;;;187f40cf-2714-447c-a804-51d06472ce48;20260811154456780::9dcce4a8-fd8a-4586-8d82-31a4fe94ec80;
2026-08-11 15:45:00;NWPX;Venta;5.0;111.98;559.9;;;;d9568e1f-df1d-4739-98bf-543f7fbcd089;20260811154500111::2b79a8fe-b8f0-44e6-8fc2-c65898d28c30;
2026-08-11 15:45:07;NWPX;Venta;4.0;111.93;447.72;;;;91fa6294-5fac-45d1-9f77-0d74613eca20;20260811154507694::c14b9b49-eea3-4f93-ba28-7fd144f82eb9;
2026-08-11 15:45:07;NWPX;Venta;6.0;111.93;671.58;;;;91fa6294-5fac-45d1-9f77-0d74613eca20;20260811154507694::90a941ba-ae6a-4c11-a0c9-abbb4f778591;ejecucion parcial
2026-08-11 15:45:23;NWPX;Venta;5.0;111.92;559.6;;;;d9994e29-382c-4aea-a12e-fb76b70f5546;20260811154523731::0643eaaf-ed51-4041-9d90-69a2ad6c8cf4;
2026-08-11 15:46:19;MKDW;Compra;1.0;11.09;11.09;;;;1ee652b9-ffba-4ab3-92f0-dec2dff5c67a;20260811154619719::ac31c2f2-0c57-4b6a-b942-16c3b0d61dff;ejecucion parcial
2026-08-11 15:46:19;MKDW;Compra;19.0;11.12;211.28;;;;1ee652b9-ffba-4ab3-92f0-dec2dff5c67a;20260811154619719::0fcd7d0d-a9da-4014-8e3e-68567b8fb677;
2026-08-11 15:46:28;MKDW;Compra;10.0;10.9;109.0;;;;648ff035-9cfc-433f-a23f-0efa3330929f;20260811154628914::23c8c652-2016-47d5-a696-da7cef878e6c;
2026-08-11 15:47:09;MKDW;Venta;10.0;11.02;110.2;;;;f87fb059-9223-4b58-b260-561e1a377cac;20260811154709129::9e3a11a6-542b-45d6-bc6a-c281a865e5c2;
2026-08-11 15:47:14;MKDW;Venta;10.0;11.0;110.0;;;;4c44faaa-7c43-4201-be95-58c60e15f0fd;20260811154714137::07ab8097-8bb0-4969-9dbc-50f03976f2c4;
2026-08-11 15:47:18;MKDW;Venta;10.0;10.98;109.8;;;;8e916c53-762b-4807-9e6f-949aaed96dc3;20260811154718689::83cb4be4-0129-4118-8092-7f47070c66b7;
2026-08-11 15:47:36;LSE;Compra;1.0;4.82;4.82;;;;af1ff091-850c-4d8f-b493-694441890af7;20260811154736798::c9469ded-2f56-416c-af66-41a99b72c6ab;ejecucion parcial
2026-08-11 15:47:36;LSE;Compra;19.0;4.84;91.96;;;;af1ff091-850c-4d8f-b493-694441890af7;20260811154736798::b1f212a3-a5ce-4213-b851-157fb17a13e5;
2026-08-11 15:47:39;LSE;Venta;20.0;4.8005;96.01;;;;bee560e3-4018-4cc4-9fec-eeb6b3213d7e;20260811154739738::3254ef6e-4077-4edc-9778-19c57db0bfbd;
2026-08-11 15:47:50;LAD;Compra;20.0;379.55;7591.0;;;;1ac72b02-7904-4114-bed3-1da4a579dd61;20260811154750294::cf7736c4-4546-42c0-a56e-811cfa52e437;
2026-08-11 15:47:51;LAD;Venta;20.0;379.86;7597.2;;;;14e07d83-7dfa-4300-9930-39d9feef42eb;20260811154751022::665786b4-2eae-4f56-bedf-020a690fc7c4;
2026-08-11 15:48:55;GSBC;Compra;20.0;80.47;1609.4;;;;af9b2dfb-2641-4f2d-9eb1-cbf63c0d53e9;20260811154855409::4cf00c6b-03b5-4a45-bc6a-6e7dd174bd2f;
2026-08-11 15:48:56;GSBC;Venta;20.0;80.58;1611.6;;;;ce655fc7-1f76-432d-8c3d-c888c0dc0395;20260811154856105::d9213bf6-d799-4165-a5fa-5a38addd9534;
2026-08-11 15:49:45;FCFS;Compra;20.0;207.94;4158.8;;;;e64ffc68-a63c-48d6-99ed-19d36c0e9c56;20260811154945599::c4c564c2-a063-47a3-b077-71c37337189f;
2026-08-11 15:49:46;FCFS;Venta;20.0;208.12;4162.4;;;;f864f04f-11e4-4b1b-a6ce-213bb8c1287f;20260811154946316::31cdabb7-f66d-468f-b461-0777e598824b;
2026-08-11 15:49:52;EXOZ;Compra;2.0;5.81;11.62;;;;a7cdf8fb-bdda-4de2-adcd-af5d4c8a1682;20260811154952367::8d5d19d0-1377-47b7-8ad6-6d4e95a06fdb;ejecucion parcial
2026-08-11 15:49:55;EXOZ;Venta;2.0;5.77;11.54;;;;f4c58f1d-ee3b-4468-bd19-1ebdb541573d;20260811154955704::d07e0b9b-3d51-4217-b518-3701febe892e;
2026-08-11 15:50:08;ESE;Compra;20.0;295.27;5905.4;;;;4345379c-2793-4a3d-8357-361c23f038f5;20260811155008262::621e48db-a79d-4c80-9e78-cf67fb100248;
2026-08-11 15:50:09;ESE;Venta;20.0;295.63;5912.6;;;;8838d914-833e-495d-9358-4913ea14b738;20260811155009040::b943acff-b43f-48e9-8d78-5de277da5eae;
2026-08-11 15:52:01;AZZ;Compra;20.0;153.75;3075.0;;;;ca3aa71a-0e0d-486c-b08e-05390f15a809;20260811155201187::73e624b3-d0fe-4148-9b5e-3e435fae4450;
2026-08-11 15:52:04;AZZ;Venta;20.0;153.69;3073.8;;;;daf2cb57-cf94-46b1-a8fa-5c5d56e95391;20260811155204100::9ea72463-841f-4a77-8398-d1c6d77d8745;
2026-08-11 15:58:29;MKDW;Venta;11.0;11.1;122.1;;;;f10e4253-2fdd-4bec-9c9a-e65dd7b0b92a;20260811155829886::60005eb6-abb6-446d-a62d-b9153e3e7df5;
2026-08-11 15:58:29;MKDW;Compra;9.0;10.86;97.74;;;;c6369a80-b01f-4397-8e8c-eeb902601f2c;20260811155829018::ed81a161-9bae-4f7b-84a8-4984d44a9a35;ejecucion parcial
2026-08-11 15:58:29;MKDW;Compra;2.0;10.86;21.72;;;;c6369a80-b01f-4397-8e8c-eeb902601f2c;20260811155829018::5d16148a-171f-4267-890f-65d560e5ebf4;ejecucion parcial
2026-08-11 15:58:39;MCRI;Compra;20.0;122.43;2448.6;;;;a8b1ae55-bfeb-42a9-8526-e1f95c4cfc0b;20260811155839474::97a29e22-873d-437b-a813-56858ec80fb0;
2026-08-11 15:58:40;MCRI;Venta;20.0;122.48;2449.6;;;;dc77c8f5-78cc-4d69-9b70-f96b31074dd9;20260811155840178::6fa7695a-3407-49dc-b23c-403ec23255d9;
2026-08-12 09:57:01;XPEL;Compra;20.0;47.79;955.8;;;;1a173b01-09b9-4ef4-a874-50a70071090e;20260812095701839::92f0808b-03e3-4bae-9e79-bb48a805cc4f;
2026-08-12 09:57:02;XPEL;Venta;19.0;48.15;914.85;;;;84d30343-27cb-4a03-aa61-3b7c6b508294;20260812095702540::1e27dea3-9765-41f7-89c3-c9ee3b606328;
2026-08-12 09:57:02;XPEL;Venta;1.0;48.265;48.27;;;;84d30343-27cb-4a03-aa61-3b7c6b508294;20260812095702528::9c82cd4d-8509-42c7-9b92-8981ab6ae81e;ejecucion parcial
2026-08-12 09:57:29;WMS;Compra;20.0;141.8;2836.0;;;;21b29a4b-b8b1-4a27-836b-228547cacadf;20260812095729484::e7904898-c7c3-4a56-9360-f1d223ca7cc2;
2026-08-12 09:57:30;WMS;Venta;20.0;142.01;2840.2;;;;521b77fe-95e6-45b6-8611-b158fd1e701d;20260812095730211::d36f892d-7b2b-4bbb-8687-351f927e517d;
2026-08-12 09:58:34;VTOL;Compra;20.0;46.18;923.6;;;;da69c7b9-dded-44b0-904d-6ba21fe44ae8;20260812095834123::c5aa1d9a-a4d7-456a-8b1e-d0732061f2ef;
2026-08-12 09:58:37;VTOL;Venta;20.0;46.11;922.2;;;;6ee9100c-fef8-43b9-bfd1-a6d2aef976b2;20260812095837104::41fc2071-90d3-4504-91d5-779d534e4451;
2026-08-12 10:00:09;TRST;Compra;20.0;55.84;1116.8;;;;76658b0f-8995-4ce1-9064-fca96f76dc58;20260812100009840::76bce773-1e43-4b95-8284-016e8e853126;
2026-08-12 10:00:12;TRST;Venta;20.0;55.76;1115.2;;;;d20aaf2c-6be2-4e3a-a7d5-197bd2c82726;20260812100012974::bfa5582b-6603-4504-87c0-7bdfff588aff;
2026-08-12 10:02:32;SLAB;Compra;20.0;218.42;4368.4;;;;1eeb8685-235d-4088-abd3-435450c3d129;20260812100232826::b8e0b3da-c054-4a73-8e9f-9bfe0f16fe21;
2026-08-12 10:02:33;SLAB;Venta;20.0;218.6;4372.0;;;;ab66cd24-407e-4393-a346-6c03304feadb;20260812100233540::63b48916-19e6-4847-8137-92f29b3812c9;
2026-08-12 10:03:38;SAIA;Compra;20.0;366.12;7322.4;;;;1171833a-5c40-41e6-9526-68ef5389cf24;20260812100338571::c3cadcf6-ebc3-4008-9bfb-649c2fb399ea;
2026-08-12 10:03:55;SAIA;Compra;10.0;364.75;3647.5;;;;a0d3f3a4-de4a-478f-8ede-95b261676546;20260812100355379::1ba2cea9-a41a-4496-a16b-bb537d23b20a;
2026-08-12 10:04:13;SAIA;Compra;5.0;364.75;1823.75;;;;a10702ee-22d9-4651-9cd0-152abacc2faa;20260812100413016::6c130256-a93d-4755-9d02-aa357a369150;
2026-08-12 10:04:25;SAIA;Venta;10.0;365.3;3653.0;;;;5e0f20fa-7f36-4c11-9645-1573a5bc76f3;20260812100425962::47ed2cfb-0ff2-434c-9fe2-6d996362b140;
2026-08-12 10:04:27;SAIA;Venta;10.0;365.4;3654.0;;;;281cda70-5342-4c87-84eb-20bafcf6d956;20260812100427505::88ab35da-35fc-4250-9427-4c39ff4da29a;
2026-08-12 10:04:29;SAIA;Venta;10.0;365.5;3655.0;;;;ee8e7ad2-dbc6-4e89-80f0-aa54467a9dae;20260812100429079::a0b7537a-f198-487f-ba05-ed5b6f6b78ae;
2026-08-12 10:04:33;SAIA;Venta;5.0;365.6;1828.0;;;;2f27eead-b7af-4e04-8148-d438754e6674;20260812100433434::80d6ff81-8d6e-46fa-b093-43785b953a6c;
2026-08-12 10:06:51;PLUS;Compra;20.0;87.9;1758.0;;;;5281f995-0b33-4834-9ca5-2840adb98f95;20260812100651971::55a8ff33-1b70-4282-87fd-dee3dc42634f;
2026-08-12 10:06:54;PLUS;Venta;20.0;88.1267;1762.53;;;;66727124-736d-4d20-8721-109c68ceef39;20260812100654993::62ef9db9-c845-43bc-998e-162a9afe9bdf;
2026-08-12 10:11:37;LKFN;Compra;20.0;62.03;1240.6;;;;a36fb808-bd19-4873-b90a-cae9a2a2fcea;20260812101137491::9dc0cbf7-4c6f-4199-86d3-80d3d7762166;
2026-08-12 10:11:40;LKFN;Venta;8.0;62.0492;496.39;;;;c091abca-a445-433e-9639-bd0e1ceb1545;20260812101140405::f99aef13-204a-4384-91a4-004f23508e8e;
2026-08-12 10:11:40;LKFN;Venta;12.0;61.99;743.88;;;;c091abca-a445-433e-9639-bd0e1ceb1545;20260812101140405::75afc468-b814-4c27-9661-14faa07fd967;ejecucion parcial
2026-08-12 10:19:22;CTS;Compra;20.0;64.55;1291.0;;;;5b11c7b4-b642-42f3-88cf-4a969914598c;20260812101922088::4c49bda9-fd60-4097-ba98-e2e8c6b7cbd9;
2026-08-12 10:19:25;CTS;Venta;20.0;64.92;1298.4;;;;52624def-2d6f-43c9-8d64-a47ed7de482c;20260812101925105::1bc5144b-40fa-4571-b8cf-e0b80b6b6e06;
2026-08-12 10:20:31;CCSI;Compra;20.0;36.32;726.4;;;;2ca55b17-8ff2-4057-90f2-bed77f4e59c1;20260812102031868::dc5bc0a8-66db-4c1d-81f7-8819bed3d479;
2026-08-12 10:21:14;CCSI;Venta;5.0;36.32;181.6;;;;63588bda-32b0-4ac4-a1c7-364bb07ee339;20260812102114157::9a44cab5-771c-445b-aec0-c334d5366320;
2026-08-12 10:21:18;CCSI;Venta;5.0;36.3;181.5;;;;e8b55269-daba-4282-9607-70c84ce75837;20260812102118251::0ebbfe11-9a0a-470d-9b21-0660c227734b;
2026-08-12 10:21:19;CCSI;Venta;5.0;36.3;181.5;;;;8f5a7bcf-03d1-4e91-b1e0-d89d94f8e044;20260812102119282::8bd6584c-f90b-4a9c-b72b-f2820a04f9fd;
2026-08-12 10:21:20;CCSI;Venta;5.0;36.3;181.5;;;;c3cabc12-b57b-43c1-a334-247001e074f5;20260812102120475::5ba9bb91-f77a-4911-8a4b-2b481e6fe396;
2026-08-12 10:47:20;WS;Compra;20.0;37.22;744.4;;;;b0a43a0e-25f8-46f0-8e20-e01e62dac550;20260812104720223::83c98731-1379-4ae2-985c-2ea74e58ab15;
2026-08-12 10:47:21;WS;Venta;20.0;37.35;747.0;;;;d85a2be8-c421-4aec-9be3-d10669f2cedd;20260812104721122::5fb5918e-bffb-410f-b309-950e900e093c;
2026-08-12 10:49:00;UNF;Compra;20.0;291.12;5822.4;;;;c22b4d7b-ea9d-4541-97e4-f46c94f07471;20260812104900024::580e6d3d-6606-42ce-bc23-f0b17192b634;
2026-08-12 10:49:02;UNF;Venta;7.0;291.1456;2038.02;;;;36f01e00-da25-4831-936c-6d9fe312acf4;20260812104902911::c968aef7-6158-4224-95b9-2c9cc73c5d1c;
2026-08-12 10:49:02;UNF;Venta;13.0;291.05;3783.65;;;;36f01e00-da25-4831-936c-6d9fe312acf4;20260812104902911::63819efc-3ff7-48cc-b7f1-1fa8caeb3140;ejecucion parcial
2026-08-12 10:49:36;TPC;Compra;20.0;97.35;1947.0;;;;7f98c3da-9e96-4516-8710-c32a9681fdb1;20260812104936784::7a9765a9-9e5d-4979-abf4-47e4b3fa8607;
2026-08-12 10:49:39;TPC;Venta;20.0;97.33;1946.6;;;;17c8210f-9d3c-451a-852d-54028dee5ff5;20260812104939688::5cca1da0-b7c0-4a70-aca4-146905b02ac2;
2026-08-12 10:51:27;SIGI;Compra;20.0;94.15;1883.0;;;;5474f892-05b0-42f1-b68f-7fee04202a06;20260812105127448::6a975b6f-7d58-488b-849d-30bcefdb3906;
2026-08-12 10:51:30;SIGI;Venta;20.0;94.1354;1882.71;;;;ebb174a1-d676-4b46-9c53-0a560e8371ee;20260812105130512::4b612869-76e8-494b-85d7-dcbc88030217;
2026-08-12 10:52:58;RGA;Compra;20.0;245.57;4911.4;;;;5f32f89c-ac2b-4157-81bf-96d7ee96fd90;20260812105258371::06e1ddb1-10ad-4fdf-bf93-9b9258c83cbc;
2026-08-12 10:53:01;RGA;Venta;14.0;245.48;3436.72;;;;b19a99e6-2118-4c0e-915e-b1861036f9a5;20260812105301518::85c70e54-21d5-47c5-a7d4-b37a9231b086;ejecucion parcial
2026-08-12 10:53:01;RGA;Venta;1.0;245.5;245.5;;;;b19a99e6-2118-4c0e-915e-b1861036f9a5;20260812105301498::5d5b4811-d05c-49c3-8bec-73200a2a5331;ejecucion parcial
2026-08-12 10:53:44;RGA;Compra;10.0;245.36;2453.6;;;;eec10d01-f0bb-4e8b-a358-f2c6078e7efa;20260812105344774::3961554c-e937-40db-b4b8-e10e120ad3f0;
2026-08-12 10:54:06;RGA;Compra;5.0;245.36;1226.8;;;;56cab566-b5f3-4f60-b128-75ea9a850a52;20260812105406536::4ec61126-765d-4de4-a7c5-cc6a0a607413;
2026-08-12 10:55:27;RGA;Venta;10.0;245.26;2452.6;;;;3766412a-a214-44c4-8acd-9009a238b8e6;20260812105527363::b585bf05-723f-420f-85d2-ad1f71003da4;
2026-08-12 10:55:32;RGA;Venta;5.0;245.3;1226.5;;;;7161a343-65e3-45c9-ad1d-964a5b6201eb;20260812105532344::dc373330-404a-4eb9-a76a-a86ab12c28c0;
2026-08-12 10:55:42;RGA;Venta;5.0;245.28;1226.4;;;;93f31438-8a84-4f9b-872b-b0e2b85858f9;20260812105542508::66605487-5e67-49b8-b221-25f98c12a106;
2026-08-12 10:56:38;PRSU;Compra;20.0;46.38;927.6;;;;4bb1a284-8c97-49b9-ba57-c911fc9048a3;20260812105638130::1334b100-5edf-452f-a5b2-a27ec0b1732b;
2026-08-12 10:56:41;PRSU;Venta;20.0;46.36;927.2;;;;74260c06-89c3-4ab6-89ae-b750a6b054a5;20260812105641051::bf8d7a6f-ec7b-4b34-b5ee-e5e87e5f8259;
2026-08-12 11:04:24;GSHD;Compra;20.0;63.9;1278.0;;;;f45e9e7a-57b3-48a1-9c64-c5648f26669d;20260812110424673::596010d5-2e95-4e13-87c6-e815006cc939;
2026-08-12 11:04:25;GSHD;Venta;10.0;64.075;640.75;;;;184f3a6b-b26d-4e61-b05b-aa71fefb449e;20260812110425444::9b262ee6-cfad-428a-b1aa-1edc43c90d51;ejecucion parcial
2026-08-12 11:04:25;GSHD;Venta;10.0;64.075;640.75;;;;184f3a6b-b26d-4e61-b05b-aa71fefb449e;20260812110425444::53df91b2-f894-4264-aae6-204e08799ca5;
2026-08-12 11:04:35;GPOR;Compra;20.0;169.23;3384.6;;;;5011cf7d-deba-42b5-aff4-a5e0dc187346;20260812110435952::d91b7aba-0db8-4524-bcb9-84f50f4dfb03;
2026-08-12 11:04:38;GPOR;Venta;20.0;169.2537;3385.07;;;;8e12b2b5-132f-438b-819f-e34d4cf46487;20260812110438816::bf7040f8-c070-499f-82d0-1fb12c0d4440;
2026-08-12 11:09:21;CMDB;Compra;20.0;17.3;346.0;;;;9a1cfac4-61e6-48a7-bfd5-84cfbb0f20d9;20260812110921798::4b2b0657-fe96-4c96-97c4-7d016f570e1d;
2026-08-12 11:09:22;CMDB;Venta;20.0;17.46;349.2;;;;39e2b3a3-0716-43bd-bad7-0970efe798e1;20260812110922690::1cdfd861-a0dc-48b5-902b-6fb65157102a;
2026-08-12 11:12:18;AMG;Compra;20.0;364.39;7287.8;;;;b5fa90a3-dd0a-4a61-a3e8-982d8461e7eb;20260812111218482::d37a2cb6-0248-4da2-acfb-a06fced61a6b;
2026-08-12 11:12:21;AMG;Venta;20.0;364.6696;7293.39;;;;80dd0f25-c472-49bd-b5e7-860a7e65f76a;20260812111221386::2d6b029b-5183-4f5d-b127-84b9e1066b29;
2026-08-12 11:12:43;AGM;Compra;20.0;235.88;4717.6;;;;3d3fe920-8578-40df-b799-a34ecbed702d;20260812111243963::240d5542-072a-4aba-a002-14103962f261;
2026-08-12 11:14:27;AGM;Venta;5.0;236.1;1180.5;;;;a4cdea8c-c536-443b-a43f-2f6993d6efda;20260812111427036::a9accbf2-4cc2-4e2e-874e-e003bf49ec26;
2026-08-12 11:14:38;AGM;Venta;5.0;236.0;1180.0;;;;c43f7dc1-1c23-4d9f-b6a2-cdb9754510f7;20260812111438506::b8f6f228-2985-4814-bf84-3c69c185cc89;
2026-08-12 11:14:39;AGM;Venta;5.0;236.0;1180.0;;;;dfc0db40-60da-471c-836a-367e227ae701;20260812111439578::68f30fb0-ddaf-4aa1-8104-4175cf285d8e;
2026-08-12 11:14:40;AGM;Venta;5.0;236.0;1180.0;;;;2d01dc67-2e96-4929-873e-80ee795580a3;20260812111440860::528399bf-b430-4223-bba2-e4c4a9b6431c;
2026-08-12 11:38:23;PI;Compra;20.0;176.62;3532.4;;;;dd15c790-6f40-43ec-8540-bc99809d88de;20260812113823780::a9624ae7-0216-4b09-a23f-bbbcf319acb0;
2026-08-12 11:38:39;PI;Venta;5.0;176.65;883.25;;;;99388d16-1c9b-47f5-8c86-579886a03b54;20260812113839464::70d07fbd-6116-406f-b985-6fea52bf94a1;
2026-08-12 11:38:40;PI;Venta;5.0;176.65;883.25;;;;3746123e-0e2f-433f-b194-447e7454502a;20260812113840716::82e7d592-6aa5-4ba0-822d-ba2bb5e92165;
2026-08-12 11:38:57;PI;Venta;5.0;176.52;882.6;;;;3f867b20-2701-4116-b011-486f30526826;20260812113857796::da2f46b7-ce38-4128-8445-dc076e16ff59;
2026-08-12 11:38:59;PI;Venta;5.0;176.54;882.7;;;;40e7e368-d700-43eb-92f0-69092710b041;20260812113859703::c94e3291-bc67-48cc-ba7d-2b17f1d53ac4;
2026-08-12 11:42:56;KOP;Compra;20.0;44.93;898.6;;;;df2046f8-951d-4ce6-9da6-4a4164d6bd7a;20260812114256231::b4eecf1a-c0cc-4f38-bbc0-a5519f08f37a;
2026-08-12 11:42:59;KOP;Venta;20.0;44.91;898.2;;;;eecac99b-927c-4f79-b6a9-d7207a86e97d;20260812114259136::ea6b46a0-4847-4af6-a33a-cdc22a640417;
2026-08-12 11:44:09;HTB;Venta;20.0;49.83;996.6;;;;e46fb828-ca2d-46e6-8251-a674cc430a8f;20260812114409803::25501682-448c-4cd7-8dd8-9a0d034bb162;
2026-08-12 11:44:09;HTB;Compra;20.0;49.69;993.8;;;;db90fc85-adc4-4b89-9f09-4095a2bedc07;20260812114409090::005f7534-579c-41ef-9dc8-63050e823905;
2026-08-12 11:48:14;CPK;Compra;20.0;134.61;2692.2;;;;be1c9652-cd3b-49e0-a1a0-c6fccda76d2e;20260812114814920::cc255aea-67d0-4df4-b1aa-9ffb6e02c97a;
2026-08-12 11:48:15;CPK;Venta;20.0;134.79;2695.8;;;;553eb3bf-cb9d-4ce8-9dd6-ec0da8e8e08a;20260812114815638::f2953fe4-6a5e-480d-be31-199dedfa1e3b;
2026-08-12 11:50:25;ATNI;Compra;20.0;30.96;619.2;;;;198e37e2-2477-44a8-bbde-517cec2f8b74;20260812115025071::058ccdce-222c-4778-a193-a4608899815f;
2026-08-12 11:50:28;ATNI;Venta;20.0;30.9841;619.68;;;;ace39330-68cb-435f-8eca-9853261dc598;20260812115028145::dfc67832-a50f-44ac-a1e2-676299e30f26;
2026-08-12 12:05:18;QCRH;Venta;40.0;105.57;4222.8;;;;96ef333a-f50d-4cf3-b00f-47dfae44483d;20260812120518981::140233eb-a91c-4902-814f-2c54b400ba10;
2026-08-12 12:05:18;QCRH;Compra;40.0;105.41;4216.4;;;;f0cca28d-960a-4734-8d71-9c9dbbb84f31;20260812120518299::9aaf8d97-9517-47dd-b675-edee7ff56ff8;
2026-08-12 12:08:49;NAMSW;Compra;40.0;16.35;654.0;;;;426c6471-2756-4e97-b6db-356c5495b457;20260812120849773::f9b13214-b56c-4a6a-9f93-b0e300a819f5;
2026-08-12 12:08:52;NAMSW;Venta;38.0;16.2501;617.5;;;;fb4d8517-54fa-4f8f-8fd2-e879b47da5fc;20260812120852674::33725233-a588-4ef5-a1d6-b94c24946ab4;
2026-08-12 12:08:52;NAMSW;Venta;2.0;16.32;32.64;;;;fb4d8517-54fa-4f8f-8fd2-e879b47da5fc;20260812120852670::8b75b7f0-becd-42cb-82e0-52898f689f74;ejecucion parcial
2026-08-12 12:10:30;KEN;Compra;40.0;67.82;2712.8;;;;d6452d3d-e305-4853-80d6-6045468e311c;20260812121030449::bcff9404-ad1a-4522-b0fe-116ae192322b;
2026-08-12 12:10:31;KEN;Venta;40.0;68.06;2722.4;;;;831f7b62-2a12-4d8f-9b9e-a2071dc1caf0;20260812121031175::30e3a4f6-59df-46b2-b825-8e71cb66620e;
2026-08-12 12:15:01;ELLO;Compra;5.0;19.59;97.95;;;;ae666dc4-60b5-4ab4-ac50-7c30347ae402;20260812121501992::668d9e9e-d7bf-410a-9d8c-d33634d49859;ejecucion parcial
2026-08-12 12:15:02;ELLO;Compra;21.0;19.59;411.39;;;;ae666dc4-60b5-4ab4-ac50-7c30347ae402;20260812121502008::bde44976-73cf-4023-8b0f-cec926a63a45;ejecucion parcial
2026-08-12 12:16:02;ELLO;Venta;10.0;20.035;200.35;;;;ff2c8e2c-3623-4b99-8a18-4d132104d8d3;20260812121602518::051bec47-2bf5-43bc-90b0-b8658c51896e;
2026-08-12 12:16:05;ELLO;Venta;10.0;19.6303;196.3;;;;9e221493-0721-48d0-bd51-4f450c60b6e3;20260812121605456::ecc5c69e-b4b0-4b26-825b-bcdccdac0c04;
2026-08-12 12:16:12;ELLO;Venta;3.0;19.6309;58.89;;;;629c17a7-065f-4fae-b4a6-3d7be9030739;20260812121612431::46f79976-b8c7-43d5-80d5-7db3894cd270;
2026-08-12 12:16:15;ELLO;Venta;3.0;20.035;60.11;;;;512b1225-b5d6-4467-88b2-c09433c25dd7;20260812121615824::3d38441a-7217-4e0d-ab75-01c0a50dc023;
2026-08-12 12:18:36;CCG;Compra;20.0;13.91;278.2;;;;386edc09-a014-47e9-b4f6-982515f2a4f7;20260812121836413::86fe089f-12e8-42d4-9cab-e44e301b01e2;ejecucion parcial
2026-08-12 12:18:39;CCG;Venta;20.0;13.86;277.2;;;;e472d1a7-f59b-45af-8045-ce1e5b954ffd;20260812121839736::245d1fc5-72f8-431a-a28a-a1bc53cd4b8e;
2026-08-12 12:37:54;TSAT;Compra;20.0;59.91;1198.2;;;;1eb3ed3e-80cd-43ac-9655-4f2c28286016;20260812123754653::bca8df42-86a7-4818-8ef1-fa43dfa4a5f7;
2026-08-12 12:37:55;TSAT;Venta;20.0;60.155;1203.1;;;;16a1a822-25f7-4b69-b414-27c7c2e25f1b;20260812123755348::c4779a02-8598-4fe7-b4ad-8dd00faa40c3;
2026-08-12 12:38:49;SII;Compra;20.0;117.3;2346.0;;;;d739f6f6-db26-4072-a0a8-dd49f27a6ecb;20260812123849972::641f8b09-f6d7-45ef-9e34-3d41573ee340;
2026-08-12 12:38:50;SII;Venta;20.0;117.5;2350.0;;;;c196ca14-2bae-4ec8-ac8a-2fbf415ba956;20260812123850682::b61db265-a52e-45ba-8a08-b41326ea3836;
2026-08-12 12:39:14;RS;Compra;20.0;423.88;8477.6;;;;2fadb84d-2d72-4c4a-a9cc-52a387ed607b;20260812123914771::409a6756-4d6e-4a1f-b4c6-5889fb8f9e91;
2026-08-12 12:39:15;RS;Venta;20.0;424.12;8482.4;;;;da31ba51-4978-46d5-a078-4822e7fc2e35;20260812123915488::2c140eac-c068-4412-9b58-c99e6e3a0839;
2026-08-12 12:41:16;NIPG;Compra;20.0;8.84;176.8;;;;710faefd-d20e-483f-8c22-e2a20e02af95;20260812124116633::db8c4a5f-06d6-4a1a-86cb-933f3df922c2;
2026-08-12 12:41:19;NIPG;Venta;20.0;8.918;178.36;;;;27bc2336-7750-4682-bd24-66065bb42b4b;20260812124119768::687ea5da-65b9-409d-87ab-c2290508b962;
2026-08-12 12:42:47;KEN;Compra;20.0;67.9;1358.0;;;;4c14c732-af6b-468c-953b-685969934512;20260812124247987::99350028-b144-4527-9409-83c188bff3e8;
2026-08-12 12:42:48;KEN;Venta;20.0;68.11;1362.2;;;;2718224e-7c66-487c-ac73-4fc4aacd20de;20260812124248732::f66010a3-6b76-40eb-8860-be6e76cff58e;
2026-08-12 12:47:17;AUBN;Compra;1.0;26.32;26.32;;;;6636351a-0359-4351-a229-908959849e6d;20260812124717786::818a7a7a-2724-437b-898b-b47e6d3f887e;ejecucion parcial
2026-08-12 12:47:20;AUBN;Venta;1.0;26.5312;26.53;;;;de8e22bf-92ab-48ba-8c32-ab035f4cffa2;20260812124720968::918ff9c8-21f0-4f73-a31a-e02d9e3e9b07;
2026-08-12 13:03:53;WTS;Compra;20.0;385.73;7714.6;;;;ecbcaea9-c27b-48dd-b786-8b811db5f02f;20260812130353636::d0d5bda8-4289-4b5c-a0b6-837510c191b0;
2026-08-12 13:03:54;WTS;Venta;20.0;385.89;7717.8;;;;a8308450-a623-42ee-a9c9-b58ba5a8860c;20260812130354400::7c0dddf5-95c5-44e1-8409-04607f9dfc87;
2026-08-12 13:03:57;WRLD;Compra;20.0;190.23;3804.6;;;;468553c7-b22a-4848-b84a-df30e879d439;20260812130357421::0f3509ff-8301-4104-a5cc-ac03324ba843;
2026-08-12 13:04:00;WRLD;Venta;17.0;190.29;3234.93;;;;107f132c-4554-46fd-a049-5f4310f9c6ad;20260812130400340::ddab2b47-fd9b-497b-a58a-60036a731941;ejecucion parcial
2026-08-12 13:04:00;WRLD;Venta;3.0;190.2991;570.9;;;;107f132c-4554-46fd-a049-5f4310f9c6ad;20260812130400340::28a0c589-704d-41b7-bc60-49c397739944;
2026-08-12 13:04:34;USLM;Compra;7.0;118.7;830.9;;;;65688011-3a33-458b-9aba-2288bbe7a678;20260812130434981::6351421c-d65e-4119-b9c2-cbf3cecede56;
2026-08-12 13:04:34;USLM;Compra;13.0;118.7;1543.1;;;;65688011-3a33-458b-9aba-2288bbe7a678;20260812130434981::5711c3ad-9d7e-4a50-ae14-9a2164399a23;ejecucion parcial
2026-08-12 13:04:51;USLM;Venta;5.0;118.7;593.5;;;;78180cf6-0d29-4eb6-bbae-6accc25e99c9;20260812130451785::11c55555-6096-48c8-868d-cc85b99edfcf;
2026-08-12 13:04:53;USLM;Venta;5.0;118.7;593.5;;;;76f7c308-80eb-4f72-851a-604f7d5ac4e6;20260812130453163::37c96bab-cf64-4e30-a1fe-e323364af57e;
2026-08-12 13:05:13;USLM;Venta;5.0;118.6;593.0;;;;e827b5f8-6113-4a97-b700-592c7b6b8e74;20260812130513246::93e4b123-614b-4994-b900-823d7bf7be7a;
2026-08-12 13:05:19;USLM;Venta;5.0;118.58;592.9;;;;84f58019-d3e1-4523-8b37-a01aa15047e3;20260812130519133::0ae3904e-e9eb-4b3d-b519-9c1b6b825e7a;
2026-08-12 13:07:51;OSIS;Compra;20.0;229.68;4593.6;;;;b8ce2903-f1c4-4bc8-adf0-33a5759b2b8b;20260812130751904::9510dbda-d0cb-4819-af71-37723bba6369;
2026-08-12 13:07:55;OSIS;Venta;20.0;229.65;4593.0;;;;319baed1-1ed6-47d8-8223-d04761f441cf;20260812130755124::da9d3e55-c33f-4aea-aec2-543b8f77f7b6;
2026-08-12 13:09:48;KARO;Compra;20.0;62.17;1243.4;;;;a5ab27fa-d044-4c56-8ea0-baf0303deb96;20260812130948825::43a0e446-98d0-4ca8-a4a8-adebe9d2f1bb;
2026-08-12 13:09:49;KARO;Venta;20.0;62.35;1247.0;;;;7c7ef03a-7d9f-4bd2-a382-1031d582fb64;20260812130949543::b0c3343d-e5ac-4d6a-ad7a-475e202ab770;
2026-08-12 13:32:21;ZOOZ;Compra;1.0;5.17;5.17;;;;d390596e-da65-4227-83d0-2f0b0ef17ba2;20260812133221041::c1543f12-ba3a-4e83-ad1f-8211f5303fe5;ejecucion parcial
2026-08-12 13:32:24;ZOOZ;Venta;1.0;5.15;5.15;;;;fbdb8783-08ad-45b0-8203-d7b4e46b4a32;20260812133224458::39993582-ff54-4136-84f9-5f1c0057fa06;
2026-08-12 13:32:51;VEON;Compra;20.0;56.52;1130.4;;;;3ea850e7-d58c-4a66-812f-577f103e7c71;20260812133251286::5d4bb131-90cb-4e9c-b0ef-9504cf8a256c;
2026-08-12 13:32:54;VEON;Venta;20.0;56.645;1132.9;;;;6805cbcd-7208-4644-b2c0-3930e65e3548;20260812133254262::0a7b8b3d-1ad3-4db5-ab5c-f05a78036f1e;
2026-08-12 13:37:04;MLCIL;Compra;20.0;22.29;445.8;;;;65744df3-06c5-4ad6-93fc-b10bd9041526;20260812133704426::d1b53e7a-eae0-441a-a1cf-3a7fb4e12f59;
2026-08-12 13:37:07;MLCIL;Venta;20.0;22.25;445.0;;;;fadd28b5-5074-4b8b-bd94-564eda2d7858;20260812133707410::a45c54bc-b2b4-4ee6-b40b-939d74045f76;
2026-08-12 13:38:40;HCI;Compra;20.0;183.4;3668.0;;;;56aff146-8c47-41be-972d-a9657b31dec4;20260812133840931::13220422-21b3-4d28-b9a4-52fae8e7505c;
2026-08-12 13:39:03;HCI;Venta;5.0;183.5;917.5;;;;1a029078-e30d-4d90-a71e-7b393e9e0dc9;20260812133903934::5a9e3e95-c406-4221-bc64-bcf1aee5befe;
2026-08-12 13:39:05;HCI;Venta;5.0;183.5;917.5;;;;5deeb38e-830d-4912-bf79-9ede1d194d8c;20260812133905813::69ab539f-930d-46d3-94c0-c123e90c9e00;
2026-08-12 13:39:15;HCI;Venta;5.0;183.2;916.0;;;;9c81c31b-8131-4039-b71b-0db88e4a3054;20260812133915796::f12f8d22-381c-4664-a3a2-b526c7fea4a0;
2026-08-12 13:39:17;HCI;Venta;5.0;183.3;916.5;;;;cfc4204d-e416-4bcf-b2fd-bcf9e6b5e06f;20260812133917514::110375c3-cb6c-4cfe-8377-cac848990a6a;
2026-08-12 13:39:28;GRNQ;Compra;20.0;9.26;185.2;;;;6d669411-37b3-4988-8bfb-89d5a5b3d351;20260812133928267::8949521e-63a7-47c0-b7e7-0144ae03f780;
2026-08-12 13:39:31;GRNQ;Venta;17.0;9.21;156.57;;;;92e4ae3f-61a3-4cb6-a13f-b7d176ddb3cc;20260812133931323::bae13541-5547-4088-bd55-15f753a68faf;
2026-08-12 13:39:31;GRNQ;Venta;1.0;9.22;9.22;;;;92e4ae3f-61a3-4cb6-a13f-b7d176ddb3cc;20260812133931319::fd38e8fb-0f0f-4cae-8d6d-d8ef8b63e853;ejecucion parcial
2026-08-12 13:39:31;GRNQ;Venta;2.0;9.22;18.44;;;;92e4ae3f-61a3-4cb6-a13f-b7d176ddb3cc;20260812133931319::f6462b90-ac11-4ac0-99f1-b30824e102df;ejecucion parcial
2026-08-12 13:41:03;DXPE;Compra;20.0;195.71;3914.2;;;;756cbdfc-df44-466f-932c-88055b730402;20260812134103547::d55636e4-f6c6-4697-88af-daed0f3688fc;
2026-08-12 13:41:06;DXPE;Venta;1.0;195.66;195.66;;;;422f5750-4ce4-4aca-af99-9d224150dd73;20260812134106509::afee7d57-8077-4fea-95ff-15cd8b30c233;
2026-08-12 13:41:06;DXPE;Venta;19.0;195.66;3717.54;;;;422f5750-4ce4-4aca-af99-9d224150dd73;20260812134106509::7953db63-a685-43a2-a0fa-f50ec56d9ec4;ejecucion parcial
2026-08-12 14:05:35;WTS;Compra;20.0;387.94;7758.8;;;;37fa18ff-1521-45ef-ae83-39a5b1afc037;20260812140535722::506b02d8-5f38-42c9-ada3-8c63160c80a3;
2026-08-12 14:05:38;WTS;Venta;20.0;388.0625;7761.25;;;;68224155-f9c5-4a70-a46c-3be248dc3158;20260812140538618::89f7d0ad-f1f1-4a35-a2b7-0072d32c0463;
2026-08-12 14:05:44;WFCF;Compra;20.0;12.15;243.0;;;;18e0284b-0e03-4156-b32f-aec58ad9718a;20260812140544728::13c3e27c-2a76-41fc-bbff-a94d61969b28;
2026-08-12 14:05:47;WFCF;Venta;10.0;12.1;121.0;;;;19638c80-3ad7-4707-8e25-fa03d155445e;20260812140547644::1fd1a788-e9d9-4ac9-9b4b-f98310a4835c;
2026-08-12 14:05:47;WFCF;Venta;10.0;12.12;121.2;;;;19638c80-3ad7-4707-8e25-fa03d155445e;20260812140547637::c2723629-c35d-4766-9d0b-92fe8e982e33;ejecucion parcial
2026-08-12 14:10:17;MLAB;Compra;20.0;110.22;2204.4;;;;d6195236-44f3-4900-aa34-a17b1dc66317;20260812141017816::5142ea62-4730-4300-b23a-76b62e71b0a2;
2026-08-12 14:10:18;MLAB;Venta;20.0;110.4;2208.0;;;;40809732-79bc-467b-aeab-c28950a40d09;20260812141018505::d8d232e1-ee31-44f1-a766-99bd528b7bc4;
2026-08-12 14:10:56;KARO;Compra;20.0;62.16;1243.2;;;;40131e5b-7735-4038-bc38-26501ce0c726;20260812141056462::168536de-8e82-448f-8eec-129fd22cd32b;
2026-08-12 14:10:57;KARO;Venta;20.0;62.29;1245.8;;;;b1cbd903-6c17-4bfc-a2f1-02569cae9c4c;20260812141057163::dd706e13-39af-4274-872c-c782efa096ab;
2026-08-12 14:11:12;ITRN;Compra;20.0;56.3;1126.0;;;;c2c74ed4-097f-4cb3-928f-66e103068da1;20260812141112466::bae2b416-9355-49b2-9741-557a7a65c9b0;
2026-08-12 14:11:24;ITRN;Venta;5.0;56.3;281.5;;;;1bac0021-f8fa-4e32-a3cd-65581d6cf266;20260812141124377::542cecb5-593b-4be6-a8f9-2fcc5eb176d1;
2026-08-12 14:11:39;ITRN;Venta;10.0;56.29;562.9;;;;61636876-0e61-4215-bdab-a04aa547e0b5;20260812141139758::d10dc901-c240-4260-a30d-e7bf0d3f15fc;
2026-08-12 14:11:47;ITRN;Venta;5.0;56.29;281.45;;;;47a0f5f7-3cc7-45b0-959c-7a4f49f6724d;20260812141147743::be936610-3a2f-48b6-af88-b8f530a9ad01;
2026-08-12 14:11:53;ISBA;Venta;20.0;40.77;815.4;;;;c4cd19f0-8fd8-497d-8b57-5d89010e4092;20260812141153978::17044ecb-c557-474f-a1e1-f3e7eac227c8;
2026-08-12 14:11:53;ISBA;Compra;20.0;40.71;814.2;;;;563736d4-858e-4b63-909f-706a6e8150f5;20260812141153175::bf1a8ccf-ee56-41ce-b475-ee812f5ea4b8;
2026-08-12 14:13:45;ELOX;Compra;20.0;17.6;352.0;;;;208d7629-14b0-4d42-93df-1f91b88cb183;20260812141345218::51be2c53-063f-4181-b67a-ee3144db2118;
2026-08-12 14:13:48;ELOX;Venta;20.0;17.51;350.2;;;;e92ae5c5-8238-4ac6-902a-dc39e7eb43bd;20260812141348472::87d17ace-1dc7-4186-8660-ebee2b36868b;
2026-08-12 14:15:22;BRC;Compra;20.0;95.1;1902.0;;;;3a001c60-e690-447e-8013-cb91a4763026;20260812141522948::a485bf5d-5cf1-4e5e-8201-ff9943390905;
2026-08-12 14:15:25;BRC;Venta;12.0;95.09;1141.08;;;;460c6068-018f-4821-a848-7666ead3e24d;20260812141525942::de1d137b-dfd1-4d13-ae09-c0be4fa871c5;ejecucion parcial
2026-08-12 14:15:25;BRC;Venta;1.0;95.1128;95.11;;;;460c6068-018f-4821-a848-7666ead3e24d;20260812141525942::6f0c0618-b833-4ada-8f7a-9847be946ad5;
2026-08-12 14:15:25;BRC;Venta;7.0;95.09;665.63;;;;460c6068-018f-4821-a848-7666ead3e24d;20260812141525942::4bb5ef73-f48a-4a92-a5b9-1ee4f0784fd6;ejecucion parcial
2026-08-12 14:36:07;WFCF;Compra;1.0;12.16;12.16;;;;23493072-a744-4702-ad1d-89891d7fc2db;20260812143607816::1c07c703-bcca-4087-bc3d-230090b872c3;ejecucion parcial
2026-08-12 14:36:07;WFCF;Compra;8.0;12.16;97.28;;;;23493072-a744-4702-ad1d-89891d7fc2db;20260812143607800::994128ae-5a0a-4a76-a60f-168b9c658f6b;ejecucion parcial
2026-08-12 14:36:10;WFCF;Venta;9.0;12.12;109.08;;;;4cd255fb-cb2e-4fdb-94a1-6bb0f6313079;20260812143610874::a825b67f-bdc3-4867-b7b2-a8f37a070dab;
2026-08-12 14:36:13;WEPN;Compra;16.0;47.01;752.16;;;;fa7a3cb8-4051-4ab9-9fa2-921be60badc2;20260812143613772::7d49fa0d-a91f-4cfc-b9ab-0f96463a0cbd;ejecucion parcial
2026-08-12 14:36:14;WEPN;Venta;16.0;47.13;754.08;;;;92710895-93b6-4ead-aad0-c708e2748fbd;20260812143614651::24b821e1-cee7-4c19-b59e-2c096625a02b;
2026-08-12 14:36:39;UFPT;Venta;20.0;328.47;6569.4;;;;2cb50b67-a5a2-4928-a106-bb50588059fc;20260812143639821::d834b50e-01c6-41ed-9d31-cf1350d7600f;
2026-08-12 14:36:39;UFPT;Compra;20.0;328.13;6562.6;;;;339577bc-8a7f-4ae8-a2ff-7321587e6c4d;20260812143639097::46385038-13ba-490d-b623-a4767ddaff68;
2026-08-12 14:40:43;LNN;Compra;20.0;114.45;2289.0;;;;eeb92d4d-a8b8-4a35-9260-5dd281b53ba4;20260812144043858::4cb84248-2638-4673-b8a7-b03b4b32c652;
2026-08-12 14:40:44;LNN;Venta;20.0;114.6;2292.0;;;;36ff5268-265b-44de-aca9-105e5d0ec75a;20260812144044585::c4024ef4-e06a-4f13-bbdc-575bd8ea06f6;
2026-08-12 14:42:46;FBIZ;Compra;20.0;71.33;1426.6;;;;1c04e513-ad67-405d-9533-0d09bab76112;20260812144246581::2f854448-e889-46ae-9f50-b7d25986484d;
2026-08-12 14:42:49;FBIZ;Venta;20.0;71.3;1426.0;;;;616598c5-b9bf-48b3-8682-247003d04758;20260812144249600::acc44bbe-95f5-49b4-a4a2-400f76222290;
2026-08-12 14:45:01;BIO;Venta;20.0;358.44;7168.8;;;;8af4a0c7-8450-4aba-9312-58b5c0b3e71a;20260812144501840::66e30dd5-d540-40eb-8676-98722c05a8a7;
2026-08-12 14:45:01;BIO;Compra;20.0;358.27;7165.4;;;;17aa2c48-6c98-41d7-a733-5c2981e096e6;20260812144501012::c7c7146a-7155-4dd7-b87b-ee185dad0bcd;
2026-08-12 15:05:46;NWPX;Compra;20.0;113.87;2277.4;;;;8d2a3849-27a8-4997-9280-a9da8e1df9fc;20260812150546851::1199a248-bc0f-4261-9fe5-48f1286396eb;
2026-08-12 15:05:47;NWPX;Venta;20.0;114.14;2282.8;;;;90b4287b-e057-4d6c-8673-6aac776517ff;20260812150547564::5d91f9c8-69c3-4a1c-947c-5eb6d2499837;
2026-08-12 15:09:48;DY;Compra;20.0;412.24;8244.8;;;;9077792f-b690-41f5-ae18-6fe0746bcef3;20260812150948841::11e42204-45e2-4ba8-8485-c509e9fd110f;
2026-08-12 15:09:49;DY;Venta;20.0;412.46;8249.2;;;;7d06ced8-fb44-4d21-ad54-96538f158ae9;20260812150949558::de9e0ead-4ef5-459c-bf9c-4a1902045126;
2026-08-12 15:09:57;DRIO;Compra;7.0;7.41;51.87;;;;9ea823e4-09d3-48a0-bf01-4c24c89d1e02;20260812150957564::89d61459-3718-4d97-8551-f96310543aac;ejecucion parcial
2026-08-12 15:10:00;DRIO;Venta;7.0;7.43;52.01;;;;ee968b64-051d-4a09-b522-2439229550fd;20260812151000697::e469b080-fe11-413b-b537-5e30b091c65e;
2026-08-12 15:11:47;ALCO;Compra;5.0;42.21;211.05;;;;11ace70a-2f05-4bea-b53c-6a9f3295aa43;20260812151147315::55eaac39-9485-4454-8989-2994d728b3d1;ejecucion parcial
2026-08-12 15:11:50;ALCO;Venta;5.0;42.2393;211.2;;;;c5e2cdbc-72e4-4524-a48a-e641ea836565;20260812151150865::781e94f3-8aac-4e0e-96a1-7abd736129c8;
2026-08-12 15:12:07;AFJK;Compra;20.0;12.04;240.8;;;;6e8af47b-cee8-4f5b-85fd-b830ad5d7d04;20260812151207215::cde148ed-fd7a-4b12-869b-dc9bd764ec80;
2026-08-12 15:12:10;AFJK;Venta;20.0;12.2;244.0;;;;7c633d35-c79c-4459-af4f-465df3f97e19;20260812151210415::09217f4e-5905-4760-8072-03e1548c3477;
2026-08-12 15:20:50;YARW;Compra;20.0;42.81;856.2;;;;34a5fa53-f047-4f0a-8adb-73325129bf34;20260812152050696::20e466f0-6014-46a0-876b-35fc72dfb957;
2026-08-12 15:21:06;YARW;Compra;20.0;42.5;850.0;;;;2288c71e-b6d6-4b87-9617-032484604a0c;20260812152106390::262f252d-3219-437a-9657-7c79178580c9;
2026-08-12 15:21:21;YARW;Compra;9.0;42.45;382.05;;;;2e0bfc67-7c49-4274-a0c5-843a3fcfc16a;20260812152121681::16845561-ff7f-4e4b-b2a2-2189e302b4bc;ejecucion parcial
2026-08-12 15:21:32;YARW;Venta;8.0;42.6;340.8;;;;955b5032-68c4-4a2d-8c25-d3b68140d2d8;20260812152132807::a866d304-e136-43bd-887f-03df7cef4844;
2026-08-12 15:21:34;YARW;Venta;8.0;42.6;340.8;;;;7af6404d-14c1-44f3-9582-1b06dd0672e2;20260812152134806::92461fbd-ee7a-4f7d-bf20-2ccd23bd9b06;
2026-08-12 15:21:34;YARW;Venta;8.0;42.6;340.8;;;;3752fec8-3dfc-4a42-a489-b1b496a62a9d;20260812152134042::0f39ac51-1e2f-47ff-97bf-514e465adb13;
2026-08-12 15:21:35;YARW;Venta;8.0;42.6;340.8;;;;3db45072-c520-4839-99c2-cbcf8d6340e7;20260812152135827::63e685e7-70a6-4acf-afab-577fd2e40ddc;
2026-08-12 15:21:46;YARW;Venta;6.0;42.64;255.84;;;;bf7d607c-e6f0-4dab-9f33-5e7c198c43ce;20260812152146684::dd651ef0-c9f4-4f94-94be-d3a1bbe2ca4e;
2026-08-12 15:22:05;YARW;Venta;4.0;42.63;170.52;;;;785d7548-48ac-47ea-bcc3-13fa0e5d76fe;20260812152205339::42aa4b54-70be-44e2-beab-c763143f5d53;
2026-08-12 15:22:06;YARW;Venta;4.0;42.63;170.52;;;;a27600f5-423c-473a-be89-c9d9c4977172;20260812152206913::0bcb58c8-6ea9-4501-8720-b9a1f40e7efb;
2026-08-12 15:22:19;YARW;Venta;3.0;42.59;127.77;;;;32a2a96f-8853-418c-a6e8-4aebfff24c08;20260812152219986::98e0b19b-ec9e-48c3-89ab-446e612886ee;
2026-08-12 15:22:38;WFCF;Compra;7.0;12.16;85.12;;;;281f2bf6-2f4d-48c1-8bad-9c401af82e55;20260812152238489::f37f28be-fe8d-45a7-a63b-358ba7fab7da;ejecucion parcial
2026-08-12 15:22:41;WFCF;Venta;7.0;12.12;84.84;;;;6e392762-0d07-48ad-ac85-0e27ad0972ba;20260812152241546::99ad46a0-3681-4809-80c5-f53bb666a6f6;
2026-08-12 15:22:44;WEPN;Compra;7.0;47.06;329.42;;;;d9221212-1557-41b4-9fe7-b75a05aeeb3c;20260812152244531::64b104f6-2be7-4558-8a82-6dd45c701b79;ejecucion parcial
2026-08-12 15:22:47;WEPN;Venta;5.0;47.07;235.35;;;;f80d8338-729b-4a5e-bb35-7e2518b25cf9;20260812152247624::d4fd8467-6cb8-4ead-99fb-e51318102bff;ejecucion parcial
2026-08-12 15:22:47;WEPN;Venta;2.0;47.0732;94.15;;;;f80d8338-729b-4a5e-bb35-7e2518b25cf9;20260812152247624::29aeec32-076f-445e-979c-75dc572c79ee;
2026-08-12 15:23:20;TWN;Compra;20.0;96.26;1925.2;;;;8932d50e-28cd-44f8-b92b-f3c8bf08c673;20260812152320773::2439be5f-01de-436e-b31d-1d8f04d1fa5f;
2026-08-12 15:23:23;TWN;Venta;20.0;96.14;1922.8;;;;a7aabfb1-9f6a-4d71-b9a4-32c36819796c;20260812152323689::0ab0a4bf-1add-4e05-b447-9187b816e218;
2026-08-12 15:24:25;ROG;Compra;20.0;139.39;2787.8;;;;5d69e2c1-32cc-42a4-8070-28f227c0ebfc;20260812152425052::641d8665-5cce-468f-9c2e-48da1de8cc58;
2026-08-12 15:24:28;ROG;Venta;20.0;139.36;2787.2;;;;f887ac82-8964-4b57-87de-950773387166;20260812152428080::6c7a94b5-ad21-4ade-8e3c-131527c95f85;
2026-08-12 15:24:38;RDAC;Compra;20.0;6.23;124.6;;;;43f4ca39-2e61-465e-87a0-d56c302071c5;20260812152438833::bb563a0b-91ae-401e-856d-019788f2fe00;
2026-08-12 15:24:41;RDAC;Venta;20.0;6.575;131.5;;;;43d427fe-4105-4fe8-8666-0913c9aec9d2;20260812152441768::5287ac6b-603b-4cda-abae-b9895d232432;
2026-08-12 15:25:13;PJT;Compra;20.0;172.85;3457.0;;;;1e78a8bc-e398-4bf4-a413-e2e5c192422a;20260812152513566::06fd54d1-58fe-491a-8fc3-a572f611a240;
2026-08-12 15:25:16;PJT;Venta;20.0;172.81;3456.2;;;;aced15db-a1a4-4547-8280-fdca0d0d90b0;20260812152516510::f770ed13-d468-4394-ba15-a049def1b658;
2026-08-12 15:25:48;OBX;Compra;20.0;27.09;541.8;;;;ebd2c078-7b18-403c-9320-f4b0962dddfd;20260812152548565::efc28134-cd0c-4d84-ba05-d9b9df98ac4e;
2026-08-12 15:25:51;OBX;Venta;20.0;27.0;540.0;;;;478738d3-9649-456c-b53a-ebb574f3f488;20260812152551559::68adab2a-21ea-4dd9-8394-0ebbd29abf5a;
2026-08-12 15:25:57;NWPX;Compra;20.0;113.5;2270.0;;;;165eb890-1d44-4987-9c25-a08d0e655698;20260812152557121::8ca09810-0907-455e-b2d2-ea0e564011e2;
2026-08-12 15:26:00;NWPX;Venta;12.0;113.46;1361.52;;;;8923eeed-ff13-4917-8fa4-92c487879319;20260812152600036::19a3b684-28e5-4bb1-a981-d7985dba9cec;
2026-08-12 15:26:00;NWPX;Venta;8.0;113.46;907.68;;;;8923eeed-ff13-4917-8fa4-92c487879319;20260812152600035::75f699ef-3493-402c-b280-876e21aafbd8;ejecucion parcial
2026-08-12 15:26:59;MLR;Compra;20.0;56.02;1120.4;;;;cd9020f0-bfa7-46b8-aeba-ff07c1dcb8d6;20260812152659053::5446148f-9fe9-4bdb-aab3-674c373d7595;
2026-08-12 15:27:02;MLR;Venta;20.0;56.0383;1120.77;;;;4c9bdfe5-1f6e-45c1-8914-50aa1a276158;20260812152702433::dce3bcab-ae46-4336-8b46-3873608d2eb5;
2026-08-12 15:27:35;KWR;Compra;20.0;171.88;3437.6;;;;26a3ce2c-4b31-4930-9c01-1b04784bd6bd;20260812152735007::f76b0f73-d576-4244-9ffb-6b34ec1e63c4;
2026-08-12 15:27:38;KWR;Venta;20.0;171.8;3436.0;;;;797bf2b5-f4b9-4651-9f38-578d8190d794;20260812152738069::f145efa7-3685-42c3-badc-051acd70aa92;
2026-08-12 15:28:13;IESC;Compra;20.0;776.87;15537.4;;;;7f464ed8-eee7-418c-b631-4d90dbf132da;20260812152813624::bdceb522-aa94-42c9-a6ee-39f58859fa12;
2026-08-12 15:28:14;IESC;Venta;20.0;777.68;15553.6;;;;5026be70-c018-4b19-9fd9-579e7ab18009;20260812152814437::83945236-1d10-4239-9db5-6c7ec389a892;
2026-08-12 15:29:07;FNGG;Compra;20.0;260.65;5213.0;;;;e925d1a0-4b77-4c4d-abe8-ea5387af79ff;20260812152907682::0eb7aaa1-28ac-4f73-a36e-c6a765e7f211;
2026-08-12 15:29:10;FNGG;Venta;20.0;260.65;5213.0;;;;c35573e9-c21c-4096-908c-0b323ae75200;20260812152910561::bb7487d6-5e1a-49c2-b65c-e442d9efc80f;
2026-08-12 15:30:03;DY;Compra;20.0;411.09;8221.8;;;;47e455f9-b3f6-45b1-8380-94c7ba162b21;20260812153003392::0150e93c-2b6b-4162-b29f-23b75520f952;
2026-08-12 15:30:04;DY;Venta;20.0;411.24;8224.8;;;;105e5a33-cf94-4b69-a6cd-09479e2181e8;20260812153004084::bcef7ab8-d25d-4fcb-b9cb-3cfbfb465ec1;
2026-08-12 15:30:27;CSW;Compra;20.0;353.21;7064.2;;;;9badb54d-d55f-4016-99b1-53d9651504f5;20260812153027799::7504a970-16df-4982-990c-e209c236e6e6;
2026-08-12 15:30:30;CSW;Venta;20.0;353.13;7062.6;;;;9dfc70c1-7ed4-4065-99a0-737399cc6598;20260812153030700::8b00d13d-a39b-4c06-b617-0394d7fbf7a8;
2026-08-12 15:40:56;WST;Compra;20.0;352.17;7043.4;;;;a8d4cb13-f6f3-42d9-b1e2-82ceae551f35;20260812154056831::b886f2d5-3fd9-4a83-b29d-dbbc57358213;
2026-08-12 15:41:00;WST;Venta;20.0;352.2872;7045.74;;;;91f2f8f3-2a47-4228-93eb-7b016878fe8f;20260812154100086::4a3246d0-1829-4691-9460-fc8f769e9cd0;
2026-08-12 15:41:06;WFCF;Compra;18.0;12.2;219.6;;;;64e170d5-67f9-4f32-b4de-9275826c989f;20260812154106063::ecf0a280-502b-4a23-bf58-8d32610603d4;ejecucion parcial
2026-08-12 15:41:09;WFCF;Venta;18.0;12.16;218.88;;;;a92b204a-bc9d-4801-9f6d-55223ca41795;20260812154109211::1a1074fa-2f5c-4fd7-9be9-5cfd610ca7e1;
2026-08-12 15:41:19;VMI;Compra;20.0;493.59;9871.8;;;;8c2cbb42-9588-4ca3-9780-c7dbff8a84ac;20260812154119487::ab4e9e85-3dac-4623-b19d-c8f4eb0dad7a;
2026-08-12 15:41:20;VMI;Venta;6.0;494.005;2964.03;;;;d2b81271-6879-4d98-a72f-225ab92b663b;20260812154120247::a9dcc527-88ed-4714-aacb-c1cd92e8403c;
2026-08-12 15:41:20;VMI;Venta;14.0;494.03;6916.42;;;;d2b81271-6879-4d98-a72f-225ab92b663b;20260812154120245::d7e884b6-f9c6-4cf6-87b9-109ed359cf7a;ejecucion parcial
2026-08-12 15:41:33;USLM;Compra;20.0;120.08;2401.6;;;;1db22d8a-e9ec-4f17-a480-9ea18954cd0f;20260812154133540::b1786cea-f9df-4731-b998-767ae9dfd832;
2026-08-12 15:41:34;USLM;Venta;20.0;120.28;2405.6;;;;8582c4b0-eb58-4c62-8753-ddace5353bd7;20260812154134312::fe48efa8-4d3d-4d94-a6ab-74585c742b3a;
2026-08-12 15:45:52;KWR;Compra;20.0;170.82;3416.4;;;;d204185c-6f78-4117-ad04-ea04190ae3fd;20260812154552508::0995af4e-53c6-4c04-a3a1-8aaf556cb38d;
2026-08-12 15:45:53;KWR;Venta;20.0;171.04;3420.8;;;;6373756b-3c16-4aef-93dd-87ae5b0cdf50;20260812154553224::d060e3c0-4b6f-4569-869d-0bd17ad1c901;
2026-08-12 15:46:29;ICUI;Compra;20.0;179.32;3586.4;;;;9558aea2-c7f4-4d46-a3f9-862fbdb5a762;20260812154629295::f450458a-5cab-4505-8989-114a6bb1406c;
2026-08-12 15:46:32;ICUI;Venta;1.0;179.27;179.27;;;;449b7c0e-de06-4c09-b593-52e595bfdcc1;20260812154632349::9b6cd023-dab1-4712-ad3f-461e3e2d9d57;ejecucion parcial
2026-08-12 15:46:32;ICUI;Venta;6.0;179.29;1075.74;;;;449b7c0e-de06-4c09-b593-52e595bfdcc1;20260812154632348::2215927b-64ee-4da0-b6e0-03730e98049d;ejecucion parcial
2026-08-12 15:47:03;ICUI;Venta;3.0;179.05;537.15;;;;5c989ab2-c557-41b6-aa5b-ef9c11466bc4;20260812154703708::652cee6e-5823-44b7-bb7a-6ecc248ff8b9;
2026-08-12 15:47:13;ICUI;Venta;5.0;179.08;895.4;;;;82000a20-d8c4-441d-a6e1-de94c4b994bb;20260812154713311::d8870d52-e9da-4ce5-8cfb-04a579ac88de;
2026-08-12 15:47:15;ICUI;Venta;5.0;179.12;895.6;;;;19bc8ce2-dcb8-4fc5-ad04-c2439527803f;20260812154715400::9d4f4828-cfe2-4d03-94d2-7ed54cc5c074;
2026-08-12 15:47:38;GRC;Compra;20.0;82.3;1646.0;;;;6e1ddedf-38be-4f80-a08d-7e4203818678;20260812154738411::f77cde90-75a7-425c-83ad-31468d52b779;
2026-08-12 15:47:39;GRC;Venta;20.0;82.42;1648.4;;;;5eb4dfc9-9033-4a30-977a-2619a8489a95;20260812154739220::c5019468-cead-4dc4-936e-1d693e75723f;
2026-08-12 15:49:35;CSW;Compra;20.0;351.5;7030.0;;;;6c12b88f-3de7-4785-83ae-a0a90b1d8345;20260812154935401::70fe0aec-7dc5-492c-912b-7a024e245496;
2026-08-12 15:50:08;CSW;Compra;10.0;351.0;3510.0;;;;c64c91f0-af9c-4576-88f2-8410cae54122;20260812155008362::022aebce-8ffd-4b7b-bdbc-2a3c92b6e49d;
2026-08-12 15:50:19;CSW;Compra;5.0;350.9;1754.5;;;;5183c58c-1abd-404e-b62b-f4a86f465906;20260812155019138::c6ba3563-2f5b-43ec-a705-b34c0625a8bd;
2026-08-12 15:50:44;CSW;Venta;10.0;351.0;3510.0;;;;9ed8447a-a88f-41a3-b5ee-a08055490274;20260812155044323::82422c6a-6d20-4c6a-a5a9-b86e13313da9;
2026-08-12 15:51:13;CSW;Compra;10.0;350.2;3502.0;;;;d39230ff-4702-4d7b-b8c0-b71887787f1d;20260812155113579::06127c0a-93a5-458a-b466-d29714ed1ebc;
2026-08-12 15:52:19;CSW;Venta;5.0;350.3232;1751.62;;;;b8eb42f1-098c-4c23-8722-27ca143084a8;20260812155219827::12752d60-1a76-4658-b61f-5f25523f297a;
2026-08-12 15:52:32;CSW;Venta;5.0;350.1283;1750.64;;;;68945d7f-3811-4cd3-9bee-b910bbfab20a;20260812155232817::9948fd0d-3dd7-4d42-8ec0-9707fd7cddab;
2026-08-12 15:55:25;CSW;Venta;5.0;349.0;1745.0;;;;c954fb3a-7ca0-4895-8e92-1e62344e125c;20260812155525633::a711e740-8d98-4099-9e2a-e33575f20459;
2026-08-12 15:55:28;CSW;Venta;5.0;349.2;1746.0;;;;7c74a74e-062a-49c4-9751-d5611f855e9f;20260812155528590::ce8c4077-7aef-458d-b924-adf141946846;
2026-08-12 15:55:38;CSW;Venta;5.0;349.3;1746.5;;;;f78c8ed5-afd1-4f5a-a49f-2cc7d7104dac;20260812155538932::87080bda-8e89-4846-a97f-a5ee2610e664;
2026-08-12 15:55:57;CSW;Venta;5.0;348.95;1744.75;;;;d73562b1-c320-4266-8e85-b8766b30b27d;20260812155557228::2b093503-fff9-4af4-a982-31f183702e76;
2026-08-12 15:56:00;CSW;Venta;5.0;348.95;1744.75;;;;6512d81b-96d7-4cb1-a5b1-1d9c09342c59;20260812155600288::23d6806e-f346-41c1-8932-04c0fc84a411;
2026-08-12 15:56:33;BSAA;Compra;20.0;11.12;222.4;;;;f6d11a95-1781-457c-b126-8ef4b36418eb;20260812155633969::f42b8f5b-d4e8-4332-88d4-79b868484052;
2026-08-12 15:56:37;BSAA;Venta;20.0;11.137;222.74;;;;dc31ad02-f9d0-4b2b-ade2-19e5ac027243;20260812155637273::d5ea7949-bbaa-4355-8f1e-dd1b8c513087;
2026-08-12 15:56:42;BKTI;Venta;2.0;78.26;156.52;;;;c5b61ba9-d156-4b67-b2c2-9c34d30f6f23;20260812155642793::59bd5428-cef3-4e7b-a3bd-406f820a5071;
2026-08-12 15:56:42;BKTI;Compra;2.0;77.96;155.92;;;;3398b21f-c31b-46f0-a55d-2a0d74d4cac9;20260812155642026::57cd387f-8c60-4815-8efb-1962a855c58b;ejecucion parcial
2026-08-12 15:56:54;BANF;Compra;20.0;114.35;2287.0;;;;eefe8704-3d85-420d-bd06-96f0a2836763;20260812155654526::752274c8-75fc-482c-bac8-5e7e8aec97f1;
2026-08-12 15:57:09;BANF;Venta;10.0;114.4;1144.0;;;;53ea2a79-ac00-40cc-b643-d3a286f6bfd5;20260812155709315::e9324b40-a8b7-4998-9334-9a454a2168e2;
2026-08-12 15:57:13;BANF;Venta;10.0;114.45;1144.5;;;;d708be44-2973-4608-ac03-7927a0064bb9;20260812155713559::6b675364-fbc4-4e73-a399-17dac38f7c41;
2026-08-13 09:47:55;TNET;Venta;20.0;67.49;1349.8;;;;ef1989c3-800c-41ec-a009-c50fd10e0c4c;20260813094755957::25c4cdeb-381f-4ef7-8a5d-5cc70fa9d7fc;
2026-08-13 09:47:55;TNET;Compra;20.0;67.15;1343.0;;;;34a5034b-b1a5-42fc-8689-baeab1c817be;20260813094755287::3f0463e5-9d74-4e7d-8895-c8eb698cc794;
2026-08-13 09:51:34;PAM;Compra;20.0;79.68;1593.6;;;;3d7b36cf-210c-4481-9ada-e193aea24485;20260813095134885::31a9ba19-1c83-4c39-b6b6-c199a904dca9;
2026-08-13 09:51:37;PAM;Venta;20.0;79.6;1592.0;;;;dd7fbd3b-e263-4e22-858a-82eb708d499e;20260813095137767::46d71f9e-8639-491e-aaa9-916cccc24c59;
2026-08-13 09:52:09;ODC;Compra;20.0;87.62;1752.4;;;;fcef02b0-9c0e-4397-8759-8275216280c2;20260813095209802::1d60048e-c9a5-4af1-85f5-a23d9aca761a;
2026-08-13 09:52:37;ODC;Venta;5.0;87.65;438.25;;;;fef531fa-27cd-415a-a50f-94f24f1c4c04;20260813095237047::0e0077ea-a3ef-4950-b52a-e19197ca55b7;
2026-08-13 09:52:38;ODC;Venta;5.0;87.65;438.25;;;;ea2da528-4e59-4a9c-99a6-41e9375e2a33;20260813095238719::9146d21a-fb54-4da7-9f6f-ce5a9963afc4;
2026-08-13 09:52:40;ODC;Venta;5.0;87.7;438.5;;;;83aad72e-a3be-4ef6-8122-68404a670232;20260813095240511::2b7891e4-cdb3-410f-9896-b97dc37f4322;
2026-08-13 09:52:41;ODC;Venta;5.0;87.7;438.5;;;;71643137-6446-46e6-8c37-a17835c8edc8;20260813095241821::7997d16c-fd02-49e8-a5e1-ba2a689a1693;
2026-08-13 09:52:55;NSIT;Compra;20.0;154.77;3095.4;;;;62be0d44-3fb8-454e-8ece-92d93a133d8d;20260813095255903::43a962df-1b1f-42b1-bde8-f1ded7d98f95;
2026-08-13 09:52:59;NSIT;Venta;20.0;154.8826;3097.65;;;;7f9a023a-c107-4cc0-871f-54bbb19bc68f;20260813095259173::771e90ec-2836-4c9b-a36c-8cdbd7e1dfac;
2026-08-13 09:53:14;NGNE;Compra;20.0;36.57;731.4;;;;bcf7fa73-8cf2-46d6-8dcb-85b3c5296dbf;20260813095314626::a8c8fffe-e1ac-4748-bf3e-8786ff395bcb;
2026-08-13 09:53:48;NGNE;Venta;5.0;36.7;183.5;;;;fb989abc-4cd2-4a87-b6fc-03a6f7ccd127;20260813095348061::1ce199fe-04fa-4462-9ee5-a745c50f3521;
2026-08-13 09:53:50;NGNE;Venta;5.0;36.7;183.5;;;;2870e874-a8a2-45e8-9e91-969a2a99f844;20260813095350124::6d85c942-70e7-42e2-96cc-f96be7416e7a;
2026-08-13 09:53:51;NGNE;Venta;5.0;36.7;183.5;;;;5faeb780-7341-4626-9316-3c5d5c29dd4f;20260813095351410::200d3350-b026-4b11-ae23-cbcb4c1635b9;
2026-08-13 09:53:56;NGNE;Venta;5.0;36.75;183.75;;;;836ded1b-d33c-490d-9760-0911e2c753d7;20260813095356909::9b2ea3b3-1547-418c-995b-482c652dd7fd;
2026-08-13 09:54:45;MOBI;Compra;20.0;11.65;233.0;;;;c21c9d79-b2cd-486a-9781-593a075044cf;20260813095445093::7422cdec-c178-4380-a68f-b7820fffa52d;
2026-08-13 09:54:56;MOBI;Venta;5.0;11.6;58.0;;;;c0514926-4327-46d6-9b08-d263ddbe0127;20260813095456094::a91004e8-061f-43a7-98ab-f118d674dc3a;
2026-08-13 09:55:09;MOBI;Venta;5.0;11.56;57.8;;;;e4dc5bee-4fd8-4af2-a8b6-59b2472d8a71;20260813095509327::763cbbbb-c6f6-4136-80d7-3680d5c848c4;
2026-08-13 09:55:31;MOBI;Venta;5.0;11.48;57.4;;;;729e486b-d352-4f64-9ebd-79df21d6d480;20260813095531518::dbeb7dcd-4aec-4592-afcd-129dcf40eda6;
2026-08-13 09:55:35;MOBI;Venta;5.0;11.5;57.5;;;;5f66d30c-6dde-4822-a53b-321938d81595;20260813095535823::81564191-c9ae-4c08-be9d-d0f130211b64;
2026-08-13 09:56:25;LGIH;Compra;20.0;57.43;1148.6;;;;f55475f8-f277-442a-b1f5-1d84e396a3dd;20260813095625513::e9803e52-ba69-4dd1-95ec-29d4a0e16fdc;
2026-08-13 09:56:26;LGIH;Venta;20.0;57.77;1155.4;;;;3a9bac41-45fe-4058-92c7-5d0e9a041fac;20260813095626464::d07edb06-8cf1-4552-b44f-9609631b7792;
2026-08-13 09:58:16;GFF;Compra;20.0;105.51;2110.2;;;;48676bbe-0e74-486b-9f34-44596a27382c;20260813095816756::46c6d23c-39e8-453d-b555-140ee80317e1;
2026-08-13 09:58:19;GFF;Venta;20.0;105.6099;2112.2;;;;3e1d06f9-de46-494b-895a-44e61822187b;20260813095819608::ff1fa456-076a-4b0f-8dfd-eb24c344f082;
2026-08-13 10:00:04;DMRA;Compra;20.0;30.86;617.2;;;;5cd76711-9df9-4d88-93dc-90365d4c65e7;20260813100004898::608ec0d7-d7ce-44a6-a198-b728396d2323;
2026-08-13 10:00:05;DMRA;Venta;20.0;31.05;621.0;;;;3733b6a3-acd9-4417-946a-ee8e228b62bb;20260813100005659::f5c81ff1-e75f-44a8-950a-a6b30c97b802;
2026-08-13 10:20:01;CASS;Compra;20.0;58.92;1178.4;;;;2c2006f7-5f0e-4db8-904b-d8eefb6c7619;20260813102001475::f700f0d9-497b-4349-8da0-de589a23583d;
2026-08-13 10:20:04;CASS;Venta;20.0;59.03;1180.6;;;;5aec8f79-d97e-4d87-a6b9-8729fe47bfb2;20260813102004329::3ceff074-9a98-4ad9-90c0-3a98e7a3b63d;
2026-08-13 10:20:07;CAR;Compra;20.0;139.78;2795.6;;;;c330104c-1c32-48c3-9d7c-c5fde9ff1b26;20260813102007136::e478f498-6b21-41c1-85f3-0e7d55ca75dd;
2026-08-13 10:20:09;CAR;Venta;20.0;139.72;2794.4;;;;b34c8356-b2a4-4e1a-b47e-66b31833ad83;20260813102009977::aa6fd39d-26cb-4128-8a97-c1c043f255c9;
2026-08-13 10:20:27;BDC;Venta;20.0;136.94;2738.8;;;;2abb8130-7af4-4e6b-bfe1-6b391158a275;20260813102027858::bc39e192-a2fd-4012-adfa-971840b8e91c;
2026-08-13 10:20:27;BDC;Compra;20.0;136.68;2733.6;;;;9b5b907d-ae77-4a35-8cca-c008acfa1e25;20260813102027208::387781b4-e8c5-4118-8665-98982fe693a0;
2026-08-13 10:30:21;RIBBU;Compra;2.0;11.07;22.14;;;;d38e335f-cd92-4e0d-92c4-54aaae615672;20260813103021331::520438ec-ad07-4752-b8e6-5167886d9ab6;
2026-08-13 10:30:21;RIBBU;Compra;38.0;11.05;419.9;;;;d38e335f-cd92-4e0d-92c4-54aaae615672;20260813103021331::29d875f5-d32b-4450-a472-ee9d18cd0126;ejecucion parcial
2026-08-13 10:30:24;RIBBU;Venta;25.0;11.0002;275.0;;;;8460af54-7211-4848-9fb3-2ec72d48ab44;20260813103024253::346ef0f1-a515-43c2-84b2-47c008b81bc3;
2026-08-13 10:30:24;RIBBU;Venta;15.0;11.06;165.9;;;;8460af54-7211-4848-9fb3-2ec72d48ab44;20260813103024239::02de495b-0594-41bb-a3de-d64ce0f97408;ejecucion parcial
2026-08-13 10:31:07;PBAM;Compra;40.0;85.94;3437.6;;;;89005b04-57c4-4d7f-956f-c0c30e838dbe;20260813103107699::92403fe0-6081-4eab-8d43-3d48e9ddd64f;
2026-08-13 10:31:10;PBAM;Venta;40.0;86.2433;3449.73;;;;981da3fa-6cbf-42ba-9775-e22eadec6f29;20260813103110653::d33244b8-2589-4a0c-8c7c-b5896cd8f801;
2026-08-13 10:32:19;MCY;Compra;40.0;106.03;4241.2;;;;d0d490db-b7ff-4795-bb01-ff5d48488005;20260813103219428::51cb1859-5d0c-4158-804e-c803f2aeb152;
2026-08-13 10:32:22;MCY;Venta;40.0;106.03;4241.2;;;;b389709c-25c3-467e-80f2-1ac57d754d6d;20260813103222484::5c5da3fd-2378-4778-be8a-81df9ddb5cdc;
2026-08-13 10:33:38;HURN;Compra;20.0;150.99;3019.8;;;;accd2b96-1e8b-42c7-a395-6ae7e4dabea2;20260813103338194::f39d10f5-3df9-4eee-91b6-336c38c7c92c;
2026-08-13 10:33:38;HURN;Compra;20.0;150.99;3019.8;;;;accd2b96-1e8b-42c7-a395-6ae7e4dabea2;20260813103338193::839e5bcf-d5be-4163-a028-2b781dab627a;ejecucion parcial
2026-08-13 10:33:57;HURN;Compra;10.0;150.7;1507.0;;;;e09f7926-f83b-4c86-9a53-e2758767707d;20260813103357407::30e9077c-019d-4a4d-b05f-59b43c507b21;
2026-08-13 10:34:38;HURN;Venta;15.0;150.9;2263.5;;;;1d225189-ec4c-4af2-8ae9-1eb67949cd13;20260813103438593::d87ab988-d5c3-47fb-bd30-be71e4698d58;
2026-08-13 10:34:40;HURN;Venta;15.0;150.9;2263.5;;;;c696ab9d-918a-4288-9707-22b8aa56f502;20260813103440041::63354129-c13d-41b0-b421-60bbbd5b68fe;
2026-08-13 10:34:45;HURN;Venta;10.0;151.0;1510.0;;;;e09c3d52-8fa9-4051-89ed-e4cd887ae9aa;20260813103445704::e846e2dd-0c15-4b40-8850-d4bfaf5051d3;
2026-08-13 10:34:46;HURN;Venta;10.0;151.0;1510.0;;;;c777adb3-522f-45aa-ac8d-7a6b1038ebc8;20260813103446524::1c96b911-d4a7-4b4e-aa6d-66b7032cd896;
2026-08-13 10:37:36;BWFG;Compra;40.0;68.28;2731.2;;;;b70175ad-19aa-44f6-b1ea-36e6b4c7b72f;20260813103736175::f200186b-0bca-4e48-a572-3ea063b79fb0;
2026-08-13 10:37:39;BWFG;Venta;5.0;68.25;341.25;;;;1f3c1e35-ca63-432f-a3ec-611d3b003b0f;20260813103739033::d8c4fd03-ba96-4c70-ab76-e517ec75968f;ejecucion parcial
2026-08-13 10:37:39;BWFG;Venta;35.0;68.24;2388.4;;;;1f3c1e35-ca63-432f-a3ec-611d3b003b0f;20260813103739033::b1e8b7c0-2d31-4333-8e90-9a10d882e84e;
2026-08-13 10:38:10;BCARU;Compra;22.0;6.09;133.98;;;;4caff8fe-85eb-43be-9838-eee79373451f;20260813103810496::01770b97-1ec2-4ee0-90b5-dc34e4b03f95;ejecucion parcial
2026-08-13 10:38:11;BCARU;Venta;22.0;6.495;142.89;;;;aca4f228-b980-46ef-af78-13b6a3e70295;20260813103811416::496165a7-7c35-4dec-a945-65f0a414b767;
2026-08-13 10:38:12;BANF;Compra;40.0;115.35;4614.0;;;;c6e73934-ac3f-4117-ba97-c297ec114d27;20260813103812801::a5dd385d-fb34-4f90-8858-53e40b6af8a2;
2026-08-13 10:38:15;BANF;Venta;40.0;115.35;4614.0;;;;e71c227e-7cea-4006-96d2-848343f9382c;20260813103815905::6a1e06f9-0f74-43d2-b91d-1fe3e717afd7;
2026-08-13 10:38:53;ADUS;Compra;40.0;118.14;4725.6;;;;a3321817-d641-4a65-a2ee-d87ba42d9bc5;20260813103853434::f871835b-3f34-4741-9990-9a8e7d1511c0;
2026-08-13 10:38:56;ADUS;Venta;40.0;118.1776;4727.1;;;;42f9b71b-7363-4adf-a20f-006c277c0677;20260813103856236::a819851b-7ef6-482b-a95f-ef40d091628f;
2026-08-13 10:56:18;SGP;Compra;40.0;25.38;1015.2;;;;ff4b674f-444a-4fd2-aae3-3f0304a63794;20260813105618776::aa9f65e9-56bb-4d96-a4c2-fe68be9eca08;
2026-08-13 10:56:21;SGP;Venta;40.0;25.32;1012.8;;;;ac122750-a7f0-4b1c-aab5-04174b3ef7ed;20260813105621948::f63f87df-df94-4967-8d78-d84934974105;
2026-08-13 10:56:43;RIBBU;Compra;40.0;11.07;442.8;;;;5e1a502b-c1fb-4f7c-a5cf-799348f0a1a6;20260813105643987::5126e7f2-4b6b-4498-b880-d55ca3367ab8;
2026-08-13 10:56:46;RIBBU;Venta;40.0;11.435;457.4;;;;9c446034-5189-4d0e-b845-9942c971dfc4;20260813105646958::ef190f66-0df9-420e-9eb2-86dc94b7bae9;
2026-08-13 10:57:30;PBAM;Compra;40.0;85.85;3434.0;;;;443340b2-2f89-47b1-a923-e2bb0214f1d4;20260813105730575::7fe71ede-9699-4722-86a4-de74749e068c;
2026-08-13 10:57:33;PBAM;Venta;40.0;85.75;3430.0;;;;e1704dbf-0e2c-4db9-bf13-82a960419339;20260813105733461::78ca907d-d589-4eec-bb87-dbebd1326d95;
2026-08-13 10:58:10;MYXXU;Compra;1.0;10.25;10.25;;;;ef3097a2-4615-48cb-ac4f-e085db778c32;20260813105810371::c3836d7e-61de-4eab-863c-3884ba86f6a3;ejecucion parcial
2026-08-13 10:58:13;MYXXU;Venta;1.0;10.21;10.21;;;;209e7c24-b406-4a78-90ae-6bfd5e52e426;20260813105813278::5a840a3c-8551-4569-8f21-5f48447d9bd2;
2026-08-13 11:20:52;RIBBU;Compra;40.0;11.05;442.0;;;;8a5cbcbe-9c4f-4f43-a25f-581e83a5c890;20260813112052770::0f77a8f9-d76a-4ec3-853c-b375e60e6059;
2026-08-13 11:20:55;RIBBU;Venta;6.0;11.0;66.0;;;;bc8c931b-fa50-4495-a6d3-ab051e230e12;20260813112055783::d7fde807-01e3-4c60-9d69-c9420422f924;
2026-08-13 11:20:55;RIBBU;Venta;34.0;11.03;375.02;;;;bc8c931b-fa50-4495-a6d3-ab051e230e12;20260813112055778::eba4c3bc-ccff-4ed4-bd93-54c7fc487d06;ejecucion parcial
2026-08-13 11:23:32;HOV;Compra;40.0;136.4;5456.0;;;;67420164-9daf-4598-9c33-a98a6e98d2a5;20260813112332151::eaf083d4-1f55-4e32-8d34-4e72c6af6f6c;
2026-08-13 11:23:58;HOV;Venta;10.0;136.49;1364.9;;;;e96d1114-88d9-40e0-b6a8-955abf65dd1e;20260813112358552::d310ff73-39ed-4e38-b076-d626f8a8f90b;
2026-08-13 11:23:59;HOV;Venta;10.0;136.49;1364.9;;;;985ea249-b1f8-4dc2-b6b7-362700527dbd;20260813112359984::c6ac0540-380c-4e47-be11-44405d0bcd0c;
2026-08-13 11:24:01;HOV;Venta;10.0;136.5;1365.0;;;;dbd542d4-f0e7-41ee-bdf9-be00639b63ef;20260813112401221::95a12e35-a496-4886-8d80-8cb3528144af;
2026-08-13 11:24:16;HOV;Venta;5.0;136.46;682.3;;;;7ab6a3a2-f53e-4cb8-86e7-a3277356d37f;20260813112416811::dc3a178f-ab3a-44b1-a952-807e065ec251;
2026-08-13 11:24:18;HOV;Venta;5.0;136.5;682.5;;;;72367d16-a261-4074-bf2e-eadffa00b64a;20260813112418831::eda8f6d9-4b7d-4b95-855c-ec0b2542b7ae;
2026-08-13 11:24:21;GRVY;Compra;40.0;70.43;2817.2;;;;afdcdfeb-66b5-4d76-bb7d-ef08ed6bcf50;20260813112421946::6c9397f2-b5b0-45dc-add5-e1836a3f508d;
2026-08-13 11:24:24;GRVY;Venta;25.0;70.4;1760.0;;;;8200eb58-d096-414f-9904-9e094fa00620;20260813112424768::11803837-d492-482e-a9a7-1d60ad8b358d;ejecucion parcial
2026-08-13 11:24:24;GRVY;Venta;15.0;70.4383;1056.57;;;;8200eb58-d096-414f-9904-9e094fa00620;20260813112424767::0ed3752c-5b59-48aa-983b-7ac4f6c31055;
2026-08-13 11:25:15;EXP;Compra;40.0;210.87;8434.8;;;;cd60e59e-d014-4bf3-b5d6-3e5b780ccc07;20260813112515228::a7f7db87-3ba8-461e-9459-a1df483a78ec;
2026-08-13 11:25:18;EXP;Venta;40.0;210.9089;8436.36;;;;46a1071c-715c-4577-9858-b7275e5ca1d3;20260813112518048::bc2d5934-a730-4cef-a3d6-a3807be70690;
2026-08-13 11:39:42;UNF;Compra;20.0;288.71;5774.2;;;;96dea6c0-1a0e-4a11-9be9-7f4f8e818980;20260813113942689::1a6d4f53-650c-4b5b-8caa-1d5e566dad61;
2026-08-13 11:39:43;UNF;Venta;20.0;289.06;5781.2;;;;530bcedd-7921-4190-9b26-6dc70fa23702;20260813113943458::db40e0d7-37d5-46da-b42e-8df6ec503256;
2026-08-13 11:41:02;RIBBU;Compra;18.0;11.07;199.26;;;;57805bb5-6b8d-4a56-95ee-400f821e854c;20260813114102973::b2f1e6ec-c4f6-4a61-b592-9f09dafca9d5;
2026-08-13 11:41:02;RIBBU;Compra;2.0;11.05;22.1;;;;57805bb5-6b8d-4a56-95ee-400f821e854c;20260813114102971::cd1f527a-f38d-4c84-9477-bf3cb45b2d9f;ejecucion parcial
2026-08-13 11:41:05;RIBBU;Venta;20.0;11.435;228.7;;;;db0eb8c6-d1be-4dc7-b0fb-967691db4c0d;20260813114105940::d310409c-3ab2-47af-970d-e1224012d979;
2026-08-13 11:46:59;BIO;Compra;20.0;360.87;7217.4;;;;f181f498-802d-4d82-a3df-affe2abf12d6;20260813114659629::d7417dcf-2b45-473e-9606-d77681f21d0e;
2026-08-13 11:47:00;BIO;Venta;20.0;361.1;7222.0;;;;486c7cff-3078-4967-9bc5-93060cc6c7c7;20260813114700472::0b820e75-1cc3-4847-a7af-fed705821644;
2026-08-13 11:47:09;BCARU;Compra;3.0;6.51;19.53;;;;38aca6a9-0734-483a-bbe4-87ffe6ca67b5;20260813114709446::6cce7104-5257-4046-86c6-eb77c227fac8;ejecucion parcial
2026-08-13 11:47:12;BCARU;Venta;3.0;6.725;20.17;;;;d6c871b5-e802-47fa-946a-7e05be81617c;20260813114712418::1ac5552d-b616-4b95-a5c6-2a9e5ceb9d4f;
2026-08-13 12:14:15;THNQ;Venta;20.0;93.81;1876.2;;;;40b4b177-4a1c-4ef9-bdca-b76f9f9c7c95;20260813121415639::ebd53740-ee30-42a2-8175-5cf1bcacb97d;
2026-08-13 12:14:15;THNQ;Compra;20.0;93.6;1872.0;;;;6791a0d9-f97d-4314-90fc-bfaf4e5d44d2;20260813121415002::ac45842f-2ef2-4105-af73-172039592757;
2026-08-13 12:15:34;RIBBU;Compra;11.0;11.07;121.77;;;;44a4ea2a-537a-4f7a-907f-f271ffa7f399;20260813121534293::d73b0642-c60d-4c8a-b5d6-91b26c2913b2;ejecucion parcial
2026-08-13 12:15:37;RIBBU;Venta;11.0;11.01;121.11;;;;86eecb09-1414-4f39-9fb3-d331102648b7;20260813121537340::23ba274a-55e8-4677-8af8-38f194525cf4;
2026-08-13 12:17:40;NGNE;Compra;20.0;36.43;728.6;;;;6f75529f-897b-47d6-804d-31cf2318bb8d;20260813121740539::9e3133d2-049f-4a9e-8528-232ae5f1b964;
2026-08-13 12:18:20;NGNE;Venta;10.0;36.44;364.4;;;;546793c2-56b1-4832-a94e-a55ad693c69b;20260813121820730::661bb2de-0adc-4ac2-9280-20c7cf7d5f7f;
2026-08-13 12:18:21;NGNE;Venta;10.0;36.44;364.4;;;;86451e13-4326-4b2f-851c-daf4bbbf43f2;20260813121821972::c05f3e16-adf7-4e7e-bd17-b1b83bf8a100;
2026-08-13 12:19:46;KEN;Compra;20.0;67.74;1354.8;;;;786e40db-0f71-4fcb-89c6-e25e4f0c9010;20260813121946941::74bf3a5a-b05a-42ac-8f24-549e812df4ac;
2026-08-13 12:19:49;KEN;Venta;4.0;67.71;270.84;;;;dae1f456-904e-4a86-b636-83a9d0f57c0c;20260813121949729::62035077-0807-49b1-81f8-037da1464b42;ejecucion parcial
2026-08-13 12:19:49;KEN;Venta;16.0;67.71;1083.36;;;;dae1f456-904e-4a86-b636-83a9d0f57c0c;20260813121949729::615b1332-addc-4f70-b3db-eeb5f05d42cc;
2026-08-13 12:21:00;GREK;Compra;20.0;81.95;1639.0;;;;e50d7f20-da06-4c6a-8241-f350a09e5531;20260813122100351::1d9be550-7566-49dc-b48e-e1871d645cca;
2026-08-13 12:21:03;GREK;Venta;16.0;81.93;1310.88;;;;943e2cdc-a805-4ef8-808f-b6643405d4fb;20260813122103209::169ce200-c14c-4815-b854-b7261a231ffe;ejecucion parcial
2026-08-13 12:21:03;GREK;Venta;4.0;81.9618;327.85;;;;943e2cdc-a805-4ef8-808f-b6643405d4fb;20260813122103208::9e789851-d7cd-4d82-9691-311fd1ba5eeb;
2026-08-13 12:22:26;ELOX;Compra;2.0;17.9;35.8;;;;f6827952-52bd-451d-9e95-a5b13ad459fe;20260813122226822::42068f77-66f7-462b-825b-bcf6a75e3d1f;ejecucion parcial
2026-08-13 12:22:29;ELOX;Venta;2.0;17.83;35.66;;;;695df25d-98c0-42a4-8c0b-ff313834f531;20260813122229815::5d7e62cd-77ad-4c88-b6fe-8f2824821d26;
2026-08-13 12:23:39;CMPR;Compra;20.0;96.82;1936.4;;;;eae12628-a51b-4a23-b890-5ddcd094373b;20260813122339817::5b612615-da87-438d-af60-15a507e46c6d;
2026-08-13 12:23:40;CMPR;Venta;20.0;97.05;1941.0;;;;12f63681-1578-4cd8-bc57-e5622d760452;20260813122340511::3cbb15e0-9297-443c-92d8-f7b56354999e;
2026-08-13 12:54:16;WFCF;Compra;30.0;12.09;362.7;;;;227b6bd2-ada4-4f89-85ec-85a0f8c02862;20260813125416693::a8e1255c-2d11-469d-9faa-9ea13761d15f;
2026-08-13 12:54:19;WFCF;Venta;21.0;12.01;252.21;;;;ab62496f-db20-494e-a92a-0dc983a37c3f;20260813125419811::ba145860-8036-4e16-b447-45f82e119e6a;
2026-08-13 12:54:19;WFCF;Venta;1.0;12.01;12.01;;;;ab62496f-db20-494e-a92a-0dc983a37c3f;20260813125419810::6217cfb2-f627-4c08-9efa-110d9bd78958;ejecucion parcial
2026-08-13 12:54:19;WFCF;Venta;1.0;12.01;12.01;;;;ab62496f-db20-494e-a92a-0dc983a37c3f;20260813125419810::33456604-a6b8-444b-8293-559c18db0360;ejecucion parcial
2026-08-13 12:54:19;WFCF;Venta;7.0;12.01;84.07;;;;ab62496f-db20-494e-a92a-0dc983a37c3f;20260813125419809::d3f56a21-1538-4c30-a03b-006042af661a;ejecucion parcial
2026-08-13 12:58:04;NBN;Venta;30.0;136.27;4088.1;;;;75f1bf17-8577-4632-8a4f-8cdb409b6307;20260813125804941::ae7edfa3-49a5-44cf-be1b-d3b484197bcf;
2026-08-13 12:58:04;NBN;Compra;30.0;136.13;4083.9;;;;c43e0ec8-91a4-4439-802c-0ab7f76f8276;20260813125804279::1c8575f0-c7bc-4778-8413-09ef021b2175;
2026-08-13 13:00:59;FPXI;Compra;1.0;74.35;74.35;;;;c33f7962-d5d2-4ce5-9d81-a9c402759f6f;20260813130059292::5b987ed9-ca14-4e95-80f0-841ad43cb436;ejecucion parcial
2026-08-13 13:01:08;FPXI;Venta;1.0;74.4;74.4;;;;39fd3ac9-0e49-40d0-b0bc-c82a56651865;20260813130108440::6d03d6bb-4b18-43aa-bd10-f010c58c6111;
2026-08-13 13:03:07;BXC;Compra;30.0;88.99;2669.7;;;;343f31a4-7f3c-420b-be57-fec06d268479;20260813130307880::b4b9c0b4-22ac-45e3-8c3e-a5b01af07ce5;
2026-08-13 13:03:10;BXC;Venta;30.0;88.92;2667.6;;;;6ceec1c9-f070-41a5-a5ca-c087ba839f23;20260813130310905::d50450fb-e3f1-4f7c-aa3a-bdd6d76b22ce;
2026-08-13 13:03:18;BSVN;Compra;30.0;52.52;1575.6;;;;9cc23310-17b6-4aa5-804c-342d1e44e173;20260813130318664::e57f7692-37af-4e8c-b814-6145de36c39a;
2026-08-13 13:06:03;BSVN;Venta;10.0;52.5;525.0;;;;ab7bfdf7-9ee0-4f55-9d35-d7c0c53687fe;20260813130603504::16533d39-5e5c-4f14-83ba-b7e7db67e9cd;
2026-08-13 13:06:08;BSVN;Venta;10.0;52.48;524.8;;;;ec684e7a-a060-46ac-bd47-637a36951392;20260813130608423::569da3df-ee58-4517-9f42-be4552bd8078;
2026-08-13 13:06:10;BSVN;Venta;10.0;52.5;525.0;;;;75ba55d2-bc7a-44a8-8d76-52b44aea5983;20260813130610002::51658409-f44c-4142-a3a7-33c743e4672c;
2026-08-13 13:39:45;STRT;Compra;20.0;80.87;1617.4;;;;4fcb1398-19a7-4433-8a46-bb168f142349;20260813133945794::3d1d6b48-1be5-4b05-a2c0-0040e176b522;
2026-08-13 13:39:48;STRT;Venta;12.0;80.86;970.32;;;;b70a07d3-fb8e-4243-b989-09a83e368d3a;20260813133948745::c53b8c0d-4234-410a-9f72-71a756424cb3;ejecucion parcial
2026-08-13 13:39:48;STRT;Venta;8.0;80.8783;647.03;;;;b70a07d3-fb8e-4243-b989-09a83e368d3a;20260813133948745::0b1f31fd-d644-4a9f-83fa-8e6e3e0e0013;
2026-08-13 13:41:36;PBAM;Compra;20.0;86.11;1722.2;;;;de41264d-4c37-403e-ad43-7ecc9b712908;20260813134136250::98fcb92d-039d-429c-8623-b048236de68f;
2026-08-13 13:41:39;PBAM;Venta;20.0;86.2163;1724.33;;;;14624565-5ed9-4024-94d8-c127de652461;20260813134139079::97ca8dbf-e982-4845-97dd-68d2d9cc613b;
2026-08-13 13:46:26;DCO;Compra;20.0;200.56;4011.2;;;;73db4c01-59f7-4ad1-bfcf-6283c90ba5ed;20260813134626893::0c5d6280-0da7-4f5e-967b-da11d1f6dbdc;
2026-08-13 13:46:27;DCO;Venta;20.0;200.82;4016.4;;;;20711b06-9173-429d-b862-c5af12fa02f6;20260813134627540::e9b0a3be-0240-410d-9bcf-e9f122e41768;
2026-08-13 13:47:00;CMPR;Compra;20.0;96.44;1928.8;;;;260111cf-ba1a-411f-86ac-8cc607c39a1f;20260813134700433::fefe3988-8eee-4981-9f13-f4d5b3be21ba;
2026-08-13 13:47:01;CMPR;Venta;10.0;96.665;966.65;;;;6515f08c-6d08-4b02-b7a9-b49fe7880d00;20260813134701185::2a37b82a-bb35-4c5d-b701-904e5ab72a26;
2026-08-13 13:47:01;CMPR;Venta;10.0;96.665;966.65;;;;6515f08c-6d08-4b02-b7a9-b49fe7880d00;20260813134701185::24c3bbd0-0e53-4ba5-8349-76c930c760a4;ejecucion parcial
2026-08-13 14:10:04;WDAF;Compra;1.0;32.44;32.44;;;;2b24e832-ab4f-4063-bec0-8f76a0ea19cd;20260813141004904::cf2e2f2c-16de-42dd-839b-d6e83cbe8d48;ejecucion parcial
2026-08-13 14:10:07;WDAF;Venta;1.0;32.469;32.47;;;;98a493ee-af96-4e95-b0e3-c77251a7a846;20260813141007886::be3db518-9c6f-4bcc-938a-494966101420;
2026-08-13 14:12:30;RACC;Compra;20.0;29.41;588.2;;;;bd0748dd-e82a-4deb-8d45-04c3d7e9996a;20260813141230205::ce20d78d-82e6-4fa5-b50e-70e1c256386b;
2026-08-13 14:12:33;RACC;Venta;20.0;29.4421;588.84;;;;30d026ab-a450-471b-839a-7633cd3b515e;20260813141233035::d92bc2f7-c7af-4153-9b4b-e0970bcadfef;
2026-08-13 14:13:10;PBAM;Compra;20.0;86.26;1725.2;;;;c92fd674-dfe3-407f-bc4d-1f8e0691deae;20260813141310672::bea4ed47-3208-495d-9856-d14f64f1e0b2;
2026-08-13 14:13:13;PBAM;Venta;20.0;86.4982;1729.96;;;;a1926162-e36e-401d-a5a8-7b7405d17cf5;20260813141313458::85948a06-4876-4a22-b5a6-899e20a10e11;
2026-08-13 14:14:13;NBN;Compra;20.0;135.99;2719.8;;;;846376d9-f118-42f1-979d-bda249ff7917;20260813141413492::e402a6b5-f4ec-4fba-b27a-6452be61e703;
2026-08-13 14:14:16;NBN;Venta;20.0;136.0237;2720.47;;;;ce7468aa-5f50-43bd-b7f6-a38a3562df06;20260813141416281::ec3a662c-5ea8-4af7-b92a-abefac14be77;
2026-08-13 14:17:18;FSBW;Compra;14.0;43.59;610.26;;;;906c7e92-d179-4241-a9d7-34398afa013c;20260813141718685::df189a8a-97c8-4c41-92a6-e6eabcedef9f;ejecucion parcial
2026-08-13 14:17:19;FSBW;Venta;13.0;43.73;568.49;;;;44140946-848b-46f6-b9f7-e8eecb32f008;20260813141719605::aa54315e-5ea6-49cf-86a1-ddf378752b94;ejecucion parcial
2026-08-13 14:17:21;FSBW;Venta;1.0;43.61;43.61;;;;39fa26a0-a644-49e9-885d-8a9e2b38b8ce;20260813141721762::fe1c623b-4fa9-4a5c-8db1-90395a5e0256;
2026-08-13 14:32:51;WLDN;Compra;20.0;84.21;1684.2;;;;7724e9ab-5f65-49ae-a33c-f538f3e54d2b;20260813143251824::c415dcd8-aa33-42bb-92fb-4e813f0af9ca;
2026-08-13 14:32:52;WLDN;Venta;20.0;84.35;1687.0;;;;697003c2-b8ce-47f8-9686-ddb9033d0a3e;20260813143252484::f30ba876-dfa0-409f-a2bf-d164acb7a623;
2026-08-13 14:34:49;SAM;Compra;20.0;183.62;3672.4;;;;493df376-d406-49f5-a4ff-e46b67495423;20260813143449500::38cc3b24-77df-45a6-a202-ee2dbcbd0e36;
2026-08-13 14:34:52;SAM;Venta;20.0;183.7121;3674.24;;;;dd1ad083-f16f-4c4b-8dba-ebdd33962c99;20260813143452663::04ce842e-7371-4f09-80ef-214a88048600;
2026-08-13 14:38:47;IPAR;Compra;20.0;116.9;2338.0;;;;2d51836a-2cde-462d-987b-1cc01259f05f;20260813143847754::8697fc0e-4648-487c-a361-1538a073afb0;
2026-08-13 14:38:48;IPAR;Venta;20.0;117.01;2340.2;;;;255396f9-aa9c-4429-8bf0-64e24743d9b9;20260813143848418::2334a369-d8bf-4d38-9802-39335daa1a10;
2026-08-13 14:40:37;ESE;Compra;9.0;300.2;2701.8;;;;9d6216cb-8683-41d2-a3e5-39e9f9614058;20260813144037082::d0750fd3-6494-4b56-9a1b-5f6cf12a4ad0;ejecucion parcial
2026-08-13 14:40:37;ESE;Compra;11.0;300.22;3302.42;;;;9d6216cb-8683-41d2-a3e5-39e9f9614058;20260813144037082::7a0e9ddd-75b2-41d7-94a3-454686230ed7;
2026-08-13 14:42:09;ESE;Venta;5.0;299.82;1499.1;;;;b2e4520f-5a21-4f2a-a9c9-a3520da4522e;20260813144209155::926bde41-9e97-4b7b-b22a-5a4def73dbc9;
2026-08-13 14:42:19;ESE;Venta;5.0;299.86;1499.3;;;;a86d76ca-4b6a-4d70-b469-91228a494285;20260813144219782::7fcc7c33-cc70-42c4-bfda-15d531490167;
2026-08-13 14:42:42;ESE;Venta;5.0;299.84;1499.2;;;;68950f3d-608a-4e53-9878-b7c8bbd33bce;20260813144242990::9e0c11dc-f3c1-4771-82c4-462c001e4cef;
2026-08-13 14:42:44;ESE;Venta;5.0;299.85;1499.25;;;;d4e2c410-b38e-44bc-b171-1807fbc0ce7a;20260813144244809::129524ae-e452-48a0-b2e6-527e0871907f;
2026-08-13 14:43:13;DXPE;Compra;20.0;194.46;3889.2;;;;fb65a9ab-2863-4d8b-b281-d993d06cbad3;20260813144313786::24391d4e-c7ab-4758-ae81-9a12ffd7bae5;
2026-08-13 14:43:16;DXPE;Venta;20.0;194.5397;3890.79;;;;e5b4e82a-27a4-4e39-9018-a0b3b8c2d99d;20260813144316587::8570883c-c6d6-46fc-b50b-f8a075ca86e7;
2026-08-13 14:43:34;DAAQ;Compra;1.0;7.18;7.18;;;;fbb50058-0835-4318-a1d4-359f2dad7ca8;20260813144334002::3fd464cc-5256-4470-96cf-65e0cf197e20;ejecucion parcial
2026-08-13 14:44:52;DAAQ;Venta;1.0;7.2;7.2;;;;96f17e03-5032-4a7d-af78-89a6aaf7f6d7;20260813144452756::233c734e-e86d-43d8-a63d-b49e7f0e0579;
2026-08-13 14:45:23;CHRN;Compra;20.0;20.56;411.2;;;;39605f9e-b4cf-4167-920f-97210feaa473;20260813144523321::b2e6a77f-88a6-4af4-bfd9-f67467789627;
2026-08-13 14:45:26;CHRN;Venta;20.0;20.64;412.8;;;;3bc80aec-5526-4ead-aae8-704b2f311dcc;20260813144526160::67a5606f-9734-441f-aa08-6d08b02d13a3;
2026-08-13 14:53:14;SAIH;Compra;20.0;19.6;392.0;;;;10ddc0df-abaa-4fdb-8c9d-e53dcf3614d2;20260813145314260::b06f364f-9075-4baf-add1-15cef3d701f1;
2026-08-13 14:53:17;SAIH;Venta;20.0;19.51;390.2;;;;baaecdf8-0df7-4471-9ea0-9fee21ccd102;20260813145317048::aa061ec0-e494-458c-9c1b-1f248a9302c4;
2026-08-13 14:53:22;RS;Compra;20.0;427.12;8542.4;;;;6cf2303e-69c9-4ae2-ae80-3cd41a76366c;20260813145322350::2116ad53-37a9-4daf-bad4-53b35aaa10a8;
2026-08-13 14:53:25;RS;Venta;20.0;427.09;8541.8;;;;e18ac583-9277-44d5-8273-6aed0c2ccff0;20260813145325125::99a2e6e2-dd95-4192-b353-662f03a1976e;
2026-08-13 15:01:01;BIO;Compra;20.0;358.48;7169.6;;;;fd0551df-96ca-4a6d-9411-d9200e21f1d4;20260813150101951::1c12aa84-76d1-4896-acea-100a110c6018;
2026-08-13 15:01:02;BIO;Venta;20.0;358.66;7173.2;;;;64a13a5a-bea1-4138-aa1c-bc7e52fe8dd4;20260813150102706::be9ebe62-934e-486d-a317-a1ad2415db52;
2026-08-13 15:23:55;VRTS;Compra;20.0;170.04;3400.8;;;;63250e34-3ba6-4e98-8b29-5684383dede0;20260813152355462::e5039222-f33b-443c-aba3-6a4e990fe563;
2026-08-13 15:23:58;VRTS;Venta;20.0;170.1119;3402.24;;;;cfe9174e-ae44-4b48-9da9-eca1c84a2aac;20260813152358281::16cb4b57-b2b0-40e3-b358-792bfe7e6296;
2026-08-13 15:28:29;MEDP;Compra;13.0;586.46;7623.98;;;;2277c739-6aea-4d23-84d4-abc69aa039c3;20260813152829021::9526bb8f-d0df-4409-86d6-68585f70c2b4;
2026-08-13 15:28:29;MEDP;Compra;7.0;586.46;4105.22;;;;2277c739-6aea-4d23-84d4-abc69aa039c3;20260813152829020::e4798093-6206-4657-b28f-799e8c24489d;ejecucion parcial
2026-08-13 15:28:54;MEDP;Venta;3.0;586.3;1758.9;;;;ca8429c4-4598-4f7c-a85a-2724186441ca;20260813152854025::8efae61b-97db-43c0-bac9-13f8d3a9e4fa;
2026-08-13 15:28:55;MEDP;Venta;3.0;586.35;1759.05;;;;a3ffc885-899f-48e5-9388-d42a6c303280;20260813152855917::27357e19-93e0-4ecf-bdf1-ee0e8d7414cb;
2026-08-13 15:28:57;MEDP;Venta;3.0;586.4;1759.2;;;;f7aa502d-80fb-4280-ad71-d97ec8f74c8b;20260813152857291::55f46f5e-7ab9-4260-a1de-7f92fafbe0ec;
2026-08-13 15:28:58;MEDP;Venta;3.0;586.45;1759.35;;;;53791200-c776-4ba0-806f-a5e003617529;20260813152858521::8ba20ad5-b4ee-4f58-bf95-8497d96c8e3c;
2026-08-13 15:28:59;MEDP;Venta;3.0;586.5;1759.5;;;;e65ca5fb-022d-40f8-b504-4d191f413d58;20260813152859933::82b1083f-3cd3-427e-8ec2-1648f427c421;
2026-08-13 15:29:06;MEDP;Venta;3.0;586.6;1759.8;;;;4664f244-69a5-45e9-b984-73629772f41f;20260813152906681::a2a1a93c-6b90-45a9-a7b6-392efe8fd355;
2026-08-13 15:29:10;MEDP;Venta;2.0;586.75;1173.5;;;;5dfc4e20-f8ed-4016-8ebe-69e1a9dd9f43;20260813152910967::74d427b8-118a-4729-8eb1-8098f6d57710;
2026-08-13 15:29:59;JSML;Compra;20.0;92.27;1845.4;;;;8c1fc9c2-9c42-4e15-91e3-01ab58c37d33;20260813152959776::88b5a438-7a2b-4f1d-a247-2639acf3e590;
2026-08-13 15:30:09;JSML;Compra;10.0;92.15;921.5;;;;5bb6ec94-ba47-46c4-b02d-041314da1b72;20260813153009714::6c794485-e9ef-470a-87d4-3ba887fec6f1;
2026-08-13 15:30:19;JSML;Venta;10.0;92.26;922.6;;;;9f128a40-8952-4d12-9107-c2e4531b560d;20260813153019174::4f1cebfa-dba6-4842-ada5-2ee983ba322a;
2026-08-13 15:30:35;JSML;Venta;5.0;92.22;461.1;;;;b1d716b5-0827-4888-84ac-dbf02a9d3dd6;20260813153035537::8c4e97f3-378d-494c-899c-31398c4bfeb2;
2026-08-13 15:30:36;JSML;Venta;5.0;92.22;461.1;;;;92f1745a-42b2-4fa0-ab97-2b432c1b3a7f;20260813153036783::294ebad6-b71d-4a11-8558-7d7c0d8cb183;
2026-08-13 15:30:37;JSML;Venta;5.0;92.22;461.1;;;;b7c09237-2221-4d17-9a37-6e7e69251012;20260813153037897::6ff40c65-3351-485e-bdc2-bb1bce3e4643;
2026-08-13 15:30:39;JSML;Venta;5.0;92.24;461.2;;;;cf8860b0-8c48-4220-86bc-c4fa2b5a0aac;20260813153039149::2c208749-0e73-4292-a920-0b3793691414;
2026-08-13 15:32:11;FNGG;Compra;20.0;270.6;5412.0;;;;7c0bfde6-7d4f-4e66-bbec-70a2d2583bd4;20260813153211929::6af4ffdb-5078-452d-9cc0-6771d82804c4;
2026-08-13 15:32:14;FNGG;Venta;20.0;270.61;5412.2;;;;77059f6c-eaa9-4285-b557-f96b6ad0e776;20260813153214794::7b67e31b-14e3-4532-9a3c-20bd54b131e9;
2026-08-13 15:34:17;BUUU;Compra;20.0;28.26;565.2;;;;b6b15586-eefc-4497-a2b0-8d9f3372a4a7;20260813153417290::7f4a5e37-699e-43cf-802f-2d47c6e369cd;
2026-08-13 15:34:20;BUUU;Venta;20.0;28.23;564.6;;;;2fe5ccee-029c-4dcb-871d-0e98aa107d6d;20260813153420155::f23071dc-eab3-467a-a2ca-fe6571822260;
2026-08-13 15:34:31;BIO;Compra;20.0;360.45;7209.0;;;;fb125eeb-b661-450b-bc12-4633bca7ac4c;20260813153431261::574c4c73-f07a-4cab-b7c1-bcb75e2b26df;
2026-08-13 15:34:40;BIO;Venta;5.0;360.46;1802.3;;;;6d73bca7-aaf9-4ac4-823c-164efd410293;20260813153440835::c165fde9-78f3-4e6a-a587-8e9711150c7f;
2026-08-13 15:34:44;BIO;Venta;5.0;360.46;1802.3;;;;c6a30c2c-c9bf-405f-ba11-9f4fc3492596;20260813153444808::28f03e71-78b3-4903-b41d-8be9588aa089;
2026-08-13 15:34:46;BIO;Venta;5.0;360.46;1802.3;;;;5d6bd643-38e0-4161-90b0-ec5698206add;20260813153446078::86917a13-8890-442c-ba6b-bdb6da786d35;
2026-08-13 15:34:47;BIO;Venta;5.0;360.46;1802.3;;;;11e8005e-3382-45e1-9b3c-f1a04a071e25;20260813153447288::c8a02b18-6b32-4629-a107-7360378c1a34;
2026-08-13 15:50:07;VRTS;Compra;20.0;169.2;3384.0;;;;796e5eac-0e05-4228-b108-e0553c55efc5;20260813155007526::951254de-eb97-482a-89b6-0c28ab9b499e;
2026-08-13 15:50:10;VRTS;Venta;20.0;169.735;3394.7;;;;eb6e343f-3e2c-401a-91fb-0dc475db5cd1;20260813155010479::a5795d0c-9db6-4820-9179-8c28e7bd9d4f;
2026-08-13 15:51:21;SAIH;Compra;20.0;19.62;392.4;;;;f8e896b7-807b-401e-9a4b-2fe566680bc7;20260813155121939::a6dc4055-530b-4b7f-a7d3-eec03bb75564;
2026-08-13 15:51:24;SAIH;Venta;20.0;19.9218;398.44;;;;9a94c9d3-4cbe-42de-b47d-519c4f85678f;20260813155124808::0106bcff-3db1-487a-98ea-427d61a3e07b;
2026-08-13 15:51:44;RS;Compra;20.0;423.52;8470.4;;;;985daaed-4d0c-4850-9194-0f3d70a0034c;20260813155144946::2e4111c4-af8e-46af-b2fa-014846348d38;
2026-08-13 15:51:47;RS;Venta;20.0;423.5337;8470.67;;;;1877b529-ef70-4948-b326-61bd374c30c0;20260813155147738::71146f01-5d80-45a8-b6cc-3a80e2e149be;
2026-08-13 15:51:57;REGCP;Compra;20.0;23.0;460.0;;;;36c84732-2d5e-4586-affd-3774c3c8e3e2;20260813155157719::41aab415-2794-45ea-96f4-28ef1d9b6ca1;
2026-08-13 15:52:00;REGCP;Venta;20.0;22.97;459.4;;;;6981346a-84f9-445a-9132-a0478290db03;20260813155200880::af94ce6b-be4a-454c-8a23-b064dcbfa37e;
2026-08-13 15:52:51;OSIS;Compra;20.0;230.27;4605.4;;;;ee01cd6e-5098-4fdc-a7f0-3378ca9b8206;20260813155251068::a124903a-3c22-4a4e-b647-72c3bad23523;
2026-08-13 15:52:54;OSIS;Venta;10.0;230.15;2301.5;;;;c0d0ad17-aa25-418a-b232-581b0267adfc;20260813155254218::5ac0b221-566a-48a9-a66e-493d1a973f8d;
2026-08-13 15:52:54;OSIS;Venta;10.0;230.24;2302.4;;;;c0d0ad17-aa25-418a-b232-581b0267adfc;20260813155254218::3af1bc45-876d-4b01-bce5-e3f0c1cadfdb;ejecucion parcial
2026-08-13 15:53:07;NUTX;Compra;20.0;187.04;3740.8;;;;f67feaad-6efa-47c5-93f7-84c9645c7620;20260813155307583::39bef315-a184-4924-b54c-4789f3e1fd68;
2026-08-13 15:53:10;NUTX;Venta;20.0;186.89;3737.8;;;;3de7a222-9476-40c2-8508-3d5bddce6c8b;20260813155310421::613dd7be-aba8-4486-ac44-3b6eb4240c1d;
2026-08-13 15:53:29;NDLS;Compra;20.0;17.06;341.2;;;;cbdf4d17-fe80-4abd-9a7f-5fbf5272bc76;20260813155329914::a827a92b-a61e-4e74-84aa-f779c8d0e75d;
2026-08-13 15:53:33;NDLS;Venta;20.0;17.03;340.6;;;;8d0fb647-0310-4f7e-afa1-09b8166c8db9;20260813155333043::626ba123-c28e-4f15-9f03-f6fad06eba61;
2026-08-13 15:53:38;NATH;Compra;20.0;96.86;1937.2;;;;7b71d10f-7991-422a-8a7e-8749504cce08;20260813155338120::d4cc0360-6292-49d1-9f5b-69e0047724ff;
2026-08-13 15:53:41;NATH;Venta;20.0;96.8;1936.0;;;;226c72c1-3dab-40d7-9e11-9cdaa352f388;20260813155341162::eb439b56-0249-42b2-8af4-6fd8ec828942;
2026-08-13 15:53:49;MLAB;Compra;20.0;111.72;2234.4;;;;9147db0b-9718-451b-a468-d34347534e1e;20260813155349948::35ff314f-e5c1-40b7-8564-1a66384621a8;
2026-08-13 15:53:50;MLAB;Venta;20.0;112.32;2246.4;;;;7aa2f38c-905b-4d76-8fb0-cac94334b546;20260813155350629::fceaf5d7-9340-434b-abaf-48c832fc687b;
2026-08-13 15:54:10;LAD;Compra;20.0;378.61;7572.2;;;;d113270e-928d-45ee-b471-3f0eff01b5b2;20260813155410905::65caf871-1b6a-446b-a235-b2595a740f9e;
2026-08-13 15:54:11;LAD;Venta;20.0;378.83;7576.6;;;;83607323-aea3-48a5-92f3-9b11bfab8c76;20260813155411537::7f29ccd6-f58e-4933-ada5-18da306bbfea;
2026-08-13 15:54:47;ICFI;Compra;20.0;88.87;1777.4;;;;bdbc93bd-da26-4b1d-aafa-75ecf98ec73f;20260813155447633::0552199f-a582-455e-be10-255b2ea0adeb;
2026-08-13 15:54:50;ICFI;Venta;5.0;88.85;444.25;;;;54931b32-b9b4-4107-bf7d-2c8ece64fb0a;20260813155450608::b110eb81-90f1-4f60-b57e-3ab0c466fb91;
2026-08-13 15:54:50;ICFI;Venta;15.0;88.85;1332.75;;;;54931b32-b9b4-4107-bf7d-2c8ece64fb0a;20260813155450608::26abff27-7b32-47c3-8e03-d8a02318b054;ejecucion parcial
2026-08-13 15:56:59;CHE;Compra;20.0;537.2;10744.0;;;;bd365f20-70a5-4745-842f-045361ab0b2b;20260813155659527::7c9f9103-1606-4790-9d2c-66691168b556;
2026-08-13 15:57:18;CHE;Venta;10.0;536.75;5367.5;;;;ca97367b-1813-474c-bd30-ddc024c065fd;20260813155718207::6ff563a1-49a3-422c-ba9d-85d65f6461f6;
2026-08-13 15:57:21;CHE;Venta;10.0;537.2;5372.0;;;;3d55243b-dbc1-4423-9eca-bfe6b5046538;20260813155721865::ed12c87c-1a07-4529-b3cc-0a44a3bfb033;
2026-08-14 09:38:42;WTBA;Compra;20.0;29.86;597.2;;;;79f43e9e-f1fe-4d7a-8e67-450659dbd567;20260814093842998::3ab909ac-72ec-4dd0-b94e-e162bcca87fc;
2026-08-14 09:39:21;WTBA;Venta;10.0;29.75;297.5;;;;560b377e-e70c-495d-a62c-d7609c17f600;20260814093921532::a876df78-efa9-4952-b644-e08b142f2308;
2026-08-14 09:39:40;WTBA;Venta;5.0;29.7;148.5;;;;763a7c4c-4549-405f-901f-c7eeea824195;20260814093940798::1736ae1e-fae3-4d97-b611-90a70ef07bde;
2026-08-14 09:39:56;WTBA;Venta;5.0;29.62;148.1;;;;bc652ce5-0b4a-477c-aa36-355529c78a50;20260814093956590::1c378d4e-0875-41e7-8257-639a756d6e6b;
2026-08-14 09:45:48;LCII;Compra;20.0;105.82;2116.4;;;;71b8d6d5-14f1-45e9-bec3-5a00bff8d26a;20260814094548452::40e4cbb3-5944-466f-86ed-144e78a1212d;
2026-08-14 09:45:51;LCII;Venta;20.0;105.7885;2115.77;;;;7141be79-36fb-4a85-8e64-4a0c2d0f9784;20260814094551265::2fe5efc5-a7b7-432a-b073-f174e2d04aac;
2026-08-14 09:47:07;GLIBA;Venta;20.0;27.53;550.6;;;;1a9fce01-e2a0-441b-9fab-75e16e8d07ad;20260814094707720::2cbffa35-532f-42f2-9828-02f348ad9daa;
2026-08-14 09:47:07;GLIBA;Compra;20.0;27.05;541.0;;;;7edb6052-6d70-4556-8b96-56760669f0a0;20260814094707031::5bfa387e-3bd3-48d1-be76-addbf0c0ab6b;
2026-08-14 09:47:55;FCFS;Compra;20.0;210.6;4212.0;;;;6aeeff45-148f-4a19-9afe-8c792f592abb;20260814094755821::c8d2284b-55c9-46f6-9da1-63c0ca65513c;
2026-08-14 09:47:56;FCFS;Venta;20.0;211.26;4225.2;;;;da959279-deb6-4876-8a77-18a0f4e03b85;20260814094756531::868ad660-0e15-4257-acae-4a7e4f90bdec;
2026-08-14 09:50:02;CABO;Compra;20.0;36.42;728.4;;;;ee5c832f-b819-4a10-806c-b0081a69f8a1;20260814095002961::5b146907-93bb-4745-895f-eabd5aff8566;
2026-08-14 09:50:03;CABO;Venta;20.0;36.87;737.4;;;;3bdd8104-d3ab-49d3-9b73-6531c239fd56;20260814095003601::3539841c-5247-4074-aad4-cfbe0e24a99f;
2026-08-14 09:50:17;BMNP;Compra;20.0;90.15;1803.0;;;;8a4c08d5-8b71-4a0a-836e-564125d55eea;20260814095017230::563f8d30-4218-4f0f-811c-cfa5acf28c5c;
2026-08-14 09:50:20;BMNP;Venta;20.0;90.4528;1809.06;;;;7fdc4977-41bf-4d09-a7ed-5b35613da111;20260814095020080::2929af0f-f120-4545-8712-6f2f24d82bd8;
2026-08-14 09:50:36;BDC;Compra;20.0;136.53;2730.6;;;;ce30fca9-2ada-4b4a-a632-b3552ee25fa2;20260814095036695::68abb8d2-7c14-480e-8e96-4a434e7ab722;
2026-08-14 09:50:39;BDC;Venta;20.0;137.165;2743.3;;;;5b7d6f85-8a87-4f9a-9fbc-a73930cf9f9a;20260814095039645::89e57b6e-a673-422c-abe1-78931e50382d;
2026-08-14 10:01:47;WMK;Compra;20.0;70.88;1417.6;;;;fbace881-94e9-4ddf-9fab-12d4c9691849;20260814100147391::9975d99c-bc7a-4ad6-95bd-336ba9e9d54c;
2026-08-14 10:01:50;WMK;Venta;20.0;70.82;1416.4;;;;7284a9d9-189e-4f1f-9c8e-8b0bafe8373b;20260814100150244::a70c47bd-6c3f-40a0-bd48-90fc00ea201d;
2026-08-14 10:02:26;UFCS;Compra;20.0;53.84;1076.8;;;;97ed1355-5278-4bfc-8109-dc28c26039e1;20260814100226476::57dd8483-bf85-4bff-b191-e67cc72a671b;
2026-08-14 10:02:58;UFCS;Venta;10.0;53.8;538.0;;;;9b9dc415-df34-4ec5-bed9-d43c121cb780;20260814100258278::6c0027a8-236c-495b-9507-a51d1d4b1db1;
2026-08-14 10:03:12;UFCS;Venta;10.0;53.75;537.5;;;;31411146-5fe1-4867-a1a1-9a60b7056292;20260814100312290::a9ed56af-ae6b-463b-a28a-f4c98665fdf2;
2026-08-14 10:04:18;SGP;Compra;20.0;25.02;500.4;;;;d1b76e21-68ad-4dfe-9aa0-71ee8bb4dc5b;20260814100418698::2c03f5e9-716a-43d9-8877-ed777afc0d90;
2026-08-14 10:04:21;SGP;Venta;20.0;24.9;498.0;;;;16f43088-7ecc-4ad6-a60c-8a689b4d84cd;20260814100421525::4eb1809c-9859-48c2-86b1-219692e143ed;
2026-08-14 10:04:29;SAM;Compra;20.0;182.61;3652.2;;;;49aa07c0-1b98-4dd7-86ee-cb6bb7456b79;20260814100429852::6cdf38c5-f974-4a83-a051-e75f98a93a93;
2026-08-14 10:04:32;SAM;Venta;20.0;182.7004;3654.01;;;;e571d72c-50e8-4d57-a85e-7a5789dc33b4;20260814100432633::256dbb72-ad3f-4cbf-8a6f-cb3e3836b0e7;
2026-08-14 10:05:26;PLMR;Compra;20.0;128.07;2561.4;;;;cda366a2-706f-42d3-aec6-5ad1383b1913;20260814100526928::30177f15-ca12-4307-bb08-d1daf8294dfd;
2026-08-14 10:05:29;PLMR;Venta;20.0;128.13;2562.6;;;;fc4b718a-bd6a-4344-8a12-cb3e38e62a6f;20260814100529741::2b2fb551-6182-4041-bde0-c579bf6998cb;
2026-08-14 10:06:50;MSEX;Compra;20.0;58.58;1171.6;;;;e202a9aa-f02b-40d1-aafd-e05c0e61a038;20260814100650740::113afc1e-e2c1-46b6-bebf-712029b0285b;
2026-08-14 10:06:53;MSEX;Venta;20.0;58.53;1170.6;;;;8e12d0ec-fa1d-4b32-a86a-9e1256e36f31;20260814100653570::2ebcace6-d663-4bbf-b83a-65bf8dac92b6;
2026-08-14 10:07:13;MGEE;Compra;20.0;81.08;1621.6;;;;1bb45b72-fd41-4ec0-8de8-feafa64bedfa;20260814100713825::519e827e-0e28-4f0a-9ce9-057d7047b730;
2026-08-14 10:07:16;MGEE;Venta;20.0;81.07;1621.4;;;;b2263259-1ef9-40ea-9170-eff3fcd785ef;20260814100716736::bb3d4f5e-47b6-4d02-afd5-2fee9209e5b0;
2026-08-14 10:08:08;INTG;Compra;19.0;35.66;677.54;;;;b35fbfa0-412d-4014-a679-bcdff92cf3a9;20260814100808270::629594ab-c57f-46d2-958b-c761afdfb88d;
2026-08-14 10:08:08;INTG;Compra;1.0;35.66;35.66;;;;b35fbfa0-412d-4014-a679-bcdff92cf3a9;20260814100808270::3f33656e-dde8-4f7e-8fe5-e994fdd0f947;ejecucion parcial
2026-08-14 10:08:11;INTG;Venta;20.0;35.71;714.2;;;;daf80473-41d0-46c4-9f96-198ea4689330;20260814100811232::36863eb8-d820-4ea8-8f41-6d253179c3a7;
2026-08-14 10:33:17;SENEA;Compra;20.0;191.06;3821.2;;;;a79235cf-6994-48f3-9ab2-75d793e464a4;20260814103317541::fe59ec77-37df-483b-8299-eba0b8918d95;
2026-08-14 10:33:20;SENEA;Venta;20.0;191.01;3820.2;;;;dce32284-4781-47a8-98e0-687cb2594b70;20260814103320393::a0dfd2ff-f94e-445d-8759-a2d841667d23;
2026-08-14 10:35:09;PRK;Compra;20.0;208.19;4163.8;;;;cf2d8995-b6e3-4822-b0a7-18faef017ebd;20260814103509911::75b6b443-f5db-4225-a278-5e61518a5a82;
2026-08-14 10:35:12;PRK;Venta;20.0;207.96;4159.2;;;;a68699ca-99c6-4a67-96df-9762d746a264;20260814103512879::1a79d20f-a037-4a81-9755-4f9dadc43eda;
2026-08-14 10:36:38;ONIT;Compra;20.0;39.31;786.2;;;;d77cea45-909f-45a5-bbf5-a708d98d5061;20260814103638003::2d194da1-da92-432c-bce4-10cb1233bc9d;
2026-08-14 10:37:17;ONIT;Venta;10.0;39.26;392.6;;;;e18e71f9-1c8e-48ad-aa7b-860ef6cf71b2;20260814103717638::2cc1b0b5-056f-4df9-a26e-21b8656c6839;
2026-08-14 10:37:31;ONIT;Venta;5.0;39.26;196.3;;;;f48b3053-7f47-40ab-9710-885b999f4206;20260814103731913::6a54d2d5-47b2-444e-a11e-4b937feb1c6a;
2026-08-14 10:37:34;ONIT;Venta;5.0;39.26;196.3;;;;1d53c8a4-6b31-4d64-8e4d-9dbb34b9fba5;20260814103734224::2832c276-b66c-426e-9523-274b5da0bc66;
2026-08-14 10:37:48;OBX;Compra;20.0;19.53;390.6;;;;f733cf32-6b28-4ed7-bf3b-e4c801228b34;20260814103748344::da6edeb6-8c55-4796-8ea4-f535fb712d86;
2026-08-14 10:37:51;OBX;Venta;20.0;19.5644;391.29;;;;8ac59676-5470-49a0-b951-43f52c835582;20260814103751108::d9be940a-3f31-49b3-9fad-a8d85fd65b8b;
2026-08-14 10:42:56;HOFT;Compra;20.0;14.81;296.2;;;;f641cc34-4e25-4581-becd-b90d43952f5e;20260814104256829::28c9e112-abaa-49a0-a616-8841b058d722;
2026-08-14 10:42:59;HOFT;Venta;20.0;14.73;294.6;;;;c6c7a09b-45eb-4610-b309-9dac8e2e4d64;20260814104259636::0fe4e820-6c1c-478a-bb6e-249f86978ec9;
2026-08-14 10:45:08;FET;Compra;20.0;84.98;1699.6;;;;3ead4851-271f-462b-9ef6-6551392304d7;20260814104508725::6f4f3031-8dc0-4712-9b79-93425633e008;
2026-08-14 10:45:11;FET;Venta;20.0;85.279;1705.58;;;;fc619886-72cc-4743-823f-9ec411abc97e;20260814104511557::88fb780a-79eb-469f-8cb0-2df2ac86f935;
2026-08-14 11:20:15;WF;Compra;20.0;71.27;1425.4;;;;f30ee9ab-8d08-4d61-a88b-3c0d62919032;20260814112015952::f5a97a3d-80c8-4ccb-85bc-746d4409e66d;
2026-08-14 11:20:44;WF;Venta;5.0;71.34;356.7;;;;b133eb06-7057-4a17-b96e-8b248da35377;20260814112044254::087d2803-518c-407f-b8e7-02efef5c8dd5;
2026-08-14 11:20:59;WF;Venta;10.0;71.32;713.2;;;;1e63ff12-0d0f-4167-b65d-2e974589aa77;20260814112059995::a11deb61-95a4-4745-8429-5e69241ab8f3;
2026-08-14 11:21:06;WF;Venta;5.0;71.32;356.6;;;;ffb8dda3-11a4-43d5-bcf2-746002c821a1;20260814112106161::ec384b39-aebc-4310-b6b7-6a949bbf3417;
2026-08-14 11:21:44;USLM;Venta;20.0;118.03;2360.6;;;;943873f8-9208-40af-8f7d-88a2a6dbf235;20260814112144890::dc40e561-cc84-4ddd-89cc-adb04bdb663c;
2026-08-14 11:21:44;USLM;Compra;20.0;117.86;2357.2;;;;4100b9e0-c9a7-4611-9fc4-a01d15c0f2bf;20260814112144155::59e9568b-6c42-49ad-a820-59e6be3c6ab8;
2026-08-14 11:21:56;UFPT;Compra;20.0;323.39;6467.8;;;;81f0c4f0-48b8-49a9-883c-836322cb6441;20260814112156741::faa1cb24-d7ab-4265-aacf-1827be493d21;
2026-08-14 11:21:59;UFPT;Venta;20.0;323.93;6478.6;;;;7ba8f613-dd6f-4167-a56d-3926109d393a;20260814112159625::5d10e3f6-9c86-4655-a42f-e84f22b42fcf;
2026-08-14 11:22:22;TISI;Compra;20.0;22.06;441.2;;;;4403cf27-d288-4cee-9e27-8702175edd06;20260814112222046::39db7f60-dfa7-425f-9577-9a6c42c4d797;
2026-08-14 11:22:25;TISI;Venta;20.0;22.06;441.2;;;;d33571b2-0a54-4389-abec-5ca19ad8ed80;20260814112225170::bdc4a995-0adf-4ac6-9766-4a56d64f5218;
2026-08-14 11:22:54;STRZ;Compra;20.0;26.93;538.6;;;;3ba4bb4b-8033-433d-b755-3bcb55f9ad1c;20260814112254984::6844a733-3e2d-48a5-83e8-ff8f56f53f60;
2026-08-14 11:22:57;STRZ;Venta;20.0;26.9519;539.04;;;;2a0a4e55-95de-48bd-aff3-8050151c5f07;20260814112257888::6a844202-8a1e-4db4-8ca9-c03ad8ecd19b;
2026-08-14 11:26:47;MGRC;Venta;20.0;121.14;2422.8;;;;15f6ff3b-e741-4aac-9cff-bc07f2939495;20260814112647739::ec6a7597-a428-4262-be03-b9acc570002c;
2026-08-14 11:26:47;MGRC;Compra;20.0;120.98;2419.6;;;;a7933716-cf41-4a22-ad21-515daab4b6fc;20260814112647068::b08e5d84-5c67-4287-9084-a23bc7e87554;
2026-08-14 11:27:14;LAD;Compra;16.0;376.15;6018.4;;;;57e567c8-2cad-41cb-ba26-5446b3a23ec0;20260814112714773::61bad13f-f92a-4dea-8748-ae5ebe9ccd4b;ejecucion parcial
2026-08-14 11:27:14;LAD;Compra;1.0;376.15;376.15;;;;57e567c8-2cad-41cb-ba26-5446b3a23ec0;20260814112714773::4f21107f-9833-4168-870c-6ab8f0fcd58a;ejecucion parcial
2026-08-14 11:27:17;LAD;Venta;17.0;375.97;6391.49;;;;c035d7bb-66ba-40ba-819f-8781fd35de26;20260814112717841::5d3faa1a-2954-4051-819a-c9d8fca3f9bc;
2026-08-14 11:27:19;KNSL;Compra;20.0;379.32;7586.4;;;;94f0d67f-5d14-4ec9-8e8d-c57da141d582;20260814112719421::87760d79-e0eb-4ffc-af34-e889c9c1a883;
2026-08-14 11:27:20;KNSL;Venta;20.0;379.6;7592.0;;;;2de4d091-5d72-41b9-bce8-46ed8d31df52;20260814112720100::e9b27d52-cfd3-4855-91ed-da76b808af1c;
2026-08-14 11:27:34;JLL;Compra;20.0;368.11;7362.2;;;;6d97abc9-2770-4f67-b091-cc741dc56058;20260814112734703::ddd2689f-4247-4e5e-ba55-9b8c650abe25;
2026-08-14 11:27:37;JLL;Venta;20.0;368.1291;7362.58;;;;79eaec69-f72b-406a-a3f0-396086614028;20260814112737509::d1096925-c583-4121-9a6c-63380f67bdf3;
2026-08-14 12:15:34;OBX;Compra;39.0;19.63;765.57;;;;c2db77a6-8176-445e-ab55-2c4cfa21cccb;20260814121534380::8f9c5069-0e0e-47ce-bfe6-e366499eda57;
2026-08-14 12:15:37;OBX;Venta;39.0;19.7372;769.75;;;;e897b4c7-7ca5-4be6-94e1-7ed11922afbf;20260814121537148::284b1f7e-70d6-49f5-8c44-b8ddde92c4db;
2026-08-14 12:30:52;NBN;Compra;20.0;134.75;2695.0;;;;cee541a5-babc-47dd-aa74-6631493f0f2d;20260814123052068::8f3730ef-6eaa-42c3-94d7-1a9701d2081e;
2026-08-14 12:30:55;NBN;Venta;7.0;134.77;943.39;;;;6caa19b1-1194-4a93-8b03-dec6001f7908;20260814123055023::efae1ab0-2369-4203-aed0-ddcf62623704;ejecucion parcial
2026-08-14 12:30:55;NBN;Venta;13.0;134.7594;1751.87;;;;6caa19b1-1194-4a93-8b03-dec6001f7908;20260814123055023::977c724f-c3d2-4014-8ded-901111f144b2;
2026-08-14 12:54:11;THNQ;Compra;20.0;93.5;1870.0;;;;72f44c4a-d0fb-4a26-bab3-231b9e3a934b;20260814125411925::1daf9b3d-b056-4273-89a2-81096ac56dfc;
2026-08-14 12:54:12;THNQ;Venta;20.0;93.68;1873.6;;;;bb2bb65d-41c5-46cb-a21a-8cdfd229dba0;20260814125412604::2852d7c4-d786-4e1b-bfb0-8afbd2fbe19c;
2026-08-14 12:55:31;PTN;Compra;20.0;9.54;190.8;;;;c6b12431-0c40-4fb2-a665-f3445a9ce2d1;20260814125531266::ec87f624-c1c3-4cc4-93aa-5483acbeeab9;
2026-08-14 12:55:34;PTN;Venta;20.0;9.5;190.0;;;;f330416e-a870-4b54-8d28-66d514ef25f8;20260814125534144::ad07576c-5f41-41ee-909e-324d0bf4cc08;
2026-08-14 12:56:15;OSIS;Compra;20.0;228.52;4570.4;;;;a0cf1bb0-2dbd-425f-b595-de2b588083e6;20260814125615809::fb72a652-da60-4124-8cb9-ab1d6e8714e7;
2026-08-14 12:56:18;OSIS;Venta;20.0;228.67;4573.4;;;;ce8dc65d-948b-460e-9bc0-a5927ccb279d;20260814125618788::90d2ec88-5121-45c5-974d-e78a7c70642b;
2026-08-14 12:59:26;ELWT;Compra;20.0;8.48;169.6;;;;19931408-9470-435a-9bec-45513a18a40a;20260814125926801::65bb7439-740b-4fa6-ac12-32f914d4ff2c;
2026-08-14 12:59:29;ELWT;Venta;20.0;8.5;170.0;;;;ce8ee292-7193-48c5-b876-fbd2dd9d9cbc;20260814125929679::56f58cf8-462d-4544-b749-f5212a108d3e;
2026-08-14 13:00:19;COOK;Compra;20.0;59.19;1183.8;;;;6ec89009-9945-4118-981c-70877a8c1ae5;20260814130019586::726c9230-ff7c-45aa-bbf0-30a1368f57d9;
2026-08-14 13:04:40;COOK;Venta;5.0;59.15;295.75;;;;56e2000f-c46b-4265-a866-f4c39d0be95e;20260814130440510::5ce47650-9283-4169-a313-abf8c28c917b;
2026-08-14 13:04:57;COOK;Venta;5.0;58.9;294.5;;;;cba05e5b-beb2-4be0-8cbf-9798bfdf64f5;20260814130457352::3fd79426-83fe-4ecf-9605-b3f805acabdd;
2026-08-14 13:05:09;COOK;Venta;10.0;58.74;587.4;;;;801a5662-4492-4bd6-8ebc-3d7e4f6205e1;20260814130509631::d0914c00-dbe1-4351-8162-7f853655f08b;
2026-08-14 13:06:16;BIO;Compra;20.0;357.6;7152.0;;;;b0cbed97-4ae0-40c5-8725-daf60e28da69;20260814130616603::bff049aa-fdec-4403-b04f-570296251d38;
2026-08-14 13:06:19;BIO;Venta;20.0;357.56;7151.2;;;;c5cb075a-2b4d-41cb-aff5-7ecf8627c470;20260814130619555::17e7bd97-f13c-42bc-bc40-a0c9af4965cb;
2026-08-14 13:06:56;AGM;Compra;20.0;231.36;4627.2;;;;340df9ab-173f-4e80-8767-6e7c838a728d;20260814130656196::c94e4e58-ed84-4deb-8d7d-0299db3b1118;
2026-08-14 13:06:59;AGM;Venta;20.0;231.26;4625.2;;;;5b2ee507-cc7f-40b8-b5fd-7f49cda8184c;20260814130659056::a82e82b4-f9b1-44ec-9974-fd687c9b8523;
2026-08-14 13:43:51;VRM;Compra;12.0;11.07;132.84;;;;32bc910f-29ec-4752-b6d7-058f8d3a245d;20260814134351279::49252b59-ee0d-40d3-80ae-e876bb09f35a;
2026-08-14 13:43:51;VRM;Compra;3.0;11.07;33.21;;;;32bc910f-29ec-4752-b6d7-058f8d3a245d;20260814134351278::940e1fd0-790d-4383-b851-9b429af7b557;ejecucion parcial
2026-08-14 13:43:51;VRM;Compra;5.0;11.07;55.35;;;;32bc910f-29ec-4752-b6d7-058f8d3a245d;20260814134351183::25a7f6b7-2a64-48cb-94f1-2cd95b069454;ejecucion parcial
2026-08-14 13:44:40;VRM;Venta;10.0;11.1232;111.23;;;;e8032c9d-f2f4-4231-ad3c-514ab17368e1;20260814134440117::09ddf27e-d84c-4ce0-b2c9-0ebf7cf4bc8c;
2026-08-14 13:44:49;VRM;Venta;10.0;11.1;111.0;;;;55b2ed90-28ba-4a13-8383-f28b674f3c95;20260814134449685::8f9fa823-a67d-4319-a1ec-c6131c18399c;
2026-08-14 13:45:29;TY;Compra;20.0;36.07;721.4;;;;9c18ab2a-9fee-4fdb-9947-b2759b172214;20260814134529478::a0d912dc-66a9-4c11-b856-8c37a66c3b5d;
2026-08-14 13:45:30;TY;Venta;2.0;36.12;72.24;;;;444ee6b4-7ca1-489c-97a5-0404aae1069a;20260814134530180::087e1a0b-0f20-46f7-8fec-773bc3f3049f;ejecucion parcial
2026-08-14 13:45:32;TY;Venta;8.0;36.0;288.0;;;;e3c9535d-e543-4791-b916-e3e33d9a7b80;20260814134532337::48445e95-adcc-4225-90c9-dcc7bd348941;
2026-08-14 13:45:32;TY;Venta;10.0;36.0;360.0;;;;e3c9535d-e543-4791-b916-e3e33d9a7b80;20260814134532337::3d55d54e-a86c-49cf-aa07-c7ea39383697;ejecucion parcial
2026-08-14 13:48:03;PEBK;Compra;20.0;44.77;895.4;;;;402a513a-9248-4a34-88a3-b5e340027ed5;20260814134803767::aacc4d2f-beeb-4894-ab5f-b17f5e7f289d;
2026-08-14 13:48:06;PEBK;Venta;20.0;44.73;894.6;;;;63d4e34a-ab11-4dc7-aabb-23bff93084df;20260814134806575::089f4a89-9c75-4c50-b2d0-e0f9fa85f7a3;
2026-08-14 13:48:28;OESX;Compra;20.0;19.29;385.8;;;;4a4caafc-c02d-4076-9132-757fee17559b;20260814134828884::05ffd8c2-0f6a-468f-ab9f-4d272986de6f;
2026-08-14 13:48:31;OESX;Venta;20.0;19.26;385.2;;;;f25465a6-cd49-4517-b7cf-58dac13465c3;20260814134831796::798f404d-5204-4046-af1f-bada56db6d5d;
2026-08-14 13:49:06;NBR;Compra;20.0;93.34;1866.8;;;;c52c602a-bb83-4511-9c89-688cd747a990;20260814134906056::f497c2a2-c6e6-4dcd-bd73-bce058e41639;
2026-08-14 13:49:08;NBR;Venta;20.0;93.3;1866.0;;;;63ef511b-7473-4d5a-ac4d-96149e9dc991;20260814134908859::c00cf5d2-7ca0-4582-a552-1d90f55303e9;
2026-08-14 13:50:11;ITIC;Compra;20.0;284.11;5682.2;;;;8bb80e0b-d8f1-46d2-9262-dc723f41a755;20260814135011297::27cd2ca6-af52-4f4a-9557-cee9a4cfc4f8;
2026-08-14 13:51:11;ITIC;Compra;5.0;283.65;1418.25;;;;c70165e4-970a-4559-90be-f6ba7a73d4cd;20260814135111945::56a26244-a1d0-4b12-be9e-e791d02a1f66;
2026-08-14 13:51:23;ITIC;Venta;5.0;284.15;1420.75;;;;35969a48-61b6-42ff-9be7-68f982ecaa02;20260814135123666::a3eb8d1e-b107-4e93-b425-53532910c7dc;
2026-08-14 13:53:09;ITIC;Venta;5.0;284.1;1420.5;;;;a92520d5-4838-44a7-995d-24b57e0cfa88;20260814135309672::128653c6-13b2-4f95-9c08-18468d209118;
2026-08-14 13:54:02;ITIC;Venta;5.0;284.05;1420.25;;;;e001e695-a6c7-4cd0-8f59-be5cbefeb1d3;20260814135402005::8b310d74-e23d-42a9-98bd-6e0ec50641b4;
2026-08-14 13:54:20;ITIC;Venta;10.0;284.1;2841.0;;;;95fe2fe5-53bb-454b-938a-199218bad00d;20260814135420024::cc08633a-e097-4d11-b12b-26278123daed;
2026-08-14 14:48:54;ITIC;Compra;5.0;284.5;1422.5;;;;7cff938f-77fc-498b-be92-ecef25e56505;20260814144854847::bf720917-0015-4cae-a592-3b71b7c04cf9;
2026-08-14 14:49:06;ITIC;Venta;5.0;284.75;1423.75;;;;a30909a9-093d-4dee-a372-b360ab08801b;20260814144906214::688077e4-abab-4a36-9be4-b729165b4470;
2026-08-14 14:53:51;VHI;Compra;19.0;16.09;305.71;;;;22b2d999-3474-4217-8a6f-18ab08729934;20260814145351345::825cd13a-5335-4630-9e16-7770440eb12e;
2026-08-14 14:53:51;VHI;Compra;1.0;16.09;16.09;;;;22b2d999-3474-4217-8a6f-18ab08729934;20260814145351341::05029154-bc9f-4578-acf3-5f8e2fe617c1;ejecucion parcial
2026-08-14 14:56:11;VHI;Venta;10.0;16.06;160.6;;;;bf3c0073-b155-4440-876d-4b3b5d58b82c;20260814145611348::c678d242-7214-4955-8d1b-179f28634b6b;
2026-08-14 14:56:14;VHI;Venta;10.0;16.1;161.0;;;;80c57a74-fc5b-4c28-ac94-ff5568b53b76;20260814145614365::4f33e75e-fc45-4053-b40a-b2bd978bf383;
2026-08-14 14:56:58;THNQ;Venta;20.0;93.64;1872.8;;;;9bca0614-bc88-42ee-9bd6-dd1c897f1863;20260814145658813::b643dfa8-016e-4b99-bfff-abfdea56cee3;
2026-08-14 14:56:58;THNQ;Compra;20.0;93.45;1869.0;;;;cff3e863-0e83-4f60-bd33-5ef1905900c3;20260814145658010::88a91509-a867-4a5a-ac1e-8dcf91b833f7;
2026-08-14 14:57:41;SAM;Compra;20.0;186.62;3732.4;;;;c4dff822-5e27-48aa-8a3c-63dedb477366;20260814145741607::c35c431c-be8a-4fe4-ab60-48a5ba3c0ec8;
2026-08-14 14:57:42;SAM;Venta;20.0;186.78;3735.6;;;;17e8892e-c964-4b3b-b2d4-aaa819317588;20260814145742271::ed7f73f1-7404-429d-b602-b4e3f8ea7dbb;
2026-08-14 14:59:52;MDRR;Compra;6.0;11.43;68.58;;;;67e4305c-d836-4a78-9836-8df2e65409f8;20260814145952634::6beb5968-8490-4e78-a99d-25845778a040;ejecucion parcial
2026-08-14 14:59:54;MDRR;Venta;6.0;11.4;68.4;;;;c176f803-3f85-47e9-8161-4f9ea336a5e8;20260814145954954::032417ad-732f-4b7e-8099-b8b7a77c3312;
2026-08-14 15:01:20;GOEX;Compra;20.0;85.54;1710.8;;;;915eec9e-1187-45ff-9a98-d5a2469705a6;20260814150120791::fbb74430-e160-4c42-9a9a-9f5f40897536;
2026-08-14 15:01:23;GJO;Compra;20.0;24.42;488.4;;;;865809d6-eb32-443a-95f4-5316725ec822;20260814150123838::da4586d6-6408-4784-b1ab-65c19585cea6;
2026-08-14 15:01:23;GOEX;Venta;20.0;85.745;1714.9;;;;3176925b-fec5-4d25-976c-733dc7759779;20260814150123158::c711f455-80cb-4777-b840-7ee9c8369eef;
2026-08-14 15:01:26;GJO;Venta;20.0;24.41;488.2;;;;c3b567a5-f8cb-4d03-8555-d7b2f4e7025b;20260814150126158::b554e5aa-5052-46f7-b023-99da468a3c19;
2026-08-14 15:03:44;BSVN;Compra;20.0;51.76;1035.2;;;;3188a6ce-8fab-49b6-9721-2285f30684a2;20260814150344551::51e17f77-73d1-40df-b4f4-eaed798095a3;
2026-08-14 15:03:45;BSVN;Venta;20.0;51.98;1039.6;;;;643f8fe3-9fbf-45fc-80e9-4cca5c0224cd;20260814150345203::0bba5d55-1ed3-48b2-8965-170c310d7d98;
2026-08-14 15:19:48;WEPN;Venta;13.0;47.1;612.3;;;;6f985704-eb3c-4079-830d-936d7c7fc95f;20260814151948918::908a1d29-be6b-496c-870d-729015dab39e;
2026-08-14 15:19:48;WEPN;Compra;13.0;46.97;610.61;;;;16dc5671-3c33-418a-b2ee-ac2019fd60fa;20260814151948117::d41b7f05-65d8-447f-99c7-8ee5c5331d29;ejecucion parcial
2026-08-14 15:21:23;SAM;Venta;20.0;186.42;3728.4;;;;17055972-1f8d-45ac-9090-d4a79848651e;20260814152123933::3c92cb97-fc75-471b-a04b-378e8681d088;
2026-08-14 15:21:23;SAM;Compra;20.0;186.24;3724.8;;;;a9a88d6b-475a-4917-b917-3d9ac9f97b9a;20260814152123262::665c5fa5-d27f-48c1-a336-c26bd724ad1a;
2026-08-14 15:23:32;MNPR;Compra;20.0;109.73;2194.6;;;;b3b3355e-fda4-42a3-b73c-19fcd13b6126;20260814152332717::285a944e-dc93-41d7-ac46-d4a87d720cf6;
2026-08-14 15:23:54;MNPR;Venta;10.0;109.8;1098.0;;;;380c5b32-0042-4f79-83a6-ebc2aa3be415;20260814152354809::864c9f4b-41dc-4f47-b910-a9d403bcd991;
2026-08-14 15:23:57;MNPR;Venta;10.0;109.6172;1096.17;;;;71d09a43-27af-43e2-a970-32d30791cc9a;20260814152357336::0707a705-5121-456a-93a4-de1d4cab91d7;
2026-08-14 15:29:02;AGL;Compra;20.0;96.85;1937.0;;;;1a656754-5b64-44b9-adab-0043ec2a9aad;20260814152902442::c1121cba-e3b9-4b76-95ed-22f814bb2a92;
2026-08-14 15:29:03;AGL;Venta;20.0;96.98;1939.6;;;;7147ab25-5a2c-4d3e-8a06-e4164a7309d3;20260814152903108::95810540-273c-4f70-97fc-2a9773b9cd15;
2026-08-14 15:40:42;WEYS;Compra;20.0;45.15;903.0;;;;4d38777c-c39b-431c-9d04-a8673ce8c6a4;20260814154042821::17d21f28-7f97-42d9-ad83-7bc2ba651592;
2026-08-14 15:40:45;WEYS;Venta;20.0;45.2;904.0;;;;5214e9b0-326c-480a-98c3-643458484d3f;20260814154045083::47f1db09-ebd5-4184-91b2-53ea9d2d9700;
2026-08-14 15:43:25;OBX;Compra;20.0;18.55;371.0;;;;8c1bf916-d506-4b47-982c-2fd5334cd919;20260814154325747::b8628ca7-6c3d-4217-a0bc-3805eeebda1f;
2026-08-14 15:43:26;OBX;Venta;10.0;18.7;187.0;;;;41cc96cb-5c35-48d2-8b09-2d9d71e378db;20260814154326448::8526948d-9171-4fa0-a582-78d03a037b09;ejecucion parcial
2026-08-14 15:43:28;OBX;Venta;10.0;18.664;186.64;;;;2f45e0a1-4d6a-4929-a800-3ba969a67423;20260814154328141::44ef4d28-262e-42d6-b9a5-5a8c67ba76fa;
2026-08-14 15:44:56;IRMD;Compra;20.0;86.04;1720.8;;;;d19b99ca-925b-4cee-97ac-63adeb811498;20260814154456743::f1505666-b4e2-48fc-95a3-cba709453f08;
2026-08-14 15:44:59;IRMD;Venta;20.0;86.04;1720.8;;;;a807afdd-7d92-448b-85db-19acd68e6fac;20260814154459258::0bb47acb-9709-4516-a0b9-765d8a12258a;
2026-08-14 15:47:31;CMTV;Compra;12.0;41.45;497.4;;;;800be20b-9fcf-4fa7-abf6-82f4f39929f1;20260814154731163::b833ad09-208a-4d92-87ec-f2b51dcf60c6;ejecucion parcial
2026-08-14 15:47:33;CMTV;Venta;12.0;41.44;497.28;;;;66d52e41-3192-4f06-8ad7-579c2b96008e;20260814154733471::2a606255-a0fa-4763-a439-cc62f5f4d78c;
2026-08-14 15:54:12;URAN;Compra;8.0;38.98;311.84;;;;fbc7f3e4-ebf9-4911-b580-e50df6eddc59;20260814155412534::0df35cda-f296-4eb8-8bff-4a7cb3551b79;ejecucion parcial
2026-08-14 15:54:14;URAN;Venta;2.0;38.9833;77.97;;;;d4af461b-0cb2-4f48-8554-d3eb6006d857;20260814155414806::d870c95c-c902-4195-bcc7-287584992673;
2026-08-14 15:54:14;URAN;Venta;6.0;38.95;233.7;;;;d4af461b-0cb2-4f48-8554-d3eb6006d857;20260814155414806::5a1ef6cb-f9b6-4a51-b40b-6f0324c6f0ad;ejecucion parcial
2026-08-14 15:54:27;TMP;Compra;20.0;101.18;2023.6;;;;395b6b95-df50-4477-8584-c3b5266f03e9;20260814155427522::89ab26bc-2523-4b51-a286-1b8deece6c37;
2026-08-14 15:54:40;TMP;Venta;10.0;101.0921;1010.92;;;;c08216a4-f35b-40bc-9091-460398805b77;20260814155440057::20e2287f-6f72-497b-be05-bff7e2198548;
2026-08-14 15:54:44;TMP;Venta;5.0;101.2;506.0;;;;c9858e8c-4e38-43d6-9aae-9c85ec513629;20260814155444912::1b579da3-fe59-48b6-9353-9bc4a9da566b;
2026-08-14 15:54:44;TMP;Venta;5.0;101.2;506.0;;;;c9858e8c-4e38-43d6-9aae-9c85ec513629;20260814155444911::9b84c3ab-f61a-49e2-b9ae-2b60e2b7892f;ejecucion parcial
2026-08-14 15:54:51;THNQ;Venta;20.0;93.91;1878.2;;;;3a345c74-3f0a-450e-9c50-79713e95ec1d;20260814155451940::d41f7219-1962-42c0-97ee-fd60acb3a8cf;
2026-08-14 15:54:51;THNQ;Compra;20.0;93.76;1875.2;;;;ef7f43b5-2ce6-4d37-8795-c994859333ea;20260814155451232::5068ac01-95be-4dd5-9d1c-44824b22bf0e;
2026-08-14 15:57:41;IPAR;Compra;20.0;114.63;2292.6;;;;1830cff6-c9c9-4ae8-9c4f-1952f80ddafb;20260814155741213::4a37c35c-a492-4f0e-8d48-c7e009e9efc8;
2026-08-14 15:58:01;IPAR;Venta;10.0;114.55;1145.5;;;;9f160680-940c-4f65-9a7d-f1af14f2f903;20260814155801234::e32060b4-d8b1-4f83-91fe-32a8917eeff4;
2026-08-14 15:58:13;IPAR;Venta;10.0;114.6;1146.0;;;;d4e1b12a-be70-4907-a6a8-17c56e6dac8b;20260814155813051::432098bf-4940-4db9-b586-0e3a591ff34a;
2026-08-17 09:39:27;XPEL;Compra;20.0;50.07;1001.4;;;;37d9e839-67a9-4745-bb70-0d61174bfbf5;20260817093927285::ff98db6a-be3b-4917-be91-5029ed3d8532;
2026-08-17 09:39:41;XPEL;Compra;10.0;49.85;498.5;;;;24f1a397-a528-408c-a307-0ba673163c2c;20260817093941346::c5bcfc40-ec26-4dcb-968b-1baedb525fd5;
2026-08-17 09:39:45;XPEL;Compra;10.0;49.85;498.5;;;;5a68e3bd-1182-481a-b96e-df9db20c0ebc;20260817093945427::9afb15cd-a49f-4f10-8c46-33e68dcc266f;
2026-08-17 09:39:56;XPEL;Compra;10.0;49.85;498.5;;;;99c844d9-d5b6-4c27-b6e6-32646692ff13;20260817093956131::7e318996-86d7-4e5e-8e43-2bf7639fd73c;
2026-08-17 09:40:10;XPEL;Venta;50.0;49.85;2492.5;;;;f453b13e-1b5d-4197-9100-90358bdd6a19;20260817094010525::c330167f-961c-45b4-850c-5408e24599e4;
2026-08-17 09:42:52;TBBK;Compra;20.0;69.72;1394.4;;;;8f47e8b7-f980-4b6a-9898-cfce6500aaf7;20260817094252744::c503e056-06c2-4d6f-94d3-cbf881ed7ac3;
2026-08-17 09:42:53;TBBK;Venta;20.0;69.91;1398.2;;;;6fb17337-4afa-46b8-99f4-d73e21f97de2;20260817094253374::2702711c-322d-4ecc-8332-bc4f72de4163;
2026-08-17 09:53:21;CBIO;Compra;20.0;17.28;345.6;;;;c4197413-d9aa-45bb-971d-82487cddd860;20260817095321768::f44944da-3e91-4310-9c6e-d61d35cfaecb;
2026-08-17 09:53:24;CBIO;Venta;20.0;17.474;349.48;;;;5417388e-c9c1-4a0e-b5c3-be86d16ea064;20260817095324575::6c563d96-6444-4828-835f-3c6a24ad9ef2;
2026-08-17 09:55:08;AIN;Compra;20.0;64.01;1280.2;;;;88f362fc-3fcb-4422-95e0-3f6cab326a3d;20260817095508569::a4966db5-c796-4272-9ce6-c708a71419fe;
2026-08-17 09:55:09;AIN;Venta;20.0;64.31;1286.2;;;;1075768d-f626-4908-844f-ff190d684d31;20260817095509235::4949bded-f9f9-4fe4-bbf2-aa82244f0e9d;
2026-08-17 10:13:29;LBRX;Compra;20.0;47.11;942.2;;;;b1f4dff7-b58e-40b8-a0cd-6af2ef3ecd95;20260817101329713::26fad637-dd2e-408c-b6bc-5f2bd6ea8c7c;
2026-08-17 10:13:30;LBRX;Venta;20.0;47.39;947.8;;;;7395efc3-7e94-469b-b817-954fa7dd504b;20260817101330377::7e6089db-0f3e-434f-9106-86580a4c5baf;
2026-08-17 10:14:38;GSHD;Compra;20.0;64.93;1298.6;;;;578a9856-23c3-47f6-be94-f5a9fbecf3bf;20260817101438641::914f674c-8635-44bc-bec9-7645eed30b4b;
2026-08-17 10:14:41;GSHD;Venta;20.0;64.9547;1299.09;;;;c41dee1e-4f99-4450-b5e2-6b8c1655a377;20260817101441431::06a51f38-5e6d-4822-be61-7a31b1baf6cc;
2026-08-17 10:36:04;WENNU;Compra;20.0;10.5;210.0;;;;f3b24efb-d143-4af2-b87b-4c28d5e3fc50;20260817103604804::5707548a-847e-4173-ba4e-5866e03c8ae0;
2026-08-17 10:36:07;WENNU;Venta;20.0;10.48;209.6;;;;cd67ebd6-ca85-4e36-a872-88282586217b;20260817103607900::36bf5e3f-ba93-4f11-9b1d-bc5ea0651b84;
2026-08-17 10:39:52;MHO;Compra;20.0;151.05;3021.0;;;;8c17cfdf-a25d-422c-aa1a-72e7cb34600f;20260817103952707::0c1549d3-ee2c-48da-9774-9d8e15de2fae;
2026-08-17 10:39:55;MHO;Venta;1.0;151.0448;151.04;;;;fbe682ff-0940-4ef3-aff5-cf04eac990db;20260817103955592::e1ced039-b895-49d7-a749-958d3709e7a3;
2026-08-17 10:39:55;MHO;Venta;19.0;151.0;2869.0;;;;fbe682ff-0940-4ef3-aff5-cf04eac990db;20260817103955592::33f6153b-48e8-407e-b5d8-a7fa2ebbc6b1;ejecucion parcial
2026-08-17 10:40:55;HWKN;Compra;20.0;131.75;2635.0;;;;b1d51d07-c50b-4730-920f-b2e2afd8c49c;20260817104055033::830a58d0-1cc4-4423-bc09-82ecefd08e80;
2026-08-17 10:40:57;HWKN;Venta;2.0;131.7332;263.47;;;;b550889e-9148-40cc-a8ea-68575134d571;20260817104057914::9340082d-1f57-4613-a1f0-366ed50c2ab2;
2026-08-17 10:40:57;HWKN;Venta;18.0;131.68;2370.24;;;;b550889e-9148-40cc-a8ea-68575134d571;20260817104057914::86d3d270-1b5b-4582-9bb1-9a4aca64c872;ejecucion parcial
2026-08-17 10:42:42;DAAQU;Compra;20.0;10.36;207.2;;;;278cbec4-5440-49e0-8762-2a300250840b;20260817104242031::0c6aa69d-d589-4c38-9f21-413192bb1b16;
2026-08-17 10:42:45;DAAQU;Venta;20.0;10.31;206.2;;;;e24e1cb9-c876-457f-9194-bd716eeda89c;20260817104245229::27fd5e67-d8dd-4f10-9266-6f248b078465;
2026-08-17 10:44:03;BCARU;Compra;16.0;6.04;96.64;;;;d1080303-9e89-401f-8589-957f83421de1;20260817104403566::bcb7d2be-a98d-41aa-b758-524677d2cc4c;ejecucion parcial
2026-08-17 10:44:06;BCARU;Venta;16.0;6.04;96.64;;;;b37dc3ca-4171-43ed-b14b-6ac111250a96;20260817104406618::6de1b537-3f2c-4c39-b471-171449bddc9a;
2026-08-17 11:19:00;LEXX;Compra;1.0;9.4;9.4;;;;930c3893-a56c-431e-8943-678d5991a0da;20260817111900011::e1bb07b1-f3fa-417e-8522-2540eccf0250;ejecucion parcial
2026-08-17 11:19:00;LEXX;Compra;1.0;9.4;9.4;;;;930c3893-a56c-431e-8943-678d5991a0da;20260817111900011::305d7ac9-0b63-4d8b-8f67-1c5cd61fcc0d;ejecucion parcial
2026-08-17 11:19:00;LEXX;Compra;1.0;9.4;9.4;;;;930c3893-a56c-431e-8943-678d5991a0da;20260817111900011::1239931d-9b4b-4f34-a0ed-e407347dca88;ejecucion parcial
2026-08-17 11:19:03;LEXX;Venta;3.0;9.4;28.2;;;;ad4fb082-1f9f-4997-9d35-344d98b432eb;20260817111903064::db9f372a-9fb7-4abb-aba1-24ab6484f394;
2026-08-17 11:21:28;CPAY;Compra;20.0;411.46;8229.2;;;;1d6698af-862e-4156-b5d0-c6ec595a0fb2;20260817112128605::f4323a7d-bc78-45be-83d9-de999e655b74;
2026-08-17 11:21:29;CPAY;Venta;20.0;411.68;8233.6;;;;c391ad77-db61-4b59-a971-8dc5be5d5e1e;20260817112129270::f258dbdb-6800-46cb-bc30-c8359c957c99;
2026-08-17 11:22:50;APLM;Compra;20.0;23.86;477.2;;;;551385dd-0186-46e8-b655-505df88209e0;20260817112250797::efe15e60-793a-46f9-8dd2-f2ff1330e915;
2026-08-17 11:23:33;APLM;Venta;5.0;23.78;118.9;;;;2033f6d4-f480-4f83-a52a-263c46fdcdc5;20260817112333011::07c09af2-bbfb-418c-8f78-dd7d1e7d591b;
2026-08-17 11:23:34;APLM;Venta;5.0;23.8;119.0;;;;c5dbd235-2096-497d-b93c-9e3a8d065b29;20260817112334748::819006dc-8094-483f-9c8d-be1f683d14b6;
2026-08-17 11:23:39;APLM;Venta;5.0;23.8;119.0;;;;99ce1e4e-47ec-46ad-8aee-313fdcf99a90;20260817112339109::9968fd9c-60a5-4364-867d-f258234fa313;
2026-08-17 11:23:40;APLM;Venta;5.0;23.8;119.0;;;;aa93de47-5d36-481f-9acc-5483738ce61b;20260817112340160::23b93553-0754-45bd-9e29-ed1e92f12d36;
